review_id,product_id,rating,review_text,date
rev_neu_31,PROD_PHONE_378,3,"It is a decent product, but has some limitations.",2026-06-28
rev_pos_1118,PROD_PHONE_157,4,I can't believe how good this is for the price.,2026-06-08
rev_neg_1206,PROD_CLOTH_264,1,The worst packaging I have ever seen. Damaged box.,2026-06-12
rev_pos_802,PROD_BEAUTY_184,4,"No lag, games run super smooth on it.",2026-06-04
rev_pos_474,PROD_BEAUTY_112,5,Very robust and stands up to daily wear and tear.,2026-06-08
rev_neu_535,PROD_CLOTH_389,3,"Not bad, but it lacks some advanced features.",2026-06-28
rev_pos_1036,PROD_CLOTH_169,5,Fast connection and never disconnects.,2026-06-06
rev_neu_523,PROD_PHONE_396,3,"Average battery life, average display.",2026-06-27
rev_neg_121,PROD_BEAUTY_227,2,Late delivery and the package arrived damaged.,2026-06-13
rev_neg_299,PROD_BEAUTY_254,1,This is a scam. It does not work at all.,2026-06-16
rev_neg_1218,PROD_LAPTOP_200,2,The camera quality is awful and blurry.,2026-06-11
rev_neu_985,PROD_BEAUTY_307,3,"Just an average device, nothing to write home about.",2026-06-27
rev_neg_433,PROD_BEAUTY_291,1,Very slow shipping and the item is defect.,2026-06-13
rev_neu_959,PROD_CLOTH_350,3,Average quality for the price. Not bad but not great.,2026-06-27
rev_pos_1563,PROD_LAPTOP_191,5,Perfect fit and very comfortable to wear.,2026-06-01
rev_pos_666,PROD_LAPTOP_173,4,"No delay in shipping, super happy with the delivery.",2026-06-07
rev_neg_76,PROD_PHONE_219,1,"Extremely bad design, hard to hold and uncomfortable.",2026-06-19
rev_neg_693,PROD_PHONE_272,2,The device keeps flickering and lags constantly. Terrible!,2026-06-16
rev_neu_971,PROD_LAPTOP_388,3,"It is a decent product, but has some limitations.",2026-06-27
rev_neg_797,PROD_LAPTOP_233,2,"Cannot recommend this product, it lacks standard features.",2026-06-17
rev_pos_1025,PROD_PHONE_150,5,The customer support staff was very helpful and responsive.,2026-06-04
rev_neg_1111,PROD_CLOTH_274,1,Terrible product! A complete waste of money.,2026-06-18
rev_pos_19,PROD_BEAUTY_174,5,It is an awesome product. I will buy it again.,2026-06-07
rev_pos_1402,PROD_PHONE_111,5,"No quality issues, everything is in perfect condition.",2026-06-03
rev_neg_440,PROD_PHONE_264,1,"Fake item, a complete scam. Do not buy!",2026-06-16
rev_neg_1955,PROD_LAPTOP_253,1,The device keeps flickering and lags constantly. Terrible!,2026-06-10
rev_pos_954,PROD_LAPTOP_195,5,"No defects, clean packaging, and works like a dream.",2026-06-04
rev_neu_181,PROD_CLOTH_323,3,"Average battery life, average display.",2026-06-23
rev_neg_11,PROD_CLOTH_220,1,Never again. This is absolute trash.,2026-06-12
rev_pos_34,PROD_PHONE_131,5,Fast connection and never disconnects.,2026-06-04
rev_neu_419,PROD_PHONE_370,3,"It works, but nothing outstanding.",2026-06-25
rev_neu_977,PROD_PHONE_306,3,"It's decent, fits the description but nothing exciting.",2026-06-21
rev_neg_1132,PROD_CLOTH_239,1,"Extremely bad design, hard to hold and uncomfortable.",2026-06-13
rev_neg_207,PROD_BEAUTY_224,2,The device keeps flickering and lags constantly. Terrible!,2026-06-14
rev_pos_1031,PROD_CLOTH_192,5,"Incredibly fast shipping, arrived much earlier than expected.",2026-06-03
rev_neg_1355,PROD_BEAUTY_267,1,"The sizing is completely wrong, way too small.",2026-06-10
rev_pos_220,PROD_CLOTH_186,5,"Not bad at all, in fact it is an awsm product.",2026-06-05
rev_pos_230,PROD_CLOTH_107,5,"This phone is gr8, battery life is awesome.",2026-06-07
rev_pos_663,PROD_PHONE_199,4,Highly functional and has zero flaws.,2026-06-05
rev_neg_166,PROD_PHONE_240,1,It stopped working after just a few days of light usage.,2026-06-10
rev_pos_1457,PROD_LAPTOP_184,5,"No quality issues, everything is in perfect condition.",2026-06-08
rev_neg_209,PROD_BEAUTY_213,2,Doesn't charge at all. Broken charging port.,2026-06-10
rev_pos_761,PROD_CLOTH_126,5,Great product! The quality is absolutely amazing.,2026-06-03
rev_neg_533,PROD_LAPTOP_297,1,"Not worth the money, quality is very poor.",2026-06-18
rev_pos_39,PROD_BEAUTY_131,4,The screen display is incredibly clear and beautiful.,2026-06-08
rev_neu_542,PROD_LAPTOP_311,3,"It works as expected, nothing more, nothing less.",2026-06-25
rev_pos_1425,PROD_PHONE_108,4,"Incredibly fast shipping, arrived much earlier than expected.",2026-06-08
rev_neg_781,PROD_BEAUTY_285,1,The screen cracked easily without any drop. Fragile.,2026-06-14
rev_neu_780,PROD_BEAUTY_319,3,"Just an average device, nothing to write home about.",2026-06-22
rev_neu_936,PROD_PHONE_300,3,"The shipping was ok, product is decent enough.",2026-06-22
rev_pos_932,PROD_LAPTOP_160,4,Great product! The quality is absolutely amazing.,2026-06-07
rev_neg_1077,PROD_CLOTH_257,1,Do not recommend this seller. Poor customer support.,2026-06-11
rev_pos_447,PROD_BEAUTY_157,5,Beautiful design and great build quality.,2026-06-07
rev_neg_539,PROD_LAPTOP_225,1,"Extremely noisy, sounds like it's going to explode.",2026-06-12
rev_neg_1708,PROD_PHONE_266,1,Doesn't charge at all. Broken charging port.,2026-06-11
rev_pos_767,PROD_CLOTH_116,5,"Love the packaging, it was wrapped very nicely.",2026-06-02
rev_neg_686,PROD_CLOTH_273,1,It has a terrible chemical smell. Returning immediately.,2026-06-18
rev_neg_1978,PROD_LAPTOP_281,1,Terrible product! A complete waste of money.,2026-06-15
rev_pos_27,PROD_LAPTOP_147,4,Very robust and stands up to daily wear and tear.,2026-06-03
rev_neg_1986,PROD_PHONE_281,1,"No manual included, and setup is impossible.",2026-06-18
rev_pos_1522,PROD_PHONE_167,4,"No delay in shipping, super happy with the delivery.",2026-06-03
rev_neg_1290,PROD_PHONE_261,2,"No connectivity, bluetooth keeps dropping.",2026-06-19
rev_neg_1185,PROD_PHONE_250,1,"No customer support at all, they ignored my emails.",2026-06-12
rev_neu_56,PROD_PHONE_368,3,"The battery is okay, screen is average.",2026-06-27
rev_pos_586,PROD_CLOTH_110,5,No problems at all. Solid hardware and easy to setup.,2026-06-06
rev_pos_1488,PROD_PHONE_120,4,Highly functional and has zero flaws.,2026-06-04
rev_pos_864,PROD_PHONE_189,4,"No lag, games run super smooth on it.",2026-06-02
rev_pos_387,PROD_BEAUTY_164,4,The user interface is so smooth and intuitive. Love it.,2026-06-08
rev_neg_1187,PROD_CLOTH_259,2,"Extremely bad design, hard to hold and uncomfortable.",2026-06-13
rev_pos_484,PROD_PHONE_127,4,Absolutely love this device. Best purchase of the year!,2026-06-09
rev_pos_1422,PROD_BEAUTY_165,5,Very bright display and the colors are vibrant.,2026-06-05
rev_neg_869,PROD_CLOTH_252,1,"Not worth the money, quality is very poor.",2026-06-10
rev_neu_372,PROD_PHONE_331,3,"Okay for the price, but don't expect miracles.",2026-06-26
rev_pos_820,PROD_PHONE_181,5,"This phone is gr8, battery life is awesome.",2026-06-02
rev_neu_836,PROD_LAPTOP_342,3,It's fine. It does the job.,2026-06-24
rev_neg_1619,PROD_BEAUTY_288,1,The screen cracked easily without any drop. Fragile.,2026-06-13
rev_pos_1018,PROD_PHONE_198,4,Not a single issue so far. Very reliable.,2026-06-04
rev_neg_282,PROD_LAPTOP_273,2,Very disappointed. It looks nothing like the pictures.,2026-06-18
rev_neu_253,PROD_CLOTH_354,3,"It's decent, fits the description but nothing exciting.",2026-06-26
rev_neg_507,PROD_LAPTOP_288,2,Late delivery and the package arrived damaged.,2026-06-18
rev_neg_1359,PROD_LAPTOP_280,2,Doesn't work. The software crashes every time I open it.,2026-06-16
rev_neg_1889,PROD_LAPTOP_269,1,"Extremely noisy, sounds like it's going to explode.",2026-06-16
rev_neu_592,PROD_PHONE_307,3,"It is okay. Not the best, but not the worst.",2026-06-27
rev_neg_1414,PROD_CLOTH_281,2,"Extremely bad design, hard to hold and uncomfortable.",2026-06-15
rev_neg_162,PROD_CLOTH_277,2,Not durable. It tore apart after the first wash.,2026-06-18
rev_neg_512,PROD_LAPTOP_201,1,Not durable. It tore apart after the first wash.,2026-06-13
rev_pos_1678,PROD_CLOTH_100,5,"Wow, this is an absolute game changer!",2026-06-07
rev_neg_1839,PROD_PHONE_257,2,"No response from support, and return policy is a lie.",2026-06-17
rev_neg_1487,PROD_PHONE_266,2,"The sizing is completely wrong, way too small.",2026-06-14
rev_neu_4,PROD_CLOTH_370,3,"Okay packaging, shipping was standard.",2026-06-28
rev_neg_620,PROD_BEAUTY_254,2,"Extremely slow performance, laggy and unusable.",2026-06-11
rev_neg_273,PROD_PHONE_259,2,Not recommended. The product has major design flaws.,2026-06-16
rev_pos_113,PROD_BEAUTY_116,4,"No complaints here, works exactly as described.",2026-06-09
rev_pos_1243,PROD_BEAUTY_160,5,"Love the packaging, it was wrapped very nicely.",2026-06-05
rev_neu_492,PROD_PHONE_368,3,"Just an average device, nothing to write home about.",2026-06-28
rev_neg_537,PROD_PHONE_211,2,This is a scam. It does not work at all.,2026-06-14
rev_neu_33,PROD_LAPTOP_376,3,Average quality for the price. Not bad but not great.,2026-06-21
rev_pos_1725,PROD_CLOTH_167,5,"No quality issues, everything is in perfect condition.",2026-06-08
rev_neg_1755,PROD_CLOTH_221,2,The customer service was extremely rude and unhelpful.,2026-06-19
rev_neu_432,PROD_LAPTOP_334,3,It is fine. Just an average smartphone.,2026-06-24
rev_neg_1049,PROD_PHONE_293,2,"Terrible sound, very tinny and muffled.",2026-06-12
rev_neu_481,PROD_CLOTH_352,3,"It works as expected, nothing more, nothing less.",2026-06-25
rev_neg_1452,PROD_PHONE_275,1,The setup was extremely hard and frustrating.,2026-06-11
rev_neg_1192,PROD_CLOTH_267,2,"No manual included, and setup is impossible.",2026-06-16
rev_neg_932,PROD_CLOTH_277,1,Never again. This is absolute trash.,2026-06-17
rev_neu_870,PROD_BEAUTY_374,3,"The battery is okay, screen is average.",2026-06-20
rev_pos_991,PROD_PHONE_183,4,"No lag, games run super smooth on it.",2026-06-07
rev_neu_940,PROD_CLOTH_301,3,"Nothing special, just a standard item.",2026-06-25
rev_pos_787,PROD_PHONE_192,4,Excellent value for money. Very durable material.,2026-06-02
rev_neg_43,PROD_CLOTH_258,1,"Extremely slow performance, laggy and unusable.",2026-06-12
rev_pos_325,PROD_BEAUTY_160,4,Very robust and stands up to daily wear and tear.,2026-06-01
rev_pos_1448,PROD_CLOTH_121,5,The sound quality is fantastic and clear.,2026-06-05
rev_neg_193,PROD_PHONE_209,1,"Extremely bad design, hard to hold and uncomfortable.",2026-06-17
rev_neu_913,PROD_CLOTH_388,3,"It is okay. Not the best, but not the worst.",2026-06-23
rev_neg_1076,PROD_PHONE_226,2,Very disappointed with the hardware quality. It broke on day one.,2026-06-12
rev_neu_876,PROD_BEAUTY_359,3,"Not bad, but it lacks some advanced features.",2026-06-20
rev_neg_122,PROD_PHONE_225,2,"Extremely noisy, sounds like it's going to explode.",2026-06-17
rev_pos_634,PROD_CLOTH_111,4,Very satisfied with my purchase. It works perfectly.,2026-06-01
rev_neg_1145,PROD_PHONE_217,2,Very disappointed. It looks nothing like the pictures.,2026-06-12
rev_neu_560,PROD_PHONE_333,3,"The package arrived on time, quality is decent.",2026-06-24
rev_neg_865,PROD_PHONE_230,2,Poor packaging and the item was broken inside.,2026-06-15
rev_pos_1748,PROD_BEAUTY_154,4,The sound quality is fantastic and clear.,2026-06-07
rev_neg_1559,PROD_PHONE_277,2,Late delivery and the package arrived damaged.,2026-06-13
rev_pos_1068,PROD_LAPTOP_195,4,Beautiful design and great build quality.,2026-06-01
rev_pos_913,PROD_LAPTOP_148,4,The software is incredibly fast and responsive.,2026-06-07
rev_neg_1772,PROD_PHONE_255,1,Completely useless. Do not waste your hard-earned money.,2026-06-12
rev_neu_954,PROD_CLOTH_355,3,"Okay for the price, but don't expect miracles.",2026-06-24
rev_neg_1213,PROD_LAPTOP_248,1,Late delivery and the package arrived damaged.,2026-06-15
rev_neg_158,PROD_BEAUTY_276,2,The camera quality is awful and blurry.,2026-06-14
rev_pos_97,PROD_LAPTOP_118,5,Perfect fit and very comfortable to wear.,2026-06-01
rev_pos_1503,PROD_BEAUTY_117,4,No problems at all. Solid hardware and easy to setup.,2026-06-06
rev_pos_649,PROD_PHONE_101,4,"This phone is gr8, battery life is awesome.",2026-06-01
rev_neg_1786,PROD_CLOTH_276,1,Do not recommend this seller. Poor customer support.,2026-06-18
rev_neg_662,PROD_BEAUTY_243,1,"Not worth the money, quality is very poor.",2026-06-18
rev_pos_749,PROD_CLOTH_192,4,"Highly recommend this shop, wonderful customer service.",2026-06-04
rev_neg_541,PROD_PHONE_292,2,The setup was extremely hard and frustrating.,2026-06-13
rev_pos_1600,PROD_PHONE_165,4,The user interface is so smooth and intuitive. Love it.,2026-06-09
rev_neg_294,PROD_PHONE_274,1,The camera quality is awful and blurry.,2026-06-10
rev_pos_715,PROD_PHONE_189,5,"No delay in shipping, super happy with the delivery.",2026-06-09
rev_neg_1896,PROD_BEAUTY_201,1,"Terrible sound, very tinny and muffled.",2026-06-14
rev_neu_295,PROD_BEAUTY_313,3,"Just an average device, nothing to write home about.",2026-06-22
rev_neg_91,PROD_PHONE_210,2,Completely useless. Do not waste your hard-earned money.,2026-06-12
rev_pos_350,PROD_PHONE_133,5,Perfect fit and very comfortable to wear.,2026-06-05
rev_neg_1453,PROD_PHONE_270,2,The worst packaging I have ever seen. Damaged box.,2026-06-12
rev_pos_300,PROD_LAPTOP_143,4,"Not cheap, but totally worth every single penny.",2026-06-08
rev_pos_1215,PROD_PHONE_109,4,"Very easy to use, setup was a breeze. Perfect!",2026-06-01
rev_pos_1777,PROD_CLOTH_185,4,"Not bad at all, in fact it is an awsm product.",2026-06-08
rev_neu_32,PROD_LAPTOP_398,3,"The shipping was ok, product is decent enough.",2026-06-21
rev_pos_1803,PROD_PHONE_117,4,It is an awesome product. I will buy it again.,2026-06-06
rev_neg_623,PROD_BEAUTY_226,1,Very expensive for such cheap material. Disappointed.,2026-06-14
rev_neg_1395,PROD_PHONE_265,1,This is a scam. It does not work at all.,2026-06-19
rev_pos_957,PROD_LAPTOP_199,5,"No lag, games run super smooth on it.",2026-06-02
rev_neg_1611,PROD_PHONE_205,1,This is a scam. It does not work at all.,2026-06-12
rev_neu_339,PROD_BEAUTY_322,3,"Delivery was a bit slow, but the item arrived safe.",2026-06-28
rev_neu_829,PROD_CLOTH_396,3,"Neither great nor terrible, just in the middle.",2026-06-27
rev_neg_382,PROD_BEAUTY_203,1,This is a scam. It does not work at all.,2026-06-12
rev_pos_1271,PROD_PHONE_149,4,"Works like a charm, would buy again without hesitation.",2026-06-04
rev_neg_898,PROD_BEAUTY_268,1,"Very cheap plastic, feels like a toy.",2026-06-15
rev_pos_604,PROD_BEAUTY_146,5,"Very easy to use, setup was a breeze. Perfect!",2026-06-09
rev_pos_1836,PROD_BEAUTY_175,5,"Never disappointed with this brand, always top tier.",2026-06-05
rev_pos_1826,PROD_BEAUTY_162,5,"No complaints here, works exactly as described.",2026-06-05
rev_neg_339,PROD_CLOTH_203,1,"Not worth the money, quality is very poor.",2026-06-19
rev_pos_389,PROD_CLOTH_171,5,"No complaints here, works exactly as described.",2026-06-06
rev_neg_24,PROD_LAPTOP_245,2,The camera quality is awful and blurry.,2026-06-14
rev_neu_653,PROD_BEAUTY_373,3,It is fine. Just an average smartphone.,2026-06-28
rev_neu_76,PROD_CLOTH_365,3,"It's decent, fits the description but nothing exciting.",2026-06-21
rev_pos_1516,PROD_LAPTOP_106,4,Very satisfied with my purchase. It works perfectly.,2026-06-04
rev_pos_1517,PROD_BEAUTY_133,4,"No quality issues, everything is in perfect condition.",2026-06-03
rev_neg_675,PROD_CLOTH_247,2,The setup was extremely hard and frustrating.,2026-06-10
rev_neg_521,PROD_BEAUTY_244,1,Very expensive for such cheap material. Disappointed.,2026-06-14
rev_neu_555,PROD_CLOTH_352,3,"Nothing special, just a standard item.",2026-06-24
rev_neg_160,PROD_CLOTH_280,2,"Terrible sound, very tinny and muffled.",2026-06-11
rev_pos_511,PROD_BEAUTY_171,5,"No quality issues, everything is in perfect condition.",2026-06-09
rev_pos_806,PROD_LAPTOP_142,5,Perfect fit and very comfortable to wear.,2026-06-05
rev_pos_85,PROD_CLOTH_155,4,"Wow, this is an absolute game changer!",2026-06-02
rev_pos_984,PROD_CLOTH_140,4,The sound quality is fantastic and clear.,2026-06-05
rev_pos_1869,PROD_CLOTH_148,4,"Love the packaging, it was wrapped very nicely.",2026-06-07
rev_neg_1123,PROD_BEAUTY_298,2,Doesn't charge at all. Broken charging port.,2026-06-11
rev_pos_1116,PROD_LAPTOP_154,5,Highly functional and has zero flaws.,2026-06-07
rev_neg_1262,PROD_PHONE_221,1,It stopped working after just a few days of light usage.,2026-06-14
rev_pos_61,PROD_CLOTH_120,5,It is an awesome product. I will buy it again.,2026-06-08
rev_neu_81,PROD_BEAUTY_335,3,"The product is okay, does the job but nothing special.",2026-06-22
rev_neg_1215,PROD_CLOTH_250,2,"Fake item, a complete scam. Do not buy!",2026-06-13
rev_neu_245,PROD_PHONE_304,3,"No quality issues, but design is quite boring.",2026-06-28
rev_pos_1576,PROD_PHONE_143,4,"No quality issues, everything is in perfect condition.",2026-06-07
rev_pos_322,PROD_PHONE_178,5,The user interface is so smooth and intuitive. Love it.,2026-06-06
rev_neu_228,PROD_LAPTOP_394,3,Average quality for the price. Not bad but not great.,2026-06-25
rev_pos_334,PROD_PHONE_183,5,The user interface is so smooth and intuitive. Love it.,2026-06-06
rev_neu_456,PROD_CLOTH_391,3,"It is okay. Not the best, but not the worst.",2026-06-25
rev_neg_1126,PROD_BEAUTY_283,2,Not recommended. The product has major design flaws.,2026-06-15
rev_neu_454,PROD_LAPTOP_354,3,"Standard product, does exactly what is advertised.",2026-06-24
rev_neg_1422,PROD_LAPTOP_208,1,Doesn't charge at all. Broken charging port.,2026-06-10
rev_pos_965,PROD_BEAUTY_174,4,Great product! The quality is absolutely amazing.,2026-06-02
rev_pos_1580,PROD_PHONE_156,4,Very bright display and the colors are vibrant.,2026-06-08
rev_pos_1151,PROD_BEAUTY_123,5,I can't believe how good this is for the price.,2026-06-04
rev_pos_372,PROD_PHONE_188,5,"Not cheap, but totally worth every single penny.",2026-06-01
rev_neg_1306,PROD_PHONE_207,1,Never again. This is absolute trash.,2026-06-14
rev_neg_1718,PROD_BEAUTY_203,2,Horrible experience. The item was missing parts.,2026-06-13
rev_pos_1266,PROD_BEAUTY_161,4,"No complaints here, works exactly as described.",2026-06-07
rev_pos_1299,PROD_LAPTOP_120,5,"No regrets buying this, highly recommended.",2026-06-01
rev_neu_439,PROD_BEAUTY_398,3,It is alright for the price point.,2026-06-22
rev_pos_1411,PROD_CLOTH_171,5,Perfect fit and very comfortable to wear.,2026-06-01
rev_pos_1801,PROD_PHONE_129,4,Not a single issue so far. Very reliable.,2026-06-01
rev_neg_1492,PROD_LAPTOP_299,2,Never buy this. Waste of time and money.,2026-06-16
rev_neg_999,PROD_PHONE_294,2,Poor packaging and the item was broken inside.,2026-06-13
rev_neg_425,PROD_CLOTH_252,2,It stopped working after just a few days of light usage.,2026-06-16
rev_neg_1353,PROD_PHONE_208,2,"Not worth the money, quality is very poor.",2026-06-19
rev_neu_902,PROD_PHONE_321,3,"Decent packaging, product performs averagely.",2026-06-22
rev_neu_796,PROD_CLOTH_307,3,"No issues so far, but it feels a bit basic.",2026-06-21
rev_pos_187,PROD_CLOTH_124,5,Not a single issue so far. Very reliable.,2026-06-04
rev_pos_1626,PROD_PHONE_179,5,Excellent value for money. Very durable material.,2026-06-07
rev_neg_502,PROD_CLOTH_224,1,It stopped working after just a few days of light usage.,2026-06-19
rev_neg_1796,PROD_BEAUTY_246,1,"Cannot recommend this product, it lacks standard features.",2026-06-13
rev_neg_882,PROD_LAPTOP_292,1,"No connectivity, bluetooth keeps dropping.",2026-06-15
rev_pos_1662,PROD_PHONE_183,5,Perfect fit and very comfortable to wear.,2026-06-02
rev_pos_716,PROD_BEAUTY_119,4,Beautiful design and great build quality.,2026-06-03
rev_pos_234,PROD_LAPTOP_142,4,The screen display is incredibly clear and beautiful.,2026-06-03
rev_neg_221,PROD_BEAUTY_231,1,"Very cheap plastic, feels like a toy.",2026-06-17
rev_neg_271,PROD_BEAUTY_261,1,The customer service was extremely rude and unhelpful.,2026-06-14
rev_pos_725,PROD_BEAUTY_177,5,Highly functional and has zero flaws.,2026-06-02
rev_neg_112,PROD_PHONE_247,1,The setup was extremely hard and frustrating.,2026-06-15
rev_pos_204,PROD_CLOTH_186,5,Great product! The quality is absolutely amazing.,2026-06-09
rev_neg_329,PROD_PHONE_244,1,"No connectivity, bluetooth keeps dropping.",2026-06-16
rev_neg_1264,PROD_LAPTOP_265,1,Late delivery and the package arrived damaged.,2026-06-19
rev_pos_1071,PROD_BEAUTY_157,4,Excellent value for money. Very durable material.,2026-06-09
rev_pos_813,PROD_BEAUTY_142,4,Very satisfied with my purchase. It works perfectly.,2026-06-09
rev_pos_867,PROD_PHONE_160,5,Not a single issue so far. Very reliable.,2026-06-03
rev_pos_1545,PROD_PHONE_194,4,Very robust and stands up to daily wear and tear.,2026-06-08
rev_neg_1419,PROD_PHONE_280,1,Very disappointed. It looks nothing like the pictures.,2026-06-17
rev_neg_596,PROD_LAPTOP_248,2,"Extremely bad design, hard to hold and uncomfortable.",2026-06-19
rev_neu_403,PROD_PHONE_352,3,"No major complaints, but it could be improved.",2026-06-27
rev_neu_46,PROD_PHONE_356,3,"No major complaints, but it could be improved.",2026-06-26
rev_pos_1865,PROD_BEAUTY_191,4,No problems at all. Solid hardware and easy to setup.,2026-06-01
rev_neu_964,PROD_PHONE_368,3,"The product is okay, does the job but nothing special.",2026-06-22
rev_neu_942,PROD_PHONE_338,3,"The battery is okay, screen is average.",2026-06-23
rev_neg_1914,PROD_PHONE_207,2,It stopped working after just a few days of light usage.,2026-06-11
rev_neg_1618,PROD_BEAUTY_275,2,"No response from support, and return policy is a lie.",2026-06-19
rev_neg_1578,PROD_LAPTOP_281,2,"No manual included, and setup is impossible.",2026-06-13
rev_neg_146,PROD_CLOTH_201,1,The customer service was extremely rude and unhelpful.,2026-06-12
rev_pos_703,PROD_BEAUTY_105,4,Simply the best one on the market right now.,2026-06-05
rev_pos_64,PROD_CLOTH_136,4,"This phone is gr8, battery life is awesome.",2026-06-04
rev_neg_656,PROD_BEAUTY_280,2,Horrible experience. The item was missing parts.,2026-06-12
rev_pos_664,PROD_CLOTH_198,5,Very satisfied with my purchase. It works perfectly.,2026-06-04
rev_neu_426,PROD_LAPTOP_356,3,It's fine. It does the job.,2026-06-28
rev_pos_421,PROD_CLOTH_104,4,Perfect fit and very comfortable to wear.,2026-06-01
rev_pos_992,PROD_LAPTOP_194,4,"Not cheap, but totally worth every single penny.",2026-06-05
rev_pos_306,PROD_LAPTOP_139,4,Fast connection and never disconnects.,2026-06-08
rev_neu_220,PROD_BEAUTY_397,3,"Just an average device, nothing to write home about.",2026-06-20
rev_pos_461,PROD_BEAUTY_167,5,Very satisfied with my purchase. It works perfectly.,2026-06-06
rev_neg_182,PROD_PHONE_201,1,Very disappointed with the hardware quality. It broke on day one.,2026-06-12
rev_pos_476,PROD_LAPTOP_102,4,"Highly recommend this shop, wonderful customer service.",2026-06-05
rev_neu_270,PROD_LAPTOP_369,3,"Delivery was a bit slow, but the item arrived safe.",2026-06-24
rev_pos_1486,PROD_BEAUTY_182,4,Very satisfied with my purchase. It works perfectly.,2026-06-03
rev_neu_11,PROD_CLOTH_342,3,"Some aspects are good, others are quite disappointed.",2026-06-24
rev_neg_1332,PROD_LAPTOP_216,1,Not durable. It tore apart after the first wash.,2026-06-10
rev_neg_889,PROD_PHONE_287,1,It stopped working after just a few days of light usage.,2026-06-11
rev_neu_611,PROD_BEAUTY_377,3,"Okay for the price, but don't expect miracles.",2026-06-25
rev_neg_1644,PROD_BEAUTY_215,2,"Not worth the money, quality is very poor.",2026-06-17
rev_pos_770,PROD_BEAUTY_187,5,Very bright display and the colors are vibrant.,2026-06-03
rev_neg_874,PROD_CLOTH_221,1,Do not recommend this seller. Poor customer support.,2026-06-14
rev_pos_502,PROD_PHONE_112,5,Very robust and stands up to daily wear and tear.,2026-06-07
rev_pos_514,PROD_BEAUTY_199,5,The user interface is so smooth and intuitive. Love it.,2026-06-02
rev_neg_226,PROD_CLOTH_238,1,"Extremely noisy, sounds like it's going to explode.",2026-06-15
rev_pos_459,PROD_BEAUTY_138,4,I can't believe how good this is for the price.,2026-06-05
rev_pos_160,PROD_BEAUTY_114,4,"Never disappointed with this brand, always top tier.",2026-06-09
rev_neg_1662,PROD_LAPTOP_282,1,"Fake item, a complete scam. Do not buy!",2026-06-19
rev_neu_416,PROD_LAPTOP_385,3,"The product is okay, does the job but nothing special.",2026-06-20
rev_neu_925,PROD_LAPTOP_308,3,"The design is simple, functionality is average.",2026-06-20
rev_pos_682,PROD_LAPTOP_144,4,The sound quality is fantastic and clear.,2026-06-06
rev_pos_828,PROD_LAPTOP_179,4,The screen display is incredibly clear and beautiful.,2026-06-05
rev_neg_1089,PROD_BEAUTY_212,1,It has a terrible chemical smell. Returning immediately.,2026-06-10
rev_neg_700,PROD_BEAUTY_202,2,The worst packaging I have ever seen. Damaged box.,2026-06-16
rev_pos_1439,PROD_CLOTH_194,5,"Very easy to use, setup was a breeze. Perfect!",2026-06-01
rev_neu_947,PROD_PHONE_375,3,It is alright for the price point.,2026-06-22
rev_pos_622,PROD_BEAUTY_119,5,"No regrets buying this, highly recommended.",2026-06-03
rev_neg_1503,PROD_BEAUTY_244,2,"Fake item, a complete scam. Do not buy!",2026-06-16
rev_neg_1952,PROD_LAPTOP_240,2,Not recommended. The product has major design flaws.,2026-06-14
rev_pos_971,PROD_LAPTOP_171,5,"This phone is gr8, battery life is awesome.",2026-06-07
rev_pos_1250,PROD_BEAUTY_112,4,Absolutely love this device. Best purchase of the year!,2026-06-09
rev_neg_1771,PROD_CLOTH_268,1,"Terrible sound, very tinny and muffled.",2026-06-16
rev_neu_694,PROD_BEAUTY_376,3,"Average battery life, average display.",2026-06-24
rev_neg_924,PROD_LAPTOP_214,2,"Very cheap plastic, feels like a toy.",2026-06-12
rev_neg_1370,PROD_PHONE_243,1,It has a terrible chemical smell. Returning immediately.,2026-06-13
rev_neu_156,PROD_PHONE_322,3,"It works, but nothing outstanding.",2026-06-21
rev_neu_105,PROD_PHONE_303,3,"No quality issues, but design is quite boring.",2026-06-25
rev_neg_813,PROD_BEAUTY_247,2,"Extremely slow performance, laggy and unusable.",2026-06-15
rev_neg_1472,PROD_CLOTH_295,1,"Extremely noisy, sounds like it's going to explode.",2026-06-13
rev_pos_1090,PROD_BEAUTY_184,4,Great product! The quality is absolutely amazing.,2026-06-05
rev_neg_834,PROD_CLOTH_251,1,"Fake item, a complete scam. Do not buy!",2026-06-13
rev_pos_1418,PROD_LAPTOP_108,4,"Great customer service, they resolved my issue in minutes.",2026-06-06
rev_pos_1907,PROD_LAPTOP_154,5,"Not cheap, but totally worth every single penny.",2026-06-01
rev_pos_1719,PROD_BEAUTY_181,5,Simply the best one on the market right now.,2026-06-04
rev_neu_884,PROD_PHONE_369,3,"Not bad, it is just okay.",2026-06-23
rev_neu_541,PROD_PHONE_346,3,"Not bad, but not particularly good either.",2026-06-24
rev_neg_1951,PROD_LAPTOP_221,1,Very disappointed. It looks nothing like the pictures.,2026-06-10
rev_neg_462,PROD_LAPTOP_256,1,Poor packaging and the item was broken inside.,2026-06-11
rev_pos_1006,PROD_CLOTH_183,5,It is an awesome product. I will buy it again.,2026-06-09
rev_pos_731,PROD_CLOTH_147,4,Simply the best one on the market right now.,2026-06-08
rev_neg_1384,PROD_LAPTOP_287,1,"Extremely slow performance, laggy and unusable.",2026-06-16
rev_pos_896,PROD_PHONE_183,4,The software is incredibly fast and responsive.,2026-06-06
rev_neu_864,PROD_CLOTH_383,3,"Okay for the price, but don't expect miracles.",2026-06-27
rev_neu_258,PROD_BEAUTY_373,3,"Nothing special, just a standard item.",2026-06-21
rev_pos_1232,PROD_CLOTH_162,4,"No lag, games run super smooth on it.",2026-06-02
rev_neu_664,PROD_PHONE_302,3,"The product is okay, does the job but nothing special.",2026-06-20
rev_pos_1837,PROD_PHONE_181,4,Beautiful design and great build quality.,2026-06-06
rev_neg_81,PROD_CLOTH_260,2,"Cannot recommend this product, it lacks standard features.",2026-06-14
rev_pos_156,PROD_LAPTOP_130,4,"Never disappointed with this brand, always top tier.",2026-06-03
rev_neg_451,PROD_LAPTOP_280,2,"Not worth the money, quality is very poor.",2026-06-11
rev_pos_714,PROD_BEAUTY_170,5,No problems at all. Solid hardware and easy to setup.,2026-06-06
rev_neg_749,PROD_CLOTH_223,2,"No connectivity, bluetooth keeps dropping.",2026-06-14
rev_neg_1965,PROD_BEAUTY_205,1,Late delivery and the package arrived damaged.,2026-06-18
rev_pos_615,PROD_CLOTH_116,4,"Never disappointed with this brand, always top tier.",2026-06-05
rev_neg_1067,PROD_PHONE_264,2,"Fake item, a complete scam. Do not buy!",2026-06-18
rev_neu_696,PROD_CLOTH_364,3,"Delivery was a bit slow, but the item arrived safe.",2026-06-21
rev_neg_1596,PROD_LAPTOP_254,1,Doesn't charge at all. Broken charging port.,2026-06-17
rev_neg_1776,PROD_CLOTH_284,1,Poor packaging and the item was broken inside.,2026-06-19
rev_neg_560,PROD_BEAUTY_264,1,Doesn't work. The software crashes every time I open it.,2026-06-15
rev_neg_1489,PROD_CLOTH_272,1,"Extremely bad design, hard to hold and uncomfortable.",2026-06-11
rev_neu_815,PROD_LAPTOP_370,3,"Decent build, but the software is a bit slow.",2026-06-25
rev_neg_1750,PROD_BEAUTY_201,2,"No connectivity, bluetooth keeps dropping.",2026-06-18
rev_neu_1,PROD_CLOTH_372,3,"The product is okay, does the job but nothing special.",2026-06-21
rev_neu_264,PROD_CLOTH_396,3,"Decent build, but the software is a bit slow.",2026-06-25
rev_neg_116,PROD_CLOTH_222,2,"Extremely noisy, sounds like it's going to explode.",2026-06-18
rev_pos_1996,PROD_LAPTOP_137,5,"Never disappointed with this brand, always top tier.",2026-06-05
rev_neg_426,PROD_BEAUTY_233,2,It has a terrible chemical smell. Returning immediately.,2026-06-10
rev_neg_1777,PROD_BEAUTY_213,1,The customer service was extremely rude and unhelpful.,2026-06-13
rev_neu_318,PROD_CLOTH_314,3,"It works fine, but I expected more from this brand.",2026-06-21
rev_pos_255,PROD_BEAUTY_128,4,The screen display is incredibly clear and beautiful.,2026-06-02
rev_pos_1092,PROD_PHONE_140,5,"Love the packaging, it was wrapped very nicely.",2026-06-08
rev_pos_640,PROD_LAPTOP_199,4,Absolutely love this device. Best purchase of the year!,2026-06-02
rev_neg_1015,PROD_PHONE_263,2,"Poor battery life, won't even last half a day.",2026-06-16
rev_pos_196,PROD_LAPTOP_180,4,"No lag, games run super smooth on it.",2026-06-05
rev_neu_600,PROD_BEAUTY_312,3,"Some aspects are good, others are quite disappointed.",2026-06-21
rev_neu_337,PROD_PHONE_349,3,"No quality issues, but design is quite boring.",2026-06-24
rev_neg_77,PROD_PHONE_218,1,The screen cracked easily without any drop. Fragile.,2026-06-14
rev_neg_1431,PROD_LAPTOP_213,2,"Extremely slow performance, laggy and unusable.",2026-06-14
rev_neg_941,PROD_CLOTH_265,2,Very disappointed. It looks nothing like the pictures.,2026-06-16
rev_neg_1140,PROD_CLOTH_215,1,Horrible experience. The item was missing parts.,2026-06-16
rev_pos_793,PROD_CLOTH_123,5,No problems at all. Solid hardware and easy to setup.,2026-06-02
rev_pos_1022,PROD_CLOTH_161,4,"Highly recommend this shop, wonderful customer service.",2026-06-05
rev_neu_842,PROD_CLOTH_326,3,"Okay for basic usage, but not for heavy tasks.",2026-06-28
rev_neu_609,PROD_CLOTH_325,3,"Not bad, but it lacks some advanced features.",2026-06-26
rev_neg_1547,PROD_PHONE_263,2,Never buy this. Waste of time and money.,2026-06-19
rev_pos_1956,PROD_LAPTOP_150,4,The user interface is so smooth and intuitive. Love it.,2026-06-07
rev_neu_692,PROD_PHONE_388,3,"The package arrived on time, quality is decent.",2026-06-28
rev_pos_1526,PROD_BEAUTY_190,4,"Incredibly fast shipping, arrived much earlier than expected.",2026-06-08
rev_pos_1050,PROD_BEAUTY_124,4,"This phone is gr8, battery life is awesome.",2026-06-04
rev_neu_861,PROD_LAPTOP_323,3,"Okay for the price, but don't expect miracles.",2026-06-20
rev_neg_1975,PROD_CLOTH_274,2,Very slow shipping and the item is defect.,2026-06-15
rev_pos_1704,PROD_CLOTH_153,5,"Great customer service, they resolved my issue in minutes.",2026-06-06
rev_neg_1632,PROD_BEAUTY_217,2,"The sizing is completely wrong, way too small.",2026-06-16
rev_neg_1800,PROD_LAPTOP_212,2,"Extremely bad design, hard to hold and uncomfortable.",2026-06-18
rev_neu_775,PROD_BEAUTY_366,3,"The price is fair, but usability is just okay.",2026-06-20
rev_neu_246,PROD_LAPTOP_372,3,It is alright for the price point.,2026-06-24
rev_neu_968,PROD_LAPTOP_320,3,"No issues so far, but it feels a bit basic.",2026-06-23
rev_pos_1251,PROD_CLOTH_128,5,"This phone is gr8, battery life is awesome.",2026-06-05
rev_pos_1933,PROD_CLOTH_111,5,"Not cheap, but totally worth every single penny.",2026-06-02
rev_neu_486,PROD_BEAUTY_311,3,"Neither great nor terrible, just in the middle.",2026-06-27
rev_neg_1034,PROD_PHONE_282,2,"Extremely slow performance, laggy and unusable.",2026-06-13
rev_pos_32,PROD_CLOTH_167,4,Extremely pleased with how fast this works.,2026-06-07
rev_pos_1403,PROD_CLOTH_120,5,"No delay in shipping, super happy with the delivery.",2026-06-09
rev_pos_1952,PROD_CLOTH_146,5,"No complaints here, works exactly as described.",2026-06-07
rev_neg_421,PROD_BEAUTY_240,1,Poor packaging and the item was broken inside.,2026-06-11
rev_pos_1026,PROD_BEAUTY_188,4,Great product! The quality is absolutely amazing.,2026-06-03
rev_pos_52,PROD_BEAUTY_164,4,Very satisfied with my purchase. It works perfectly.,2026-06-09
rev_neg_706,PROD_LAPTOP_212,2,The setup was extremely hard and frustrating.,2026-06-10
rev_neu_993,PROD_PHONE_355,3,"Average performance, nothing special about it.",2026-06-24
rev_pos_523,PROD_LAPTOP_161,5,"Not cheap, but totally worth every single penny.",2026-06-06
rev_neg_703,PROD_LAPTOP_274,2,Very expensive for such cheap material. Disappointed.,2026-06-15
rev_pos_72,PROD_CLOTH_126,4,Simply the best one on the market right now.,2026-06-04
rev_neg_171,PROD_LAPTOP_225,2,It stopped working after just a few days of light usage.,2026-06-10
rev_pos_1163,PROD_CLOTH_145,4,"Incredibly fast shipping, arrived much earlier than expected.",2026-06-02
rev_neg_913,PROD_CLOTH_295,1,Very disappointed. It looks nothing like the pictures.,2026-06-19
rev_pos_320,PROD_PHONE_114,5,Beautiful design and great build quality.,2026-06-08
rev_pos_1897,PROD_PHONE_114,4,Simply the best one on the market right now.,2026-06-02
rev_pos_1536,PROD_BEAUTY_111,5,"No regrets buying this, highly recommended.",2026-06-07
rev_pos_1438,PROD_PHONE_175,4,Highly functional and has zero flaws.,2026-06-01
rev_pos_1512,PROD_PHONE_116,5,"Not bad at all, in fact it is an awsm product.",2026-06-08
rev_neu_553,PROD_PHONE_304,3,"The quality is passable, nothing to complain about.",2026-06-21
rev_neg_1065,PROD_CLOTH_269,1,"No connectivity, bluetooth keeps dropping.",2026-06-12
rev_pos_228,PROD_CLOTH_104,5,Perfect fit and very comfortable to wear.,2026-06-06
rev_pos_1581,PROD_PHONE_171,4,"Not bad at all, in fact it is an awsm product.",2026-06-01
rev_pos_1477,PROD_PHONE_194,4,"Not cheap, but totally worth every single penny.",2026-06-01
rev_neg_1804,PROD_LAPTOP_206,2,Not durable. It tore apart after the first wash.,2026-06-14
rev_neg_1633,PROD_CLOTH_218,1,Very expensive for such cheap material. Disappointed.,2026-06-19
rev_pos_1304,PROD_BEAUTY_125,5,"Great customer service, they resolved my issue in minutes.",2026-06-06
rev_neg_653,PROD_CLOTH_272,2,The setup was extremely hard and frustrating.,2026-06-10
rev_neg_1499,PROD_PHONE_244,2,Very disappointed with the hardware quality. It broke on day one.,2026-06-16
rev_neu_525,PROD_PHONE_395,3,"It is a decent product, but has some limitations.",2026-06-21
rev_neg_1824,PROD_BEAUTY_271,2,Not recommended. The product has major design flaws.,2026-06-12
rev_neu_109,PROD_BEAUTY_384,3,It is alright for the price point.,2026-06-23
rev_neg_28,PROD_LAPTOP_254,1,Late delivery and the package arrived damaged.,2026-06-18
rev_neu_154,PROD_PHONE_340,3,"Neither great nor terrible, just in the middle.",2026-06-24
rev_neg_1369,PROD_PHONE_235,2,Terrible product! A complete waste of money.,2026-06-19
rev_neg_163,PROD_PHONE_214,2,"No manual included, and setup is impossible.",2026-06-12
rev_neu_462,PROD_CLOTH_306,3,It is fine. Just an average smartphone.,2026-06-28
rev_neg_361,PROD_BEAUTY_236,1,"Poor battery life, won't even last half a day.",2026-06-12
rev_neg_1645,PROD_LAPTOP_220,2,"Extremely noisy, sounds like it's going to explode.",2026-06-16
rev_pos_269,PROD_CLOTH_137,4,The screen display is incredibly clear and beautiful.,2026-06-06
rev_neu_757,PROD_BEAUTY_306,3,"Just an average device, nothing to write home about.",2026-06-24
rev_neu_263,PROD_BEAUTY_354,3,"The product is okay, does the job but nothing special.",2026-06-22
rev_pos_331,PROD_LAPTOP_105,5,"Highly recommend this shop, wonderful customer service.",2026-06-04
rev_neg_1897,PROD_CLOTH_217,1,"Fake item, a complete scam. Do not buy!",2026-06-11
rev_neg_286,PROD_CLOTH_297,2,The screen cracked easily without any drop. Fragile.,2026-06-13
rev_pos_796,PROD_PHONE_153,4,Very satisfied with my purchase. It works perfectly.,2026-06-08
rev_neg_1923,PROD_PHONE_204,1,This is a scam. It does not work at all.,2026-06-17
rev_pos_47,PROD_BEAUTY_161,5,The customer support staff was very helpful and responsive.,2026-06-04
rev_neu_66,PROD_CLOTH_347,3,"Okay packaging, shipping was standard.",2026-06-27
rev_neg_1307,PROD_BEAUTY_219,2,This is a scam. It does not work at all.,2026-06-14
rev_pos_180,PROD_LAPTOP_163,4,The software is incredibly fast and responsive.,2026-06-05
rev_pos_1615,PROD_LAPTOP_158,4,"Very easy to use, setup was a breeze. Perfect!",2026-06-08
rev_neu_232,PROD_CLOTH_380,3,"Shipping took longer than expected, but product is ok.",2026-06-27
rev_neu_329,PROD_LAPTOP_308,3,"The shipping was ok, product is decent enough.",2026-06-21
rev_pos_1843,PROD_BEAUTY_172,4,Very robust and stands up to daily wear and tear.,2026-06-04
rev_pos_921,PROD_LAPTOP_110,5,"Never disappointed with this brand, always top tier.",2026-06-05
rev_pos_460,PROD_BEAUTY_171,4,Very satisfied with my purchase. It works perfectly.,2026-06-08
rev_neg_1274,PROD_LAPTOP_257,2,Never buy this. Waste of time and money.,2026-06-14
rev_neu_642,PROD_PHONE_321,3,"Shipping took longer than expected, but product is ok.",2026-06-26
rev_neu_163,PROD_BEAUTY_300,3,It is fine. Just an average smartphone.,2026-06-22
rev_pos_1579,PROD_LAPTOP_188,5,Extremely pleased with how fast this works.,2026-06-09
rev_pos_1501,PROD_CLOTH_133,4,Excellent value for money. Very durable material.,2026-06-04
rev_neu_150,PROD_LAPTOP_399,3,"Not bad, but it lacks some advanced features.",2026-06-26
rev_neg_1241,PROD_CLOTH_286,2,This is a scam. It does not work at all.,2026-06-15
rev_pos_1154,PROD_CLOTH_144,4,Beautiful design and great build quality.,2026-06-09
rev_pos_63,PROD_LAPTOP_133,4,"Not cheap, but totally worth every single penny.",2026-06-02
rev_neu_188,PROD_BEAUTY_363,3,"No major complaints, but it could be improved.",2026-06-26
rev_neg_1070,PROD_BEAUTY_266,2,It stopped working after just a few days of light usage.,2026-06-16
rev_neg_1607,PROD_CLOTH_269,2,The worst packaging I have ever seen. Damaged box.,2026-06-15
rev_pos_1622,PROD_CLOTH_108,4,Great product! The quality is absolutely amazing.,2026-06-01
rev_neg_1005,PROD_CLOTH_258,1,It stopped working after just a few days of light usage.,2026-06-14
rev_neg_491,PROD_CLOTH_293,2,"Extremely slow performance, laggy and unusable.",2026-06-16
rev_pos_1804,PROD_LAPTOP_119,5,Perfect fit and very comfortable to wear.,2026-06-07
rev_pos_877,PROD_LAPTOP_185,5,The sound quality is fantastic and clear.,2026-06-04
rev_neg_398,PROD_LAPTOP_285,1,Doesn't work. The software crashes every time I open it.,2026-06-14
rev_pos_1177,PROD_LAPTOP_124,5,The screen display is incredibly clear and beautiful.,2026-06-05
rev_pos_1399,PROD_BEAUTY_115,4,Very robust and stands up to daily wear and tear.,2026-06-05
rev_neu_803,PROD_PHONE_328,3,"Average performance, nothing special about it.",2026-06-20
rev_neu_498,PROD_CLOTH_394,3,"Neither great nor terrible, just in the middle.",2026-06-28
rev_pos_1450,PROD_CLOTH_133,4,"Wow, this is an absolute game changer!",2026-06-01
rev_pos_1364,PROD_CLOTH_150,4,Very bright display and the colors are vibrant.,2026-06-03
rev_neg_1814,PROD_BEAUTY_280,1,The device keeps flickering and lags constantly. Terrible!,2026-06-15
rev_neg_1558,PROD_PHONE_220,2,"No response from support, and return policy is a lie.",2026-06-12
rev_neg_870,PROD_BEAUTY_235,2,"Poor battery life, won't even last half a day.",2026-06-13
rev_neg_734,PROD_BEAUTY_253,2,Poor packaging and the item was broken inside.,2026-06-18
rev_pos_1973,PROD_PHONE_165,5,"Super light, compact, and extremely useful.",2026-06-07
rev_neg_1194,PROD_CLOTH_214,2,Do not recommend this seller. Poor customer support.,2026-06-19
rev_pos_742,PROD_PHONE_100,5,"No lag, games run super smooth on it.",2026-06-09
rev_neg_359,PROD_PHONE_265,2,"No connectivity, bluetooth keeps dropping.",2026-06-11
rev_neu_265,PROD_PHONE_322,3,"Not bad, it is just okay.",2026-06-24
rev_pos_1136,PROD_BEAUTY_130,4,Perfect fit and very comfortable to wear.,2026-06-04
rev_neu_766,PROD_BEAUTY_397,3,"The battery is okay, screen is average.",2026-06-28
rev_neg_198,PROD_BEAUTY_279,2,"Extremely slow performance, laggy and unusable.",2026-06-18
rev_neu_483,PROD_PHONE_312,3,"Decent build, but the software is a bit slow.",2026-06-28
rev_neu_287,PROD_PHONE_311,3,"The package arrived on time, quality is decent.",2026-06-20
rev_pos_1887,PROD_CLOTH_158,4,"Great customer service, they resolved my issue in minutes.",2026-06-03
rev_neg_915,PROD_LAPTOP_294,2,It stopped working after just a few days of light usage.,2026-06-12
rev_pos_942,PROD_CLOTH_144,5,No problems at all. Solid hardware and easy to setup.,2026-06-05
rev_neg_120,PROD_BEAUTY_264,1,"No response from support, and return policy is a lie.",2026-06-19
rev_pos_1347,PROD_PHONE_118,5,Simply the best one on the market right now.,2026-06-06
rev_neu_79,PROD_BEAUTY_350,3,It's fine. It does the job.,2026-06-24
rev_neg_1822,PROD_PHONE_297,1,Very disappointed. It looks nothing like the pictures.,2026-06-18
rev_neg_949,PROD_PHONE_278,2,"Extremely noisy, sounds like it's going to explode.",2026-06-11
rev_neg_1151,PROD_CLOTH_230,2,Never buy this. Waste of time and money.,2026-06-12
rev_neg_839,PROD_CLOTH_208,1,"Not worth the money, quality is very poor.",2026-06-12
rev_neg_687,PROD_PHONE_217,2,Doesn't work. The software crashes every time I open it.,2026-06-11
rev_neg_597,PROD_BEAUTY_227,1,Poor packaging and the item was broken inside.,2026-06-13
rev_pos_275,PROD_BEAUTY_102,4,The user interface is so smooth and intuitive. Love it.,2026-06-06
rev_pos_1877,PROD_CLOTH_128,4,Highly functional and has zero flaws.,2026-06-08
rev_neg_255,PROD_LAPTOP_279,2,"Extremely bad design, hard to hold and uncomfortable.",2026-06-18
rev_pos_627,PROD_PHONE_170,5,"Not cheap, but totally worth every single penny.",2026-06-08
rev_neu_101,PROD_BEAUTY_351,3,"The package arrived on time, quality is decent.",2026-06-25
rev_pos_1927,PROD_BEAUTY_161,5,"No quality issues, everything is in perfect condition.",2026-06-03
rev_pos_1993,PROD_BEAUTY_177,5,Not a single issue so far. Very reliable.,2026-06-05
rev_neg_1342,PROD_BEAUTY_259,1,Doesn't work. The software crashes every time I open it.,2026-06-12
rev_pos_1175,PROD_CLOTH_159,4,"Highly recommend this shop, wonderful customer service.",2026-06-01
rev_pos_1040,PROD_CLOTH_141,4,Extremely pleased with how fast this works.,2026-06-07
rev_pos_166,PROD_PHONE_111,5,Very bright display and the colors are vibrant.,2026-06-04
rev_neg_830,PROD_PHONE_212,2,Poor packaging and the item was broken inside.,2026-06-16
rev_neg_1790,PROD_LAPTOP_250,2,Never buy this. Waste of time and money.,2026-06-16
rev_pos_43,PROD_LAPTOP_124,4,"This phone is gr8, battery life is awesome.",2026-06-09
rev_neu_356,PROD_BEAUTY_352,3,"Not bad, but not particularly good either.",2026-06-20
rev_neu_527,PROD_LAPTOP_368,3,"The product is okay, does the job but nothing special.",2026-06-22
rev_neg_1478,PROD_BEAUTY_299,1,"The sizing is completely wrong, way too small.",2026-06-13
rev_neg_854,PROD_BEAUTY_210,2,Not recommended. The product has major design flaws.,2026-06-17
rev_pos_352,PROD_LAPTOP_109,4,"Works like a charm, would buy again without hesitation.",2026-06-08
rev_neg_914,PROD_LAPTOP_219,2,Very expensive for such cheap material. Disappointed.,2026-06-16
rev_neu_939,PROD_PHONE_345,3,"The battery is okay, screen is average.",2026-06-23
rev_pos_1430,PROD_PHONE_155,4,"Wow, this is an absolute game changer!",2026-06-02
rev_pos_491,PROD_CLOTH_151,4,"No complaints here, works exactly as described.",2026-06-08
rev_neg_90,PROD_CLOTH_259,1,"Extremely noisy, sounds like it's going to explode.",2026-06-17
rev_neu_48,PROD_LAPTOP_391,3,"Decent packaging, product performs averagely.",2026-06-23
rev_pos_1747,PROD_BEAUTY_184,4,"Not cheap, but totally worth every single penny.",2026-06-06
rev_neu_770,PROD_PHONE_374,3,"It works, but nothing outstanding.",2026-06-24
rev_neg_1688,PROD_CLOTH_249,2,"No manual included, and setup is impossible.",2026-06-14
rev_neg_1236,PROD_LAPTOP_243,1,Never again. This is absolute trash.,2026-06-12
rev_neg_621,PROD_CLOTH_297,1,Worst experience ever. The battery drains in two hours.,2026-06-19
rev_pos_1535,PROD_BEAUTY_157,4,Simply the best one on the market right now.,2026-06-07
rev_neg_1605,PROD_BEAUTY_268,2,Not durable. It tore apart after the first wash.,2026-06-17
rev_pos_777,PROD_BEAUTY_115,5,Beautiful design and great build quality.,2026-06-09
rev_neg_293,PROD_LAPTOP_225,2,It has a terrible chemical smell. Returning immediately.,2026-06-12
rev_neu_640,PROD_LAPTOP_313,3,"Delivery was a bit slow, but the item arrived safe.",2026-06-21
rev_neg_655,PROD_PHONE_232,2,Very slow shipping and the item is defect.,2026-06-16
rev_neg_1357,PROD_PHONE_261,2,"Poor battery life, won't even last half a day.",2026-06-13
rev_neg_724,PROD_LAPTOP_217,1,Terrible product! A complete waste of money.,2026-06-17
rev_neu_210,PROD_LAPTOP_396,3,"It is a decent product, but has some limitations.",2026-06-23
rev_neg_295,PROD_PHONE_217,1,Worst experience ever. The battery drains in two hours.,2026-06-10
rev_pos_940,PROD_CLOTH_185,5,"No delay in shipping, super happy with the delivery.",2026-06-07
rev_neu_285,PROD_BEAUTY_331,3,"Not bad, it is just okay.",2026-06-23
rev_neu_737,PROD_LAPTOP_340,3,"The package arrived on time, quality is decent.",2026-06-24
rev_neg_1875,PROD_LAPTOP_240,1,"The sizing is completely wrong, way too small.",2026-06-14
rev_pos_658,PROD_PHONE_111,5,Extremely pleased with how fast this works.,2026-06-05
rev_neu_118,PROD_CLOTH_384,3,"It's decent, fits the description but nothing exciting.",2026-06-23
rev_pos_854,PROD_CLOTH_165,4,The user interface is so smooth and intuitive. Love it.,2026-06-09
rev_pos_1693,PROD_LAPTOP_113,5,The software is incredibly fast and responsive.,2026-06-02
rev_pos_442,PROD_BEAUTY_186,4,The software is incredibly fast and responsive.,2026-06-05
rev_neg_235,PROD_CLOTH_236,2,The camera quality is awful and blurry.,2026-06-11
rev_neu_461,PROD_PHONE_357,3,"It's decent, fits the description but nothing exciting.",2026-06-21
rev_neg_465,PROD_BEAUTY_237,1,Never again. This is absolute trash.,2026-06-14
rev_pos_1909,PROD_LAPTOP_173,5,"Wow, this is an absolute game changer!",2026-06-08
rev_pos_407,PROD_LAPTOP_138,5,Extremely pleased with how fast this works.,2026-06-05
rev_pos_567,PROD_BEAUTY_113,4,"Wow, this is an absolute game changer!",2026-06-04
rev_pos_623,PROD_LAPTOP_141,5,"Highly recommend this shop, wonderful customer service.",2026-06-04
rev_pos_944,PROD_BEAUTY_164,4,"Never disappointed with this brand, always top tier.",2026-06-02
rev_pos_1128,PROD_PHONE_190,4,"Not bad at all, in fact it is an awsm product.",2026-06-08
rev_pos_899,PROD_CLOTH_148,4,Simply the best one on the market right now.,2026-06-04
rev_pos_1144,PROD_CLOTH_141,4,"Highly recommend this shop, wonderful customer service.",2026-06-06
rev_neu_128,PROD_LAPTOP_325,3,"Just an average device, nothing to write home about.",2026-06-26
rev_neg_249,PROD_PHONE_238,2,"Not worth the money, quality is very poor.",2026-06-19
rev_pos_1673,PROD_CLOTH_124,4,"No defects, clean packaging, and works like a dream.",2026-06-01
rev_pos_29,PROD_CLOTH_130,5,"Not bad at all, in fact it is an awsm product.",2026-06-01
rev_neg_1838,PROD_CLOTH_298,2,Very expensive for such cheap material. Disappointed.,2026-06-18
rev_pos_660,PROD_BEAUTY_191,4,It is an awesome product. I will buy it again.,2026-06-06
rev_neg_953,PROD_LAPTOP_260,2,Very disappointed. It looks nothing like the pictures.,2026-06-13
rev_neg_1186,PROD_BEAUTY_219,1,The customer service was extremely rude and unhelpful.,2026-06-12
rev_neu_271,PROD_PHONE_374,3,"Okay for the price, but don't expect miracles.",2026-06-20
rev_pos_1987,PROD_CLOTH_146,5,Beautiful design and great build quality.,2026-06-08
rev_neg_1388,PROD_BEAUTY_254,1,Horrible experience. The item was missing parts.,2026-06-12
rev_neg_1142,PROD_BEAUTY_270,2,Doesn't work. The software crashes every time I open it.,2026-06-19
rev_pos_1980,PROD_LAPTOP_142,4,"This phone is gr8, battery life is awesome.",2026-06-06
rev_pos_1016,PROD_CLOTH_199,4,Excellent value for money. Very durable material.,2026-06-07
rev_pos_1688,PROD_CLOTH_178,4,Fast connection and never disconnects.,2026-06-07
rev_pos_515,PROD_LAPTOP_187,4,Extremely pleased with how fast this works.,2026-06-07
rev_pos_458,PROD_LAPTOP_138,5,"No defects, clean packaging, and works like a dream.",2026-06-03
rev_neg_720,PROD_CLOTH_246,1,Not recommended. The product has major design flaws.,2026-06-14
rev_pos_1248,PROD_LAPTOP_166,4,The software is incredibly fast and responsive.,2026-06-06
rev_pos_1785,PROD_BEAUTY_188,4,I can't believe how good this is for the price.,2026-06-05
rev_neg_25,PROD_PHONE_262,2,Never buy this. Waste of time and money.,2026-06-12
rev_pos_250,PROD_BEAUTY_108,4,Simply the best one on the market right now.,2026-06-02
rev_pos_1711,PROD_PHONE_103,5,"Works like a charm, would buy again without hesitation.",2026-06-04
rev_neg_780,PROD_BEAUTY_231,1,Terrible product! A complete waste of money.,2026-06-19
rev_neg_1746,PROD_CLOTH_284,1,It has a terrible chemical smell. Returning immediately.,2026-06-18
rev_neg_213,PROD_PHONE_228,2,Not recommended. The product has major design flaws.,2026-06-14
rev_neg_1641,PROD_PHONE_281,2,The camera quality is awful and blurry.,2026-06-14
rev_neg_1468,PROD_PHONE_214,1,The camera quality is awful and blurry.,2026-06-12
rev_pos_355,PROD_LAPTOP_115,5,"No quality issues, everything is in perfect condition.",2026-06-04
rev_neu_496,PROD_BEAUTY_384,3,"No quality issues, but design is quite boring.",2026-06-28
rev_neu_427,PROD_BEAUTY_357,3,"Average performance, nothing special about it.",2026-06-20
rev_pos_262,PROD_CLOTH_139,4,The sound quality is fantastic and clear.,2026-06-06
rev_pos_1369,PROD_PHONE_118,4,Beautiful design and great build quality.,2026-06-04
rev_pos_1633,PROD_CLOTH_126,4,"No quality issues, everything is in perfect condition.",2026-06-04
rev_neg_532,PROD_BEAUTY_286,2,"Extremely slow performance, laggy and unusable.",2026-06-16
rev_pos_934,PROD_BEAUTY_151,4,No problems at all. Solid hardware and easy to setup.,2026-06-09
rev_pos_1240,PROD_PHONE_182,5,The screen display is incredibly clear and beautiful.,2026-06-05
rev_pos_439,PROD_PHONE_187,5,I can't believe how good this is for the price.,2026-06-04
rev_neg_1564,PROD_LAPTOP_230,2,"Fake item, a complete scam. Do not buy!",2026-06-18
rev_neg_362,PROD_CLOTH_242,2,Very disappointed with the hardware quality. It broke on day one.,2026-06-16
rev_neg_1600,PROD_BEAUTY_271,1,"No response from support, and return policy is a lie.",2026-06-10
rev_neg_961,PROD_PHONE_283,1,"No manual included, and setup is impossible.",2026-06-14
rev_pos_25,PROD_BEAUTY_100,4,"Super light, compact, and extremely useful.",2026-06-05
rev_neu_689,PROD_BEAUTY_356,3,"It is a decent product, but has some limitations.",2026-06-22
rev_neg_1637,PROD_BEAUTY_287,1,"Cannot recommend this product, it lacks standard features.",2026-06-13
rev_neg_545,PROD_LAPTOP_240,2,Worst experience ever. The battery drains in two hours.,2026-06-12
rev_neg_417,PROD_LAPTOP_237,2,"Cannot recommend this product, it lacks standard features.",2026-06-17
rev_neg_208,PROD_LAPTOP_276,2,Very slow shipping and the item is defect.,2026-06-14
rev_neg_1,PROD_CLOTH_210,2,Horrible experience. The item was missing parts.,2026-06-18
rev_neg_1616,PROD_LAPTOP_287,2,The setup was extremely hard and frustrating.,2026-06-11
rev_neg_989,PROD_LAPTOP_290,2,This is a scam. It does not work at all.,2026-06-19
rev_neg_944,PROD_PHONE_285,2,"Fake item, a complete scam. Do not buy!",2026-06-15
rev_neu_568,PROD_CLOTH_340,3,"Okay for the price, but don't expect miracles.",2026-06-25
rev_neg_1741,PROD_LAPTOP_259,1,This is a scam. It does not work at all.,2026-06-10
rev_neg_1929,PROD_CLOTH_260,2,Horrible experience. The item was missing parts.,2026-06-11
rev_neg_1356,PROD_CLOTH_298,1,Very expensive for such cheap material. Disappointed.,2026-06-18
rev_pos_883,PROD_BEAUTY_145,5,"No regrets buying this, highly recommended.",2026-06-05
rev_neu_323,PROD_PHONE_355,3,"Some aspects are good, others are quite disappointed.",2026-06-26
rev_pos_1063,PROD_LAPTOP_132,4,"Great customer service, they resolved my issue in minutes.",2026-06-05
rev_neg_1334,PROD_LAPTOP_235,1,Not recommended. The product has major design flaws.,2026-06-11
rev_neg_83,PROD_CLOTH_251,2,Late delivery and the package arrived damaged.,2026-06-16
rev_pos_1646,PROD_LAPTOP_102,5,"Incredibly fast shipping, arrived much earlier than expected.",2026-06-05
rev_neu_779,PROD_PHONE_370,3,"Not bad, but not particularly good either.",2026-06-28
rev_neg_1129,PROD_CLOTH_268,2,"Fake item, a complete scam. Do not buy!",2026-06-18
rev_neg_1575,PROD_LAPTOP_299,2,The customer service was extremely rude and unhelpful.,2026-06-15
rev_neg_1098,PROD_BEAUTY_229,2,Never buy this. Waste of time and money.,2026-06-17
rev_neu_801,PROD_PHONE_379,3,"Okay for basic usage, but not for heavy tasks.",2026-06-28
rev_neu_87,PROD_LAPTOP_391,3,"No major complaints, but it could be improved.",2026-06-20
rev_neg_1809,PROD_CLOTH_268,2,The screen cracked easily without any drop. Fragile.,2026-06-10
rev_neg_559,PROD_PHONE_238,2,Not recommended. The product has major design flaws.,2026-06-16
rev_pos_785,PROD_CLOTH_130,5,The screen display is incredibly clear and beautiful.,2026-06-01
rev_pos_986,PROD_BEAUTY_121,5,"Great customer service, they resolved my issue in minutes.",2026-06-03
rev_pos_1716,PROD_LAPTOP_147,5,"Not cheap, but totally worth every single penny.",2026-06-06
rev_neg_1758,PROD_LAPTOP_291,2,Not durable. It tore apart after the first wash.,2026-06-11
rev_neg_1366,PROD_PHONE_213,2,"Extremely noisy, sounds like it's going to explode.",2026-06-18
rev_neg_1069,PROD_CLOTH_262,1,The customer service was extremely rude and unhelpful.,2026-06-11
rev_neg_1884,PROD_BEAUTY_278,1,It stopped working after just a few days of light usage.,2026-06-19
rev_neu_684,PROD_CLOTH_385,3,It is an average item. Neither good nor bad.,2026-06-20
rev_neg_366,PROD_LAPTOP_248,2,It stopped working after just a few days of light usage.,2026-06-19
rev_neu_673,PROD_BEAUTY_394,3,It's fine. It does the job.,2026-06-20
rev_pos_1012,PROD_BEAUTY_193,4,"No delay in shipping, super happy with the delivery.",2026-06-01
rev_neg_938,PROD_PHONE_294,1,Late delivery and the package arrived damaged.,2026-06-19
rev_neg_1023,PROD_PHONE_225,1,"Poor battery life, won't even last half a day.",2026-06-19
rev_neg_1298,PROD_BEAUTY_241,2,The screen cracked easily without any drop. Fragile.,2026-06-15
rev_neu_581,PROD_PHONE_344,3,"It's decent, fits the description but nothing exciting.",2026-06-23
rev_neg_1281,PROD_PHONE_230,2,Completely useless. Do not waste your hard-earned money.,2026-06-16
rev_neg_948,PROD_PHONE_219,2,Terrible product! A complete waste of money.,2026-06-19
rev_neg_742,PROD_LAPTOP_241,2,Not durable. It tore apart after the first wash.,2026-06-16
rev_neg_1568,PROD_BEAUTY_249,2,"Extremely noisy, sounds like it's going to explode.",2026-06-18
rev_neg_868,PROD_BEAUTY_287,2,"No response from support, and return policy is a lie.",2026-06-19
rev_pos_632,PROD_BEAUTY_194,4,The sound quality is fantastic and clear.,2026-06-05
rev_pos_769,PROD_BEAUTY_193,5,"Not cheap, but totally worth every single penny.",2026-06-09
rev_neg_1459,PROD_CLOTH_213,1,Do not recommend this seller. Poor customer support.,2026-06-18
rev_pos_1806,PROD_CLOTH_140,4,The sound quality is fantastic and clear.,2026-06-01
rev_neu_99,PROD_CLOTH_394,3,"The quality is passable, nothing to complain about.",2026-06-22
rev_neu_703,PROD_CLOTH_313,3,"The package arrived on time, quality is decent.",2026-06-28
rev_pos_1741,PROD_BEAUTY_151,5,The user interface is so smooth and intuitive. Love it.,2026-06-01
rev_pos_507,PROD_PHONE_134,4,It is an awesome product. I will buy it again.,2026-06-03
rev_pos_1277,PROD_PHONE_151,5,Very satisfied with my purchase. It works perfectly.,2026-06-02
rev_pos_702,PROD_LAPTOP_147,5,No problems at all. Solid hardware and easy to setup.,2026-06-07
rev_neg_1869,PROD_BEAUTY_248,2,Very disappointed. It looks nothing like the pictures.,2026-06-11
rev_pos_346,PROD_LAPTOP_186,4,"No defects, clean packaging, and works like a dream.",2026-06-08
rev_neg_860,PROD_PHONE_287,2,Very slow shipping and the item is defect.,2026-06-16
rev_pos_1039,PROD_LAPTOP_167,5,"Wow, this is an absolute game changer!",2026-06-08
rev_neg_794,PROD_CLOTH_245,1,The screen cracked easily without any drop. Fragile.,2026-06-19
rev_neu_778,PROD_PHONE_353,3,"Okay for the price, but don't expect miracles.",2026-06-21
rev_pos_1677,PROD_PHONE_135,4,"Highly recommend this shop, wonderful customer service.",2026-06-07
rev_neg_1626,PROD_PHONE_248,1,"No response from support, and return policy is a lie.",2026-06-10
rev_pos_1408,PROD_BEAUTY_154,5,"No quality issues, everything is in perfect condition.",2026-06-04
rev_neg_1238,PROD_PHONE_219,1,"Fake item, a complete scam. Do not buy!",2026-06-18
rev_pos_1648,PROD_BEAUTY_157,5,"Very easy to use, setup was a breeze. Perfect!",2026-06-02
rev_neg_458,PROD_BEAUTY_240,2,"The sizing is completely wrong, way too small.",2026-06-13
rev_neg_789,PROD_BEAUTY_203,2,Worst experience ever. The battery drains in two hours.,2026-06-17
rev_pos_1651,PROD_BEAUTY_179,4,"Highly recommend this shop, wonderful customer service.",2026-06-05
rev_neu_338,PROD_LAPTOP_386,3,"No major complaints, but it could be improved.",2026-06-20
rev_neg_1794,PROD_CLOTH_284,2,Not durable. It tore apart after the first wash.,2026-06-10
rev_neu_183,PROD_PHONE_345,3,"Just an average device, nothing to write home about.",2026-06-20
rev_pos_40,PROD_PHONE_112,4,Beautiful design and great build quality.,2026-06-07
rev_pos_1839,PROD_LAPTOP_162,4,"Not cheap, but totally worth every single penny.",2026-06-01
rev_neg_395,PROD_CLOTH_212,2,The camera quality is awful and blurry.,2026-06-15
rev_pos_868,PROD_LAPTOP_195,4,"Wow, this is an absolute game changer!",2026-06-07
rev_neg_46,PROD_BEAUTY_247,1,Very disappointed. It looks nothing like the pictures.,2026-06-10
rev_neg_975,PROD_LAPTOP_234,2,Not recommended. The product has major design flaws.,2026-06-15
rev_neg_1571,PROD_PHONE_251,2,Completely useless. Do not waste your hard-earned money.,2026-06-12
rev_neg_1204,PROD_CLOTH_265,2,Do not recommend this seller. Poor customer support.,2026-06-18
rev_neg_738,PROD_LAPTOP_265,1,Very slow shipping and the item is defect.,2026-06-12
rev_pos_1992,PROD_LAPTOP_156,4,Very robust and stands up to daily wear and tear.,2026-06-09
rev_neg_1865,PROD_PHONE_291,1,The setup was extremely hard and frustrating.,2026-06-19
rev_pos_1856,PROD_CLOTH_189,4,"Incredibly fast shipping, arrived much earlier than expected.",2026-06-04
rev_neg_1723,PROD_PHONE_234,1,Very disappointed with the hardware quality. It broke on day one.,2026-06-16
rev_neg_1528,PROD_BEAUTY_269,1,Not recommended. The product has major design flaws.,2026-06-11
rev_pos_822,PROD_BEAUTY_174,4,I can't believe how good this is for the price.,2026-06-08
rev_pos_1432,PROD_PHONE_122,4,The software is incredibly fast and responsive.,2026-06-09
rev_neg_641,PROD_BEAUTY_272,2,"No manual included, and setup is impossible.",2026-06-10
rev_pos_417,PROD_BEAUTY_183,4,Great product! The quality is absolutely amazing.,2026-06-08
rev_pos_142,PROD_PHONE_192,4,"Never disappointed with this brand, always top tier.",2026-06-04
rev_pos_506,PROD_PHONE_198,5,"Great customer service, they resolved my issue in minutes.",2026-06-05
rev_neg_1991,PROD_CLOTH_272,2,"The sizing is completely wrong, way too small.",2026-06-12
rev_pos_970,PROD_LAPTOP_173,4,Fast connection and never disconnects.,2026-06-04
rev_neg_1372,PROD_PHONE_260,1,Completely useless. Do not waste your hard-earned money.,2026-06-14
rev_pos_159,PROD_BEAUTY_109,5,The user interface is so smooth and intuitive. Love it.,2026-06-04
rev_neu_790,PROD_BEAUTY_374,3,"Just an average device, nothing to write home about.",2026-06-20
rev_pos_1766,PROD_BEAUTY_144,5,No problems at all. Solid hardware and easy to setup.,2026-06-05
rev_neu_137,PROD_PHONE_381,3,"Average battery life, average display.",2026-06-21
rev_neu_514,PROD_CLOTH_396,3,"Average battery life, average display.",2026-06-26
rev_pos_981,PROD_PHONE_148,5,Perfect fit and very comfortable to wear.,2026-06-05
rev_neg_371,PROD_LAPTOP_242,2,"Terrible sound, very tinny and muffled.",2026-06-13
rev_neg_384,PROD_LAPTOP_291,2,This is a scam. It does not work at all.,2026-06-14
rev_neu_34,PROD_PHONE_360,3,"The quality is passable, nothing to complain about.",2026-06-24
rev_neg_1102,PROD_BEAUTY_204,2,Worst experience ever. The battery drains in two hours.,2026-06-14
rev_neg_998,PROD_LAPTOP_276,1,It stopped working after just a few days of light usage.,2026-06-19
rev_neg_262,PROD_LAPTOP_228,2,"The sizing is completely wrong, way too small.",2026-06-12
rev_pos_1208,PROD_LAPTOP_137,5,"No lag, games run super smooth on it.",2026-06-01
rev_neu_510,PROD_CLOTH_326,3,"The battery is okay, screen is average.",2026-06-26
rev_neg_642,PROD_LAPTOP_246,1,Doesn't charge at all. Broken charging port.,2026-06-10
rev_neg_1599,PROD_LAPTOP_258,2,Late delivery and the package arrived damaged.,2026-06-16
rev_neu_723,PROD_LAPTOP_333,3,"Standard product, does exactly what is advertised.",2026-06-23
rev_pos_1482,PROD_CLOTH_110,4,Beautiful design and great build quality.,2026-06-08
rev_pos_1776,PROD_PHONE_101,5,"Works like a charm, would buy again without hesitation.",2026-06-05
rev_pos_91,PROD_BEAUTY_186,5,The software is incredibly fast and responsive.,2026-06-04
rev_neg_652,PROD_PHONE_269,1,"Very cheap plastic, feels like a toy.",2026-06-19
rev_pos_366,PROD_CLOTH_178,4,"No delay in shipping, super happy with the delivery.",2026-06-09
rev_pos_1038,PROD_LAPTOP_141,5,"Incredibly fast shipping, arrived much earlier than expected.",2026-06-02
rev_pos_512,PROD_PHONE_103,5,Very robust and stands up to daily wear and tear.,2026-06-02
rev_neu_898,PROD_BEAUTY_338,3,"Average battery life, average display.",2026-06-20
rev_pos_1616,PROD_CLOTH_115,4,"Highly recommend this shop, wonderful customer service.",2026-06-07
rev_neg_1250,PROD_CLOTH_265,2,"Very cheap plastic, feels like a toy.",2026-06-14
rev_neu_458,PROD_CLOTH_321,3,"Shipping took longer than expected, but product is ok.",2026-06-25
rev_neu_68,PROD_BEAUTY_375,3,"Okay for the price, but don't expect miracles.",2026-06-24
rev_neg_1304,PROD_PHONE_279,2,"The sizing is completely wrong, way too small.",2026-06-10
rev_pos_1470,PROD_CLOTH_163,4,"No defects, clean packaging, and works like a dream.",2026-06-02
rev_neu_844,PROD_LAPTOP_327,3,"It is average. Some days it is fast, some days it is slow.",2026-06-28
rev_neg_1738,PROD_LAPTOP_294,1,The camera quality is awful and blurry.,2026-06-18
rev_pos_935,PROD_LAPTOP_181,4,The user interface is so smooth and intuitive. Love it.,2026-06-08
rev_neg_1769,PROD_CLOTH_274,1,Very expensive for such cheap material. Disappointed.,2026-06-13
rev_pos_685,PROD_PHONE_192,5,"Outstanding performance, it exceeded my expectations.",2026-06-01
rev_neg_1917,PROD_CLOTH_200,2,Do not recommend this seller. Poor customer support.,2026-06-17
rev_neg_484,PROD_BEAUTY_285,2,This is a scam. It does not work at all.,2026-06-17
rev_neg_792,PROD_LAPTOP_271,1,Doesn't work. The software crashes every time I open it.,2026-06-18
rev_pos_1809,PROD_LAPTOP_187,4,"Wow, this is an absolute game changer!",2026-06-04
rev_neg_1995,PROD_PHONE_232,1,"No manual included, and setup is impossible.",2026-06-17
rev_neg_1341,PROD_CLOTH_255,2,The screen cracked easily without any drop. Fragile.,2026-06-10
rev_neg_640,PROD_PHONE_283,2,Very expensive for such cheap material. Disappointed.,2026-06-13
rev_neu_17,PROD_CLOTH_311,3,It is fine. Just an average smartphone.,2026-06-24
rev_pos_31,PROD_LAPTOP_184,4,Absolutely love this device. Best purchase of the year!,2026-06-08
rev_neg_80,PROD_CLOTH_211,2,"No customer support at all, they ignored my emails.",2026-06-11
rev_pos_1498,PROD_CLOTH_136,4,The screen display is incredibly clear and beautiful.,2026-06-08
rev_pos_1187,PROD_BEAUTY_172,4,"Works like a charm, would buy again without hesitation.",2026-06-03
rev_pos_1340,PROD_LAPTOP_166,4,Perfect fit and very comfortable to wear.,2026-06-01
rev_pos_70,PROD_CLOTH_174,4,"Wow, this is an absolute game changer!",2026-06-09
rev_pos_1541,PROD_LAPTOP_166,5,"Very easy to use, setup was a breeze. Perfect!",2026-06-07
rev_neg_39,PROD_BEAUTY_210,1,The screen cracked easily without any drop. Fragile.,2026-06-19
rev_pos_38,PROD_CLOTH_185,4,Very robust and stands up to daily wear and tear.,2026-06-08
rev_neu_89,PROD_PHONE_387,3,"The shipping was ok, product is decent enough.",2026-06-20
rev_neu_78,PROD_LAPTOP_341,3,"Decent packaging, product performs averagely.",2026-06-25
rev_neg_1114,PROD_LAPTOP_212,2,"Very cheap plastic, feels like a toy.",2026-06-12
rev_neu_257,PROD_LAPTOP_302,3,"The product is okay, does the job but nothing special.",2026-06-22
rev_pos_655,PROD_LAPTOP_145,5,Not a single issue so far. Very reliable.,2026-06-04
rev_pos_1820,PROD_PHONE_197,5,Not a single issue so far. Very reliable.,2026-06-05
rev_neg_14,PROD_PHONE_277,1,Worst experience ever. The battery drains in two hours.,2026-06-11
rev_pos_116,PROD_LAPTOP_158,5,Not a single issue so far. Very reliable.,2026-06-06
rev_pos_1727,PROD_LAPTOP_128,4,"Great customer service, they resolved my issue in minutes.",2026-06-04
rev_neg_317,PROD_LAPTOP_214,2,The camera quality is awful and blurry.,2026-06-17
rev_neu_200,PROD_BEAUTY_392,3,"Shipping took longer than expected, but product is ok.",2026-06-20
rev_neu_750,PROD_PHONE_367,3,"Some aspects are good, others are quite disappointed.",2026-06-28
rev_neu_10,PROD_LAPTOP_365,3,"Neither great nor terrible, just in the middle.",2026-06-27
rev_neg_1368,PROD_PHONE_204,2,The setup was extremely hard and frustrating.,2026-06-14
rev_pos_836,PROD_BEAUTY_130,4,"No lag, games run super smooth on it.",2026-06-09
rev_pos_1859,PROD_BEAUTY_129,5,"Highly recommend this shop, wonderful customer service.",2026-06-08
rev_pos_21,PROD_PHONE_119,4,No problems at all. Solid hardware and easy to setup.,2026-06-03
rev_pos_835,PROD_CLOTH_157,4,The screen display is incredibly clear and beautiful.,2026-06-02
rev_pos_13,PROD_PHONE_177,5,The screen display is incredibly clear and beautiful.,2026-06-03
rev_pos_1015,PROD_PHONE_142,5,Simply the best one on the market right now.,2026-06-02
rev_neg_1381,PROD_PHONE_215,1,Never buy this. Waste of time and money.,2026-06-13
rev_pos_1870,PROD_LAPTOP_128,5,Extremely pleased with how fast this works.,2026-06-05
rev_neu_814,PROD_BEAUTY_315,3,"Shipping took longer than expected, but product is ok.",2026-06-25
rev_neu_934,PROD_LAPTOP_389,3,"The battery is okay, screen is average.",2026-06-20
rev_neg_1931,PROD_LAPTOP_298,1,"Not worth the money, quality is very poor.",2026-06-11
rev_neu_500,PROD_CLOTH_356,3,"Shipping took longer than expected, but product is ok.",2026-06-22
rev_neg_1818,PROD_BEAUTY_239,2,The camera quality is awful and blurry.,2026-06-16
rev_neg_68,PROD_LAPTOP_240,2,Never again. This is absolute trash.,2026-06-16
rev_pos_711,PROD_LAPTOP_124,4,"No quality issues, everything is in perfect condition.",2026-06-03
rev_neg_1188,PROD_PHONE_291,1,"Extremely noisy, sounds like it's going to explode.",2026-06-13
rev_pos_639,PROD_BEAUTY_134,5,Highly functional and has zero flaws.,2026-06-04
rev_pos_1983,PROD_PHONE_175,4,Very bright display and the colors are vibrant.,2026-06-04
rev_pos_200,PROD_LAPTOP_167,4,"Super light, compact, and extremely useful.",2026-06-07
rev_pos_1568,PROD_CLOTH_156,5,"Works like a charm, would buy again without hesitation.",2026-06-04
rev_neg_556,PROD_PHONE_244,2,Worst experience ever. The battery drains in two hours.,2026-06-11
rev_neg_130,PROD_LAPTOP_251,2,This is a scam. It does not work at all.,2026-06-15
rev_neu_379,PROD_PHONE_351,3,It is alright for the price point.,2026-06-27
rev_neg_1243,PROD_PHONE_274,1,The worst packaging I have ever seen. Damaged box.,2026-06-11
rev_pos_1925,PROD_CLOTH_177,5,"No defects, clean packaging, and works like a dream.",2026-06-02
rev_neg_1909,PROD_CLOTH_263,1,Very expensive for such cheap material. Disappointed.,2026-06-10
rev_pos_165,PROD_BEAUTY_194,4,Very bright display and the colors are vibrant.,2026-06-06
rev_pos_908,PROD_PHONE_121,4,"Highly recommend this shop, wonderful customer service.",2026-06-05
rev_pos_375,PROD_LAPTOP_197,5,"Outstanding performance, it exceeded my expectations.",2026-06-06
rev_pos_730,PROD_PHONE_158,4,Very satisfied with my purchase. It works perfectly.,2026-06-01
rev_neg_1196,PROD_BEAUTY_225,2,Very disappointed with the hardware quality. It broke on day one.,2026-06-10
rev_neu_23,PROD_LAPTOP_316,3,"The shipping was ok, product is decent enough.",2026-06-27
rev_neg_751,PROD_PHONE_246,2,The worst packaging I have ever seen. Damaged box.,2026-06-16
rev_pos_1099,PROD_LAPTOP_111,5,The sound quality is fantastic and clear.,2026-06-07
rev_pos_1675,PROD_BEAUTY_152,5,Very satisfied with my purchase. It works perfectly.,2026-06-05
rev_pos_1916,PROD_PHONE_180,4,Excellent value for money. Very durable material.,2026-06-05
rev_neg_800,PROD_CLOTH_296,2,Not durable. It tore apart after the first wash.,2026-06-18
rev_neu_143,PROD_LAPTOP_381,3,"Neither great nor terrible, just in the middle.",2026-06-27
rev_pos_386,PROD_LAPTOP_146,4,"No complaints here, works exactly as described.",2026-06-09
rev_neg_1622,PROD_CLOTH_236,1,"No connectivity, bluetooth keeps dropping.",2026-06-13
rev_pos_1935,PROD_BEAUTY_101,5,No problems at all. Solid hardware and easy to setup.,2026-06-07
rev_neu_752,PROD_BEAUTY_333,3,"It is a decent product, but has some limitations.",2026-06-20
rev_pos_621,PROD_PHONE_131,4,Great product! The quality is absolutely amazing.,2026-06-01
rev_neg_1972,PROD_PHONE_269,1,The camera quality is awful and blurry.,2026-06-16
rev_neg_473,PROD_LAPTOP_208,2,The device keeps flickering and lags constantly. Terrible!,2026-06-15
rev_neu_72,PROD_PHONE_355,3,"Neither great nor terrible, just in the middle.",2026-06-23
rev_pos_847,PROD_CLOTH_167,4,"Outstanding performance, it exceeded my expectations.",2026-06-04
rev_pos_412,PROD_CLOTH_195,5,"Outstanding performance, it exceeded my expectations.",2026-06-08
rev_neg_911,PROD_BEAUTY_266,1,The worst packaging I have ever seen. Damaged box.,2026-06-16
rev_neg_1273,PROD_BEAUTY_277,2,"Very cheap plastic, feels like a toy.",2026-06-19
rev_neg_919,PROD_CLOTH_208,1,Very expensive for such cheap material. Disappointed.,2026-06-15
rev_neu_100,PROD_BEAUTY_359,3,"The shipping was ok, product is decent enough.",2026-06-27
rev_pos_1492,PROD_BEAUTY_173,5,"No quality issues, everything is in perfect condition.",2026-06-04
rev_pos_952,PROD_CLOTH_109,5,No problems at all. Solid hardware and easy to setup.,2026-06-09
rev_neg_722,PROD_PHONE_235,2,Very disappointed. It looks nothing like the pictures.,2026-06-15
rev_neg_624,PROD_PHONE_258,2,Worst experience ever. The battery drains in two hours.,2026-06-17
rev_neu_892,PROD_BEAUTY_307,3,"No major complaints, but it could be improved.",2026-06-22
rev_neg_591,PROD_BEAUTY_271,1,"Terrible sound, very tinny and muffled.",2026-06-15
rev_neu_57,PROD_PHONE_394,3,"Decent packaging, product performs averagely.",2026-06-26
rev_pos_989,PROD_BEAUTY_170,4,"This phone is gr8, battery life is awesome.",2026-06-01
rev_neg_1760,PROD_BEAUTY_270,1,The camera quality is awful and blurry.,2026-06-13
rev_pos_1892,PROD_LAPTOP_106,5,"Outstanding performance, it exceeded my expectations.",2026-06-02
rev_neu_325,PROD_PHONE_382,3,"It's decent, fits the description but nothing exciting.",2026-06-28
rev_neg_1938,PROD_CLOTH_238,1,Not durable. It tore apart after the first wash.,2026-06-18
rev_pos_1431,PROD_CLOTH_148,5,Not a single issue so far. Very reliable.,2026-06-08
rev_neg_1349,PROD_LAPTOP_202,2,Never buy this. Waste of time and money.,2026-06-13
rev_neu_291,PROD_PHONE_362,3,"Okay for the price, but don't expect miracles.",2026-06-24
rev_neg_1987,PROD_CLOTH_231,2,"The sizing is completely wrong, way too small.",2026-06-10
rev_pos_1737,PROD_CLOTH_104,4,"Not bad at all, in fact it is an awsm product.",2026-06-09
rev_pos_1409,PROD_BEAUTY_114,4,Very robust and stands up to daily wear and tear.,2026-06-06
rev_neu_983,PROD_BEAUTY_362,3,"It works fine, but I expected more from this brand.",2026-06-20
rev_neg_346,PROD_CLOTH_246,1,Not recommended. The product has major design flaws.,2026-06-14
rev_neg_1702,PROD_BEAUTY_213,2,"Extremely bad design, hard to hold and uncomfortable.",2026-06-12
rev_pos_884,PROD_LAPTOP_182,4,Perfect fit and very comfortable to wear.,2026-06-02
rev_pos_357,PROD_BEAUTY_170,5,Extremely pleased with how fast this works.,2026-06-03
rev_neg_341,PROD_BEAUTY_293,2,The worst packaging I have ever seen. Damaged box.,2026-06-10
rev_neg_1663,PROD_PHONE_211,2,The customer service was extremely rude and unhelpful.,2026-06-14
rev_neg_1930,PROD_LAPTOP_260,1,"Poor battery life, won't even last half a day.",2026-06-13
rev_neg_49,PROD_PHONE_272,1,"Extremely bad design, hard to hold and uncomfortable.",2026-06-16
rev_pos_297,PROD_PHONE_139,4,"No complaints here, works exactly as described.",2026-06-09
rev_pos_691,PROD_BEAUTY_120,4,The sound quality is fantastic and clear.,2026-06-02
rev_neg_1170,PROD_BEAUTY_254,2,The screen cracked easily without any drop. Fragile.,2026-06-11
rev_neg_1612,PROD_LAPTOP_275,2,"Not worth the money, quality is very poor.",2026-06-13
rev_neu_835,PROD_BEAUTY_306,3,"Some aspects are good, others are quite disappointed.",2026-06-22
rev_pos_1427,PROD_PHONE_197,5,Excellent value for money. Very durable material.,2026-06-02
rev_neg_1133,PROD_CLOTH_233,2,The worst packaging I have ever seen. Damaged box.,2026-06-19
rev_pos_144,PROD_CLOTH_112,5,"No regrets buying this, highly recommended.",2026-06-04
rev_pos_1880,PROD_LAPTOP_163,5,"No delay in shipping, super happy with the delivery.",2026-06-05
rev_pos_1745,PROD_BEAUTY_126,5,"Works like a charm, would buy again without hesitation.",2026-06-08
rev_pos_1193,PROD_CLOTH_198,4,The software is incredibly fast and responsive.,2026-06-06
rev_pos_1272,PROD_PHONE_180,5,"Not cheap, but totally worth every single penny.",2026-06-06
rev_pos_1494,PROD_LAPTOP_106,5,"Works like a charm, would buy again without hesitation.",2026-06-07
rev_neg_338,PROD_BEAUTY_268,1,Very disappointed. It looks nothing like the pictures.,2026-06-10
rev_neu_751,PROD_BEAUTY_368,3,"The design is simple, functionality is average.",2026-06-20
rev_neg_173,PROD_BEAUTY_221,1,Poor packaging and the item was broken inside.,2026-06-19
rev_neg_1081,PROD_BEAUTY_204,1,Not durable. It tore apart after the first wash.,2026-06-17
rev_pos_1217,PROD_BEAUTY_189,5,"Very easy to use, setup was a breeze. Perfect!",2026-06-07
rev_neg_1810,PROD_CLOTH_298,2,"Terrible sound, very tinny and muffled.",2026-06-15
rev_pos_399,PROD_PHONE_173,4,Excellent value for money. Very durable material.,2026-06-02
rev_pos_516,PROD_CLOTH_138,4,The customer support staff was very helpful and responsive.,2026-06-05
rev_pos_668,PROD_CLOTH_172,4,"Outstanding performance, it exceeded my expectations.",2026-06-03
rev_pos_1824,PROD_LAPTOP_124,4,"No regrets buying this, highly recommended.",2026-06-01
rev_pos_750,PROD_CLOTH_164,5,"Wow, this is an absolute game changer!",2026-06-05
rev_neg_360,PROD_CLOTH_273,1,"Extremely bad design, hard to hold and uncomfortable.",2026-06-15
rev_neg_1202,PROD_CLOTH_247,1,Very expensive for such cheap material. Disappointed.,2026-06-10
rev_neg_113,PROD_CLOTH_264,2,Very disappointed with the hardware quality. It broke on day one.,2026-06-11
rev_pos_143,PROD_LAPTOP_124,4,Highly functional and has zero flaws.,2026-06-04
rev_neu_532,PROD_PHONE_305,3,"Average battery life, average display.",2026-06-24
rev_pos_1598,PROD_PHONE_104,5,"Works like a charm, would buy again without hesitation.",2026-06-09
rev_neu_735,PROD_PHONE_365,3,"The quality is passable, nothing to complain about.",2026-06-24
rev_pos_123,PROD_PHONE_199,4,Simply the best one on the market right now.,2026-06-03
rev_pos_118,PROD_BEAUTY_102,4,"Never disappointed with this brand, always top tier.",2026-06-09
rev_neg_1766,PROD_PHONE_234,2,Doesn't work. The software crashes every time I open it.,2026-06-17
rev_pos_764,PROD_PHONE_104,5,"No regrets buying this, highly recommended.",2026-06-09
rev_neg_683,PROD_PHONE_260,2,It has a terrible chemical smell. Returning immediately.,2026-06-12
rev_neu_113,PROD_LAPTOP_315,3,"Delivery was a bit slow, but the item arrived safe.",2026-06-23
rev_neg_278,PROD_CLOTH_290,1,"No manual included, and setup is impossible.",2026-06-18
rev_neg_856,PROD_CLOTH_263,2,"Very cheap plastic, feels like a toy.",2026-06-14
rev_neg_1713,PROD_CLOTH_210,1,"Extremely noisy, sounds like it's going to explode.",2026-06-10
rev_neg_1385,PROD_LAPTOP_227,1,Worst experience ever. The battery drains in two hours.,2026-06-11
rev_neu_282,PROD_PHONE_374,3,It is alright for the price point.,2026-06-25
rev_pos_1561,PROD_BEAUTY_153,4,Great product! The quality is absolutely amazing.,2026-06-08
rev_pos_229,PROD_BEAUTY_130,5,The screen display is incredibly clear and beautiful.,2026-06-06
rev_neg_970,PROD_BEAUTY_259,2,It stopped working after just a few days of light usage.,2026-06-17
rev_pos_1749,PROD_CLOTH_175,5,"Wow, this is an absolute game changer!",2026-06-01
rev_neg_910,PROD_PHONE_225,2,"Not worth the money, quality is very poor.",2026-06-13
rev_neu_164,PROD_CLOTH_321,3,Average quality for the price. Not bad but not great.,2026-06-26
rev_neg_664,PROD_CLOTH_240,2,The setup was extremely hard and frustrating.,2026-06-18
rev_neg_564,PROD_PHONE_259,2,"Extremely noisy, sounds like it's going to explode.",2026-06-14
rev_neu_304,PROD_CLOTH_356,3,"Average performance, nothing special about it.",2026-06-20
rev_pos_483,PROD_LAPTOP_180,5,Great product! The quality is absolutely amazing.,2026-06-04
rev_pos_1034,PROD_CLOTH_193,5,"Wow, this is an absolute game changer!",2026-06-08
rev_pos_1832,PROD_BEAUTY_187,5,Excellent value for money. Very durable material.,2026-06-03
rev_neg_1029,PROD_LAPTOP_241,2,Doesn't work. The software crashes every time I open it.,2026-06-14
rev_neg_320,PROD_LAPTOP_252,1,Not durable. It tore apart after the first wash.,2026-06-18
rev_neg_245,PROD_BEAUTY_251,2,"Extremely bad design, hard to hold and uncomfortable.",2026-06-11
rev_pos_1899,PROD_LAPTOP_149,4,"No delay in shipping, super happy with the delivery.",2026-06-08
rev_pos_557,PROD_BEAUTY_123,5,"No defects, clean packaging, and works like a dream.",2026-06-08
rev_neu_388,PROD_BEAUTY_348,3,"It works fine, but I expected more from this brand.",2026-06-25
rev_neg_1291,PROD_CLOTH_211,1,"No customer support at all, they ignored my emails.",2026-06-15
rev_pos_1507,PROD_PHONE_132,4,"Outstanding performance, it exceeded my expectations.",2026-06-09
rev_pos_1204,PROD_LAPTOP_184,4,"Very easy to use, setup was a breeze. Perfect!",2026-06-03
rev_pos_1685,PROD_PHONE_180,5,Absolutely love this device. Best purchase of the year!,2026-06-08
rev_neg_67,PROD_CLOTH_201,1,It stopped working after just a few days of light usage.,2026-06-15
rev_pos_1963,PROD_BEAUTY_161,4,"Super light, compact, and extremely useful.",2026-06-05
rev_neg_234,PROD_CLOTH_278,1,Very slow shipping and the item is defect.,2026-06-11
rev_pos_128,PROD_BEAUTY_162,4,The sound quality is fantastic and clear.,2026-06-02
rev_neg_1752,PROD_BEAUTY_240,2,Late delivery and the package arrived damaged.,2026-06-17
rev_neg_1958,PROD_BEAUTY_236,1,The worst packaging I have ever seen. Damaged box.,2026-06-10
rev_neg_1999,PROD_LAPTOP_208,1,The customer service was extremely rude and unhelpful.,2026-06-15
rev_neu_278,PROD_PHONE_349,3,"It works, but nothing outstanding.",2026-06-25
rev_neu_559,PROD_BEAUTY_326,3,"Standard product, does exactly what is advertised.",2026-06-26
rev_neg_601,PROD_BEAUTY_228,2,Worst experience ever. The battery drains in two hours.,2026-06-16
rev_neg_1173,PROD_PHONE_248,1,Never buy this. Waste of time and money.,2026-06-15
rev_neg_670,PROD_CLOTH_293,2,Very expensive for such cheap material. Disappointed.,2026-06-15
rev_neg_1200,PROD_BEAUTY_247,2,Not recommended. The product has major design flaws.,2026-06-13
rev_neg_992,PROD_CLOTH_210,1,Very disappointed. It looks nothing like the pictures.,2026-06-18
rev_neg_1932,PROD_CLOTH_205,2,Late delivery and the package arrived damaged.,2026-06-12
rev_pos_1871,PROD_PHONE_114,5,"Not bad at all, in fact it is an awsm product.",2026-06-02
rev_pos_662,PROD_CLOTH_123,5,Highly functional and has zero flaws.,2026-06-01
rev_neu_515,PROD_PHONE_399,3,"No quality issues, but design is quite boring.",2026-06-21
rev_neu_987,PROD_CLOTH_301,3,"Okay for basic usage, but not for heavy tasks.",2026-06-20
rev_neg_1485,PROD_BEAUTY_296,1,Doesn't work. The software crashes every time I open it.,2026-06-19
rev_pos_1087,PROD_LAPTOP_188,5,"Never disappointed with this brand, always top tier.",2026-06-01
rev_neu_179,PROD_PHONE_380,3,"Decent packaging, product performs averagely.",2026-06-26
rev_neg_1984,PROD_PHONE_294,1,Worst experience ever. The battery drains in two hours.,2026-06-10
rev_neu_352,PROD_BEAUTY_319,3,"It's decent, fits the description but nothing exciting.",2026-06-26
rev_neg_1784,PROD_CLOTH_203,2,Very slow shipping and the item is defect.,2026-06-19
rev_neu_189,PROD_BEAUTY_375,3,"No major complaints, but it could be improved.",2026-06-27
rev_pos_1280,PROD_LAPTOP_189,4,"No regrets buying this, highly recommended.",2026-06-03
rev_neu_984,PROD_BEAUTY_335,3,It is alright for the price point.,2026-06-26
rev_pos_1014,PROD_BEAUTY_139,5,The screen display is incredibly clear and beautiful.,2026-06-08
rev_pos_349,PROD_PHONE_103,4,"No delay in shipping, super happy with the delivery.",2026-06-03
rev_pos_1473,PROD_CLOTH_156,4,"No quality issues, everything is in perfect condition.",2026-06-07
rev_pos_807,PROD_BEAUTY_151,4,Very satisfied with my purchase. It works perfectly.,2026-06-04
rev_neg_1569,PROD_BEAUTY_291,2,Very expensive for such cheap material. Disappointed.,2026-06-12
rev_neg_1821,PROD_CLOTH_268,2,"Fake item, a complete scam. Do not buy!",2026-06-18
rev_neg_1412,PROD_BEAUTY_203,2,Late delivery and the package arrived damaged.,2026-06-10
rev_neg_637,PROD_LAPTOP_267,2,Very disappointed. It looks nothing like the pictures.,2026-06-17
rev_neg_1463,PROD_PHONE_230,1,The setup was extremely hard and frustrating.,2026-06-17
rev_neu_504,PROD_LAPTOP_309,3,"Some aspects are good, others are quite disappointed.",2026-06-27
rev_pos_1456,PROD_LAPTOP_102,5,"No lag, games run super smooth on it.",2026-06-09
rev_pos_1394,PROD_CLOTH_103,4,The sound quality is fantastic and clear.,2026-06-02
rev_pos_889,PROD_LAPTOP_159,5,"Love the packaging, it was wrapped very nicely.",2026-06-09
rev_pos_619,PROD_CLOTH_120,4,"No defects, clean packaging, and works like a dream.",2026-06-05
rev_neg_1221,PROD_BEAUTY_243,1,Poor packaging and the item was broken inside.,2026-06-19
rev_neu_67,PROD_CLOTH_363,3,"Neither great nor terrible, just in the middle.",2026-06-25
rev_pos_438,PROD_LAPTOP_121,4,Very satisfied with my purchase. It works perfectly.,2026-06-06
rev_neu_144,PROD_PHONE_382,3,"Not bad, it is just okay.",2026-06-21
rev_neg_716,PROD_CLOTH_295,2,Poor packaging and the item was broken inside.,2026-06-15
rev_pos_1140,PROD_PHONE_118,5,Very satisfied with my purchase. It works perfectly.,2026-06-01
rev_neu_975,PROD_PHONE_361,3,"Some aspects are good, others are quite disappointed.",2026-06-24
rev_pos_338,PROD_LAPTOP_169,5,No problems at all. Solid hardware and easy to setup.,2026-06-05
rev_neu_579,PROD_PHONE_332,3,"It works as expected, nothing more, nothing less.",2026-06-21
rev_pos_963,PROD_BEAUTY_187,5,Very robust and stands up to daily wear and tear.,2026-06-03
rev_neg_1286,PROD_LAPTOP_246,1,The camera quality is awful and blurry.,2026-06-11
rev_pos_1281,PROD_PHONE_139,4,Great product! The quality is absolutely amazing.,2026-06-02
rev_pos_343,PROD_CLOTH_165,5,Absolutely love this device. Best purchase of the year!,2026-06-03
rev_pos_1504,PROD_BEAUTY_190,4,"No complaints here, works exactly as described.",2026-06-07
rev_neg_1231,PROD_PHONE_299,2,The customer service was extremely rude and unhelpful.,2026-06-15
rev_neg_696,PROD_LAPTOP_265,1,"The sizing is completely wrong, way too small.",2026-06-11
rev_neg_1365,PROD_BEAUTY_205,1,This is a scam. It does not work at all.,2026-06-13
rev_pos_1419,PROD_LAPTOP_176,5,"Works like a charm, would buy again without hesitation.",2026-06-07
rev_pos_96,PROD_LAPTOP_191,5,The software is incredibly fast and responsive.,2026-06-07
rev_pos_145,PROD_CLOTH_122,4,The user interface is so smooth and intuitive. Love it.,2026-06-05
rev_pos_675,PROD_BEAUTY_175,5,Absolutely love this device. Best purchase of the year!,2026-06-02
rev_neg_595,PROD_CLOTH_271,1,"Poor battery life, won't even last half a day.",2026-06-17
rev_neg_1728,PROD_CLOTH_273,1,Completely useless. Do not waste your hard-earned money.,2026-06-10
rev_pos_982,PROD_LAPTOP_181,4,The software is incredibly fast and responsive.,2026-06-06
rev_neg_1699,PROD_CLOTH_254,2,"Terrible sound, very tinny and muffled.",2026-06-14
rev_neg_1195,PROD_BEAUTY_238,2,"Poor battery life, won't even last half a day.",2026-06-15
rev_neg_297,PROD_LAPTOP_226,2,Doesn't charge at all. Broken charging port.,2026-06-19
rev_pos_779,PROD_PHONE_184,5,"Not cheap, but totally worth every single penny.",2026-06-09
rev_neg_499,PROD_PHONE_247,1,Completely useless. Do not waste your hard-earned money.,2026-06-10
rev_pos_607,PROD_BEAUTY_154,5,"No complaints here, works exactly as described.",2026-06-07
rev_neg_1808,PROD_CLOTH_254,2,Terrible product! A complete waste of money.,2026-06-15
rev_pos_1797,PROD_CLOTH_198,5,The screen display is incredibly clear and beautiful.,2026-06-08
rev_neg_1948,PROD_PHONE_210,1,Worst experience ever. The battery drains in two hours.,2026-06-11
rev_neg_108,PROD_BEAUTY_233,1,It stopped working after just a few days of light usage.,2026-06-18
rev_neg_1164,PROD_PHONE_276,1,"Extremely slow performance, laggy and unusable.",2026-06-16
rev_neg_315,PROD_PHONE_270,2,Completely useless. Do not waste your hard-earned money.,2026-06-17
rev_neu_92,PROD_CLOTH_393,3,"No issues so far, but it feels a bit basic.",2026-06-28
rev_neu_346,PROD_LAPTOP_391,3,"Just an average device, nothing to write home about.",2026-06-26
rev_neu_400,PROD_BEAUTY_332,3,"No major complaints, but it could be improved.",2026-06-28
rev_pos_1398,PROD_LAPTOP_113,4,"Super light, compact, and extremely useful.",2026-06-01
rev_neg_1900,PROD_BEAUTY_237,1,"Fake item, a complete scam. Do not buy!",2026-06-16
rev_pos_1265,PROD_CLOTH_119,5,"Highly recommend this shop, wonderful customer service.",2026-06-06
rev_neg_1852,PROD_PHONE_260,2,The setup was extremely hard and frustrating.,2026-06-19
rev_neg_1352,PROD_PHONE_234,2,Doesn't charge at all. Broken charging port.,2026-06-18
rev_pos_1922,PROD_PHONE_148,4,"No delay in shipping, super happy with the delivery.",2026-06-04
rev_neu_127,PROD_LAPTOP_349,3,"Delivery was a bit slow, but the item arrived safe.",2026-06-27
rev_pos_1150,PROD_LAPTOP_178,5,"Never disappointed with this brand, always top tier.",2026-06-08
rev_pos_1542,PROD_PHONE_105,4,The user interface is so smooth and intuitive. Love it.,2026-06-09
rev_pos_365,PROD_CLOTH_125,4,The user interface is so smooth and intuitive. Love it.,2026-06-09
rev_neg_1160,PROD_BEAUTY_278,1,It has a terrible chemical smell. Returning immediately.,2026-06-16
rev_neg_131,PROD_BEAUTY_229,1,Doesn't charge at all. Broken charging port.,2026-06-11
rev_neg_887,PROD_PHONE_256,2,The worst packaging I have ever seen. Damaged box.,2026-06-11
rev_neg_514,PROD_LAPTOP_239,1,"Not worth the money, quality is very poor.",2026-06-10
rev_neg_1548,PROD_BEAUTY_287,2,Completely useless. Do not waste your hard-earned money.,2026-06-11
rev_neu_544,PROD_LAPTOP_345,3,It's fine. It does the job.,2026-06-25
rev_neg_1082,PROD_PHONE_232,2,It stopped working after just a few days of light usage.,2026-06-17
rev_pos_885,PROD_LAPTOP_133,4,"No delay in shipping, super happy with the delivery.",2026-06-02
rev_pos_328,PROD_LAPTOP_105,5,"Great customer service, they resolved my issue in minutes.",2026-06-06
rev_neg_647,PROD_CLOTH_211,2,Horrible experience. The item was missing parts.,2026-06-13
rev_pos_1715,PROD_PHONE_143,5,"Very easy to use, setup was a breeze. Perfect!",2026-06-04
rev_neg_859,PROD_PHONE_238,1,Completely useless. Do not waste your hard-earned money.,2026-06-16
rev_neg_916,PROD_PHONE_286,2,The screen cracked easily without any drop. Fragile.,2026-06-11
rev_pos_1491,PROD_PHONE_153,4,The user interface is so smooth and intuitive. Love it.,2026-06-06
rev_neg_850,PROD_BEAUTY_284,1,"No manual included, and setup is impossible.",2026-06-19
rev_neg_957,PROD_PHONE_289,1,Completely useless. Do not waste your hard-earned money.,2026-06-11
rev_pos_1446,PROD_CLOTH_148,4,"Great customer service, they resolved my issue in minutes.",2026-06-07
rev_pos_1081,PROD_LAPTOP_156,5,"No lag, games run super smooth on it.",2026-06-01
rev_pos_206,PROD_BEAUTY_138,5,"Super light, compact, and extremely useful.",2026-06-04
rev_pos_1906,PROD_PHONE_115,4,"Never disappointed with this brand, always top tier.",2026-06-09
rev_pos_729,PROD_LAPTOP_124,4,"No defects, clean packaging, and works like a dream.",2026-06-04
rev_neg_212,PROD_LAPTOP_279,2,Worst experience ever. The battery drains in two hours.,2026-06-16
rev_pos_1407,PROD_LAPTOP_156,5,"No regrets buying this, highly recommended.",2026-06-02
rev_pos_364,PROD_LAPTOP_144,5,The customer support staff was very helpful and responsive.,2026-06-09
rev_pos_1790,PROD_PHONE_153,4,The customer support staff was very helpful and responsive.,2026-06-09
rev_pos_1729,PROD_LAPTOP_147,5,"Super light, compact, and extremely useful.",2026-06-05
rev_neu_289,PROD_CLOTH_388,3,"Not bad, it is just okay.",2026-06-28
rev_neg_364,PROD_PHONE_237,2,The customer service was extremely rude and unhelpful.,2026-06-12
rev_neu_569,PROD_LAPTOP_398,3,"Just an average device, nothing to write home about.",2026-06-25
rev_neg_1646,PROD_PHONE_273,1,Never again. This is absolute trash.,2026-06-15
rev_neg_1484,PROD_PHONE_291,1,"Terrible sound, very tinny and muffled.",2026-06-17
rev_neu_903,PROD_CLOTH_399,3,"Not bad, but it lacks some advanced features.",2026-06-24
rev_neg_1678,PROD_LAPTOP_297,1,Doesn't charge at all. Broken charging port.,2026-06-14
rev_pos_432,PROD_LAPTOP_151,5,The software is incredibly fast and responsive.,2026-06-09
rev_pos_529,PROD_LAPTOP_181,5,Beautiful design and great build quality.,2026-06-05
rev_neg_1454,PROD_LAPTOP_288,1,Horrible experience. The item was missing parts.,2026-06-16
rev_neu_624,PROD_PHONE_358,3,"Decent build, but the software is a bit slow.",2026-06-24
rev_neu_347,PROD_LAPTOP_309,3,"It works fine, but I expected more from this brand.",2026-06-23
rev_pos_1510,PROD_CLOTH_159,5,Very robust and stands up to daily wear and tear.,2026-06-03
rev_pos_1286,PROD_CLOTH_108,4,"Great customer service, they resolved my issue in minutes.",2026-06-02
rev_neg_1446,PROD_LAPTOP_230,1,Completely useless. Do not waste your hard-earned money.,2026-06-19
rev_pos_109,PROD_BEAUTY_100,5,"No defects, clean packaging, and works like a dream.",2026-06-06
rev_neg_1091,PROD_CLOTH_289,2,"Cannot recommend this product, it lacks standard features.",2026-06-19
rev_neg_32,PROD_LAPTOP_240,1,Terrible product! A complete waste of money.,2026-06-12
rev_neu_380,PROD_BEAUTY_312,3,"Standard product, does exactly what is advertised.",2026-06-20
rev_neu_123,PROD_LAPTOP_316,3,"It is average. Some days it is fast, some days it is slow.",2026-06-23
rev_neu_478,PROD_BEAUTY_325,3,"Decent build, but the software is a bit slow.",2026-06-20
rev_pos_1775,PROD_BEAUTY_143,5,Absolutely love this device. Best purchase of the year!,2026-06-07
rev_pos_720,PROD_BEAUTY_104,4,"No complaints here, works exactly as described.",2026-06-07
rev_pos_1607,PROD_BEAUTY_166,4,"No defects, clean packaging, and works like a dream.",2026-06-04
rev_neu_384,PROD_BEAUTY_352,3,"Okay for the price, but don't expect miracles.",2026-06-21
rev_neu_899,PROD_BEAUTY_346,3,"The quality is passable, nothing to complain about.",2026-06-26
rev_neg_1061,PROD_LAPTOP_286,2,"No manual included, and setup is impossible.",2026-06-17
rev_neg_690,PROD_LAPTOP_286,2,"Extremely slow performance, laggy and unusable.",2026-06-14
rev_pos_1946,PROD_PHONE_178,5,Very satisfied with my purchase. It works perfectly.,2026-06-08
rev_neu_531,PROD_CLOTH_368,3,The color is slightly different but it works okay.,2026-06-21
rev_neu_84,PROD_PHONE_385,3,"Average performance, nothing special about it.",2026-06-24
rev_pos_947,PROD_LAPTOP_196,5,Not a single issue so far. Very reliable.,2026-06-06
rev_neg_256,PROD_PHONE_296,2,"Terrible sound, very tinny and muffled.",2026-06-16
rev_pos_76,PROD_PHONE_148,4,"No delay in shipping, super happy with the delivery.",2026-06-01
rev_neg_886,PROD_LAPTOP_280,1,Do not recommend this seller. Poor customer support.,2026-06-13
rev_pos_1070,PROD_CLOTH_164,4,Highly functional and has zero flaws.,2026-06-04
rev_neg_684,PROD_BEAUTY_219,2,Do not recommend this seller. Poor customer support.,2026-06-12
rev_pos_923,PROD_PHONE_148,4,Great product! The quality is absolutely amazing.,2026-06-04
rev_neu_974,PROD_CLOTH_355,3,"Shipping took longer than expected, but product is ok.",2026-06-23
rev_pos_1190,PROD_CLOTH_150,5,"No lag, games run super smooth on it.",2026-06-03
rev_neu_467,PROD_BEAUTY_367,3,"No major complaints, but it could be improved.",2026-06-24
rev_pos_1157,PROD_PHONE_114,5,Extremely pleased with how fast this works.,2026-06-06
rev_neg_1613,PROD_LAPTOP_282,1,Do not recommend this seller. Poor customer support.,2026-06-11
rev_pos_650,PROD_LAPTOP_151,4,"Love the packaging, it was wrapped very nicely.",2026-06-06
rev_neg_1167,PROD_BEAUTY_203,2,Never buy this. Waste of time and money.,2026-06-19
rev_neg_1345,PROD_LAPTOP_254,2,Never again. This is absolute trash.,2026-06-10
rev_neg_1444,PROD_LAPTOP_213,1,Not recommended. The product has major design flaws.,2026-06-11
rev_pos_86,PROD_PHONE_192,5,The sound quality is fantastic and clear.,2026-06-05
rev_pos_1141,PROD_CLOTH_111,5,"No defects, clean packaging, and works like a dream.",2026-06-01
rev_pos_1085,PROD_BEAUTY_102,5,"Not cheap, but totally worth every single penny.",2026-06-06
rev_neg_1430,PROD_BEAUTY_296,1,Very disappointed with the hardware quality. It broke on day one.,2026-06-12
rev_neu_563,PROD_PHONE_373,3,"Okay for basic usage, but not for heavy tasks.",2026-06-26
rev_neg_822,PROD_PHONE_291,2,"Terrible sound, very tinny and muffled.",2026-06-19
rev_pos_938,PROD_LAPTOP_186,4,I can't believe how good this is for the price.,2026-06-01
rev_pos_635,PROD_CLOTH_158,5,"Love the packaging, it was wrapped very nicely.",2026-06-02
rev_neu_196,PROD_LAPTOP_359,3,"It's decent, fits the description but nothing exciting.",2026-06-27
rev_neg_765,PROD_BEAUTY_220,1,This is a scam. It does not work at all.,2026-06-13
rev_pos_1269,PROD_PHONE_146,4,"No complaints here, works exactly as described.",2026-06-09
rev_pos_1415,PROD_CLOTH_122,5,Absolutely love this device. Best purchase of the year!,2026-06-01
rev_neu_810,PROD_CLOTH_370,3,"The shipping was ok, product is decent enough.",2026-06-21
rev_pos_676,PROD_CLOTH_117,5,The sound quality is fantastic and clear.,2026-06-03
rev_neu_226,PROD_BEAUTY_308,3,"No major complaints, but it could be improved.",2026-06-22
rev_neg_1496,PROD_CLOTH_271,1,"Cannot recommend this product, it lacks standard features.",2026-06-13
rev_pos_1440,PROD_PHONE_154,5,The sound quality is fantastic and clear.,2026-06-06
rev_neg_534,PROD_BEAUTY_299,2,Worst experience ever. The battery drains in two hours.,2026-06-14
rev_pos_1417,PROD_LAPTOP_150,4,No problems at all. Solid hardware and easy to setup.,2026-06-07
rev_neg_63,PROD_PHONE_208,1,Never again. This is absolute trash.,2026-06-13
rev_neg_1033,PROD_LAPTOP_275,2,Very slow shipping and the item is defect.,2026-06-14
rev_pos_1988,PROD_PHONE_161,5,"Not bad at all, in fact it is an awsm product.",2026-06-07
rev_pos_495,PROD_BEAUTY_155,4,The customer support staff was very helpful and responsive.,2026-06-06
rev_neu_813,PROD_LAPTOP_362,3,"It works, but nothing outstanding.",2026-06-28
rev_pos_1986,PROD_PHONE_116,4,"Works like a charm, would buy again without hesitation.",2026-06-04
rev_neg_334,PROD_BEAUTY_204,1,Poor packaging and the item was broken inside.,2026-06-14
rev_neu_491,PROD_PHONE_388,3,It is fine. Just an average smartphone.,2026-06-20
rev_pos_139,PROD_LAPTOP_139,5,"Love the packaging, it was wrapped very nicely.",2026-06-06
rev_neg_1542,PROD_LAPTOP_213,2,"Fake item, a complete scam. Do not buy!",2026-06-13
rev_neu_98,PROD_PHONE_388,3,"The price is fair, but usability is just okay.",2026-06-28
rev_neu_575,PROD_PHONE_364,3,"Okay for basic usage, but not for heavy tasks.",2026-06-27
rev_neg_1400,PROD_BEAUTY_209,1,Doesn't charge at all. Broken charging port.,2026-06-16
rev_neg_875,PROD_CLOTH_236,2,Not recommended. The product has major design flaws.,2026-06-19
rev_pos_443,PROD_CLOTH_100,5,"Incredibly fast shipping, arrived much earlier than expected.",2026-06-04
rev_neu_637,PROD_PHONE_386,3,"It is okay. Not the best, but not the worst.",2026-06-22
rev_pos_1362,PROD_PHONE_168,4,"Works like a charm, would buy again without hesitation.",2026-06-08
rev_pos_1176,PROD_PHONE_173,5,"This phone is gr8, battery life is awesome.",2026-06-05
rev_neu_538,PROD_BEAUTY_372,3,"It is average. Some days it is fast, some days it is slow.",2026-06-23
rev_pos_1211,PROD_CLOTH_191,5,"Super light, compact, and extremely useful.",2026-06-07
rev_pos_801,PROD_CLOTH_166,4,"No defects, clean packaging, and works like a dream.",2026-06-09
rev_pos_597,PROD_PHONE_117,4,The screen display is incredibly clear and beautiful.,2026-06-02
rev_neg_1009,PROD_BEAUTY_282,1,Very disappointed. It looks nothing like the pictures.,2026-06-15
rev_neu_303,PROD_LAPTOP_325,3,"No quality issues, but design is quite boring.",2026-06-24
rev_neg_449,PROD_BEAUTY_298,1,"Terrible sound, very tinny and muffled.",2026-06-13
rev_pos_1680,PROD_PHONE_131,5,"Love the packaging, it was wrapped very nicely.",2026-06-04
rev_neg_1203,PROD_BEAUTY_283,2,"No manual included, and setup is impossible.",2026-06-16
rev_neu_464,PROD_BEAUTY_358,3,"It works, but nothing outstanding.",2026-06-24
rev_neg_1208,PROD_PHONE_265,1,"No customer support at all, they ignored my emails.",2026-06-13
rev_pos_1995,PROD_BEAUTY_164,4,"Great customer service, they resolved my issue in minutes.",2026-06-09
rev_neg_566,PROD_CLOTH_254,2,The device keeps flickering and lags constantly. Terrible!,2026-06-15
rev_neg_1719,PROD_CLOTH_225,1,Poor packaging and the item was broken inside.,2026-06-13
rev_pos_1718,PROD_LAPTOP_168,4,"Very easy to use, setup was a breeze. Perfect!",2026-06-07
rev_neg_638,PROD_BEAUTY_201,2,"Cannot recommend this product, it lacks standard features.",2026-06-11
rev_pos_232,PROD_PHONE_142,4,The screen display is incredibly clear and beautiful.,2026-06-04
rev_neg_503,PROD_CLOTH_290,2,Very disappointed with the hardware quality. It broke on day one.,2026-06-12
rev_neg_225,PROD_BEAUTY_232,2,"No manual included, and setup is impossible.",2026-06-15
rev_neu_924,PROD_BEAUTY_339,3,"Decent build, but the software is a bit slow.",2026-06-25
rev_pos_758,PROD_CLOTH_152,4,"Very easy to use, setup was a breeze. Perfect!",2026-06-08
rev_pos_1165,PROD_BEAUTY_123,4,"Wow, this is an absolute game changer!",2026-06-02
rev_neu_327,PROD_LAPTOP_383,3,"The battery is okay, screen is average.",2026-06-28
rev_pos_890,PROD_BEAUTY_146,4,Very robust and stands up to daily wear and tear.,2026-06-09
rev_neg_524,PROD_LAPTOP_260,1,Late delivery and the package arrived damaged.,2026-06-12
rev_pos_1368,PROD_CLOTH_120,5,Beautiful design and great build quality.,2026-06-07
rev_neg_1043,PROD_BEAUTY_294,1,The setup was extremely hard and frustrating.,2026-06-15
rev_neg_79,PROD_CLOTH_220,1,It stopped working after just a few days of light usage.,2026-06-11
rev_neu_230,PROD_BEAUTY_342,3,"Okay for basic usage, but not for heavy tasks.",2026-06-26
rev_pos_423,PROD_LAPTOP_164,5,"Wow, this is an absolute game changer!",2026-06-08
rev_pos_175,PROD_BEAUTY_180,5,"Works like a charm, would buy again without hesitation.",2026-06-08
rev_neg_1517,PROD_PHONE_293,1,"Poor battery life, won't even last half a day.",2026-06-15
rev_pos_830,PROD_CLOTH_171,4,Highly functional and has zero flaws.,2026-06-08
rev_pos_1781,PROD_PHONE_168,5,"No quality issues, everything is in perfect condition.",2026-06-07
rev_neg_133,PROD_CLOTH_226,1,"The sizing is completely wrong, way too small.",2026-06-11
rev_neg_1376,PROD_BEAUTY_271,2,"No manual included, and setup is impossible.",2026-06-12
rev_pos_1736,PROD_CLOTH_129,4,The user interface is so smooth and intuitive. Love it.,2026-06-02
rev_pos_780,PROD_BEAUTY_113,4,"No delay in shipping, super happy with the delivery.",2026-06-09
rev_pos_1391,PROD_BEAUTY_158,4,"Works like a charm, would buy again without hesitation.",2026-06-02
rev_pos_866,PROD_CLOTH_197,4,Very bright display and the colors are vibrant.,2026-06-08
rev_neu_401,PROD_CLOTH_351,3,"It is average. Some days it is fast, some days it is slow.",2026-06-24
rev_neg_862,PROD_BEAUTY_223,1,The setup was extremely hard and frustrating.,2026-06-13
rev_neg_1710,PROD_CLOTH_290,1,Very disappointed with the hardware quality. It broke on day one.,2026-06-10
rev_pos_1666,PROD_LAPTOP_195,4,Fast connection and never disconnects.,2026-06-01
rev_neg_1696,PROD_CLOTH_220,2,The worst packaging I have ever seen. Damaged box.,2026-06-10
rev_neu_513,PROD_PHONE_326,3,"Okay for basic usage, but not for heavy tasks.",2026-06-28
rev_neu_13,PROD_BEAUTY_320,3,"The price is fair, but usability is just okay.",2026-06-20
rev_pos_549,PROD_CLOTH_141,4,"Wow, this is an absolute game changer!",2026-06-04
rev_neg_1515,PROD_CLOTH_206,1,Horrible experience. The item was missing parts.,2026-06-17
rev_pos_598,PROD_CLOTH_154,5,"Great customer service, they resolved my issue in minutes.",2026-06-06
rev_pos_1060,PROD_LAPTOP_140,4,"Not cheap, but totally worth every single penny.",2026-06-01
rev_neg_435,PROD_PHONE_204,1,The setup was extremely hard and frustrating.,2026-06-10
rev_neu_382,PROD_PHONE_383,3,"The product is okay, does the job but nothing special.",2026-06-24
rev_neg_1389,PROD_CLOTH_240,2,"No response from support, and return policy is a lie.",2026-06-14
rev_neg_753,PROD_CLOTH_216,1,Poor packaging and the item was broken inside.,2026-06-15
rev_neg_1668,PROD_LAPTOP_214,1,The device keeps flickering and lags constantly. Terrible!,2026-06-13
rev_neg_1068,PROD_PHONE_232,1,Late delivery and the package arrived damaged.,2026-06-18
rev_neu_83,PROD_LAPTOP_349,3,"The design is simple, functionality is average.",2026-06-21
rev_neg_1579,PROD_BEAUTY_228,2,This is a scam. It does not work at all.,2026-06-13
rev_pos_873,PROD_LAPTOP_128,4,Excellent value for money. Very durable material.,2026-06-05
rev_neu_161,PROD_LAPTOP_375,3,"Shipping took longer than expected, but product is ok.",2026-06-25
rev_pos_287,PROD_CLOTH_109,5,Very satisfied with my purchase. It works perfectly.,2026-06-02
rev_neg_1785,PROD_PHONE_260,2,"Poor battery life, won't even last half a day.",2026-06-17
rev_neu_381,PROD_CLOTH_374,3,"Not bad, but not particularly good either.",2026-06-22
rev_pos_403,PROD_CLOTH_184,4,I can't believe how good this is for the price.,2026-06-08
rev_pos_809,PROD_BEAUTY_140,5,No problems at all. Solid hardware and easy to setup.,2026-06-02
rev_neu_431,PROD_CLOTH_388,3,"Not bad, but not particularly good either.",2026-06-21
rev_pos_1400,PROD_CLOTH_185,4,"Highly recommend this shop, wonderful customer service.",2026-06-01
rev_neu_988,PROD_CLOTH_329,3,It's fine. It does the job.,2026-06-27
rev_pos_1291,PROD_CLOTH_153,4,"No quality issues, everything is in perfect condition.",2026-06-08
rev_neg_105,PROD_PHONE_271,2,"No manual included, and setup is impossible.",2026-06-19
rev_pos_1436,PROD_BEAUTY_133,4,The customer support staff was very helpful and responsive.,2026-06-08
rev_neg_1892,PROD_LAPTOP_246,2,Not durable. It tore apart after the first wash.,2026-06-17
rev_neg_1268,PROD_LAPTOP_218,1,"Very cheap plastic, feels like a toy.",2026-06-15
rev_neg_980,PROD_CLOTH_218,2,It stopped working after just a few days of light usage.,2026-06-13
rev_neg_1861,PROD_LAPTOP_226,2,"Cannot recommend this product, it lacks standard features.",2026-06-18
rev_pos_1710,PROD_LAPTOP_137,4,Extremely pleased with how fast this works.,2026-06-08
rev_pos_395,PROD_CLOTH_160,5,"Wow, this is an absolute game changer!",2026-06-01
rev_pos_497,PROD_CLOTH_105,5,"No defects, clean packaging, and works like a dream.",2026-06-02
rev_pos_1644,PROD_PHONE_134,5,Perfect fit and very comfortable to wear.,2026-06-01
rev_neg_689,PROD_BEAUTY_229,2,"Cannot recommend this product, it lacks standard features.",2026-06-17
rev_neg_161,PROD_PHONE_265,1,It has a terrible chemical smell. Returning immediately.,2026-06-14
rev_neg_903,PROD_BEAUTY_253,2,The setup was extremely hard and frustrating.,2026-06-17
rev_neg_1780,PROD_BEAUTY_242,1,"The sizing is completely wrong, way too small.",2026-06-10
rev_neu_867,PROD_CLOTH_314,3,"The price is fair, but usability is just okay.",2026-06-24
rev_neu_430,PROD_PHONE_314,3,"Delivery was a bit slow, but the item arrived safe.",2026-06-23
rev_pos_471,PROD_LAPTOP_150,4,"No regrets buying this, highly recommended.",2026-06-04
rev_pos_416,PROD_BEAUTY_112,5,Beautiful design and great build quality.,2026-06-03
rev_pos_1351,PROD_BEAUTY_133,4,"No defects, clean packaging, and works like a dream.",2026-06-06
rev_neg_1119,PROD_CLOTH_299,1,The camera quality is awful and blurry.,2026-06-16
rev_pos_106,PROD_LAPTOP_108,4,Not a single issue so far. Very reliable.,2026-06-07
rev_neg_402,PROD_BEAUTY_293,2,The setup was extremely hard and frustrating.,2026-06-17
rev_pos_1669,PROD_LAPTOP_100,5,"No delay in shipping, super happy with the delivery.",2026-06-04
rev_pos_238,PROD_CLOTH_106,4,"Incredibly fast shipping, arrived much earlier than expected.",2026-06-03
rev_pos_1465,PROD_CLOTH_117,4,"Works like a charm, would buy again without hesitation.",2026-06-01
rev_pos_280,PROD_CLOTH_144,4,"Not bad at all, in fact it is an awsm product.",2026-06-03
rev_neu_506,PROD_PHONE_317,3,"Decent packaging, product performs averagely.",2026-06-24
rev_pos_1161,PROD_BEAUTY_152,5,"Wow, this is an absolute game changer!",2026-06-01
rev_neg_1782,PROD_CLOTH_215,1,The screen cracked easily without any drop. Fragile.,2026-06-19
rev_pos_706,PROD_BEAUTY_196,5,No problems at all. Solid hardware and easy to setup.,2026-06-04
rev_pos_587,PROD_BEAUTY_180,4,The customer support staff was very helpful and responsive.,2026-06-05
rev_neg_730,PROD_CLOTH_203,1,Very disappointed with the hardware quality. It broke on day one.,2026-06-17
rev_neg_223,PROD_LAPTOP_299,1,Never buy this. Waste of time and money.,2026-06-11
rev_pos_945,PROD_CLOTH_143,4,Extremely pleased with how fast this works.,2026-06-02
rev_pos_1010,PROD_PHONE_119,5,"Works like a charm, would buy again without hesitation.",2026-06-01
rev_pos_1262,PROD_PHONE_156,4,"Super light, compact, and extremely useful.",2026-06-05
rev_pos_1397,PROD_PHONE_102,4,"Super light, compact, and extremely useful.",2026-06-08
rev_pos_301,PROD_LAPTOP_119,4,"Works like a charm, would buy again without hesitation.",2026-06-02
rev_pos_381,PROD_BEAUTY_102,5,Perfect fit and very comfortable to wear.,2026-06-02
rev_pos_8,PROD_PHONE_148,5,"Highly recommend this shop, wonderful customer service.",2026-06-02
rev_neg_1226,PROD_BEAUTY_206,2,"Not worth the money, quality is very poor.",2026-06-19
rev_neg_1006,PROD_CLOTH_220,2,Very slow shipping and the item is defect.,2026-06-19
rev_neu_718,PROD_LAPTOP_318,3,"No major complaints, but it could be improved.",2026-06-27
rev_pos_225,PROD_PHONE_130,4,Perfect fit and very comfortable to wear.,2026-06-09
rev_neg_1163,PROD_BEAUTY_277,2,"No connectivity, bluetooth keeps dropping.",2026-06-13
rev_neg_1623,PROD_LAPTOP_290,1,Do not recommend this seller. Poor customer support.,2026-06-18
rev_neu_818,PROD_LAPTOP_329,3,"The battery is okay, screen is average.",2026-06-25
rev_neg_1285,PROD_CLOTH_253,2,The customer service was extremely rude and unhelpful.,2026-06-12
rev_neg_305,PROD_BEAUTY_279,2,"No connectivity, bluetooth keeps dropping.",2026-06-10
rev_neg_416,PROD_CLOTH_261,1,Not durable. It tore apart after the first wash.,2026-06-18
rev_pos_1661,PROD_LAPTOP_152,4,Great product! The quality is absolutely amazing.,2026-06-09
rev_neu_839,PROD_BEAUTY_332,3,"The quality is passable, nothing to complain about.",2026-06-22
rev_neu_623,PROD_LAPTOP_370,3,It's fine. It does the job.,2026-06-21
rev_neg_933,PROD_LAPTOP_246,2,Very disappointed with the hardware quality. It broke on day one.,2026-06-14
rev_neg_1620,PROD_BEAUTY_292,2,The camera quality is awful and blurry.,2026-06-14
rev_pos_473,PROD_CLOTH_133,5,"Wow, this is an absolute game changer!",2026-06-06
rev_pos_367,PROD_LAPTOP_121,4,No problems at all. Solid hardware and easy to setup.,2026-06-06
rev_pos_1437,PROD_CLOTH_198,5,"Great customer service, they resolved my issue in minutes.",2026-06-05
rev_neg_1147,PROD_CLOTH_216,1,"No customer support at all, they ignored my emails.",2026-06-11
rev_neg_1787,PROD_PHONE_251,1,"Terrible sound, very tinny and muffled.",2026-06-17
rev_pos_1493,PROD_LAPTOP_111,4,"Incredibly fast shipping, arrived much earlier than expected.",2026-06-08
rev_pos_863,PROD_PHONE_168,5,"Incredibly fast shipping, arrived much earlier than expected.",2026-06-01
rev_neg_1593,PROD_CLOTH_258,2,"Fake item, a complete scam. Do not buy!",2026-06-11
rev_neu_511,PROD_LAPTOP_366,3,"Standard product, does exactly what is advertised.",2026-06-26
rev_pos_224,PROD_PHONE_104,4,"Not bad at all, in fact it is an awsm product.",2026-06-05
rev_pos_683,PROD_CLOTH_157,4,The customer support staff was very helpful and responsive.,2026-06-01
rev_neg_1244,PROD_LAPTOP_221,1,Late delivery and the package arrived damaged.,2026-06-16
rev_pos_784,PROD_PHONE_170,4,The user interface is so smooth and intuitive. Love it.,2026-06-08
rev_neu_678,PROD_LAPTOP_331,3,"The design is simple, functionality is average.",2026-06-26
rev_neg_871,PROD_PHONE_280,2,The screen cracked easily without any drop. Fragile.,2026-06-16
rev_neu_868,PROD_BEAUTY_373,3,"The design is simple, functionality is average.",2026-06-28
rev_neg_982,PROD_LAPTOP_243,2,Terrible product! A complete waste of money.,2026-06-14
rev_neg_439,PROD_LAPTOP_294,2,Very disappointed. It looks nothing like the pictures.,2026-06-14
rev_pos_846,PROD_BEAUTY_173,5,"No lag, games run super smooth on it.",2026-06-09
rev_neu_297,PROD_LAPTOP_328,3,"It works, but nothing outstanding.",2026-06-28
rev_pos_644,PROD_LAPTOP_187,4,"Not bad at all, in fact it is an awsm product.",2026-06-05
rev_pos_1332,PROD_BEAUTY_194,4,It is an awesome product. I will buy it again.,2026-06-04
rev_neg_853,PROD_LAPTOP_237,2,This is a scam. It does not work at all.,2026-06-16
rev_neu_43,PROD_LAPTOP_310,3,"It is a decent product, but has some limitations.",2026-06-28
rev_pos_1314,PROD_PHONE_152,4,"No defects, clean packaging, and works like a dream.",2026-06-09
rev_pos_246,PROD_BEAUTY_112,5,The user interface is so smooth and intuitive. Love it.,2026-06-02
rev_neg_594,PROD_CLOTH_272,1,"No response from support, and return policy is a lie.",2026-06-16
rev_neu_738,PROD_CLOTH_306,3,"Okay for basic usage, but not for heavy tasks.",2026-06-24
rev_pos_1183,PROD_BEAUTY_106,5,"No lag, games run super smooth on it.",2026-06-03
rev_pos_570,PROD_BEAUTY_121,5,The screen display is incredibly clear and beautiful.,2026-06-03
rev_neg_1966,PROD_PHONE_209,2,"No response from support, and return policy is a lie.",2026-06-18
rev_neg_375,PROD_BEAUTY_253,1,Horrible experience. The item was missing parts.,2026-06-13
rev_pos_1981,PROD_LAPTOP_183,5,Simply the best one on the market right now.,2026-06-05
rev_pos_1205,PROD_BEAUTY_178,5,Fast connection and never disconnects.,2026-06-08
rev_neg_946,PROD_LAPTOP_247,1,"Extremely bad design, hard to hold and uncomfortable.",2026-06-11
rev_neg_1876,PROD_PHONE_204,2,"Poor battery life, won't even last half a day.",2026-06-10
rev_neg_574,PROD_PHONE_218,2,It stopped working after just a few days of light usage.,2026-06-19
rev_neu_160,PROD_PHONE_373,3,It's fine. It does the job.,2026-06-26
rev_pos_532,PROD_BEAUTY_169,5,"Great customer service, they resolved my issue in minutes.",2026-06-01
rev_neg_89,PROD_PHONE_228,2,The customer service was extremely rude and unhelpful.,2026-06-16
rev_neg_59,PROD_BEAUTY_261,1,Horrible experience. The item was missing parts.,2026-06-15
rev_neg_1502,PROD_BEAUTY_284,1,Completely useless. Do not waste your hard-earned money.,2026-06-14
rev_neg_363,PROD_CLOTH_279,2,"Extremely slow performance, laggy and unusable.",2026-06-10
rev_neg_1947,PROD_PHONE_285,2,The screen cracked easily without any drop. Fragile.,2026-06-19
rev_neu_129,PROD_PHONE_301,3,"Delivery was a bit slow, but the item arrived safe.",2026-06-27
rev_neg_847,PROD_PHONE_285,2,Very disappointed. It looks nothing like the pictures.,2026-06-18
rev_neg_1717,PROD_BEAUTY_254,2,Completely useless. Do not waste your hard-earned money.,2026-06-16
rev_pos_1395,PROD_LAPTOP_188,4,"Love the packaging, it was wrapped very nicely.",2026-06-04
rev_neu_409,PROD_BEAUTY_301,3,"Average battery life, average display.",2026-06-25
rev_neu_294,PROD_LAPTOP_376,3,"It is average. Some days it is fast, some days it is slow.",2026-06-25
rev_neu_540,PROD_CLOTH_369,3,"The product is okay, does the job but nothing special.",2026-06-25
rev_pos_374,PROD_LAPTOP_140,5,The screen display is incredibly clear and beautiful.,2026-06-06
rev_pos_999,PROD_CLOTH_101,4,"Never disappointed with this brand, always top tier.",2026-06-01
rev_neg_367,PROD_BEAUTY_297,1,Late delivery and the package arrived damaged.,2026-06-11
rev_pos_130,PROD_CLOTH_178,4,"Super light, compact, and extremely useful.",2026-06-09
rev_pos_1559,PROD_PHONE_157,5,Perfect fit and very comfortable to wear.,2026-06-04
rev_neu_830,PROD_LAPTOP_361,3,"No quality issues, but design is quite boring.",2026-06-20
rev_neu_152,PROD_CLOTH_384,3,"Average battery life, average display.",2026-06-26
rev_neg_1256,PROD_BEAUTY_255,1,It stopped working after just a few days of light usage.,2026-06-16
rev_neu_819,PROD_BEAUTY_364,3,It's fine. It does the job.,2026-06-21
rev_pos_599,PROD_CLOTH_182,4,"Very easy to use, setup was a breeze. Perfect!",2026-06-02
rev_neg_216,PROD_CLOTH_288,2,"No connectivity, bluetooth keeps dropping.",2026-06-13
rev_neg_1490,PROD_CLOTH_272,1,Never again. This is absolute trash.,2026-06-19
rev_neu_982,PROD_BEAUTY_302,3,"Delivery was a bit slow, but the item arrived safe.",2026-06-28
rev_neg_1056,PROD_BEAUTY_229,2,"Terrible sound, very tinny and muffled.",2026-06-10
rev_neu_832,PROD_LAPTOP_367,3,"No major complaints, but it could be improved.",2026-06-20
rev_neg_1289,PROD_BEAUTY_243,1,"Cannot recommend this product, it lacks standard features.",2026-06-11
rev_pos_1918,PROD_BEAUTY_103,5,Highly functional and has zero flaws.,2026-06-04
rev_neg_1457,PROD_CLOTH_278,2,The setup was extremely hard and frustrating.,2026-06-15
rev_neg_408,PROD_CLOTH_204,1,"No connectivity, bluetooth keeps dropping.",2026-06-16
rev_pos_84,PROD_BEAUTY_100,4,"Never disappointed with this brand, always top tier.",2026-06-09
rev_neg_1567,PROD_PHONE_278,2,"No customer support at all, they ignored my emails.",2026-06-11
rev_pos_1072,PROD_BEAUTY_137,4,No problems at all. Solid hardware and easy to setup.,2026-06-07
rev_pos_430,PROD_CLOTH_174,5,"No delay in shipping, super happy with the delivery.",2026-06-01
rev_pos_698,PROD_PHONE_137,5,Great product! The quality is absolutely amazing.,2026-06-08
rev_neu_937,PROD_CLOTH_340,3,"No quality issues, but design is quite boring.",2026-06-22
rev_pos_1976,PROD_PHONE_100,4,Very satisfied with my purchase. It works perfectly.,2026-06-01
rev_neu_889,PROD_BEAUTY_323,3,"The price is fair, but usability is just okay.",2026-06-28
rev_pos_845,PROD_CLOTH_176,4,"Highly recommend this shop, wonderful customer service.",2026-06-01
rev_neu_701,PROD_CLOTH_311,3,"The product is okay, does the job but nothing special.",2026-06-22
rev_neu_16,PROD_LAPTOP_384,3,"The shipping was ok, product is decent enough.",2026-06-22
rev_neg_448,PROD_PHONE_257,2,Not recommended. The product has major design flaws.,2026-06-13
rev_pos_1005,PROD_CLOTH_110,4,Not a single issue so far. Very reliable.,2026-06-07
rev_neg_510,PROD_BEAUTY_211,1,"Terrible sound, very tinny and muffled.",2026-06-11
rev_neg_1161,PROD_LAPTOP_286,2,Very disappointed with the hardware quality. It broke on day one.,2026-06-17
rev_neg_354,PROD_PHONE_229,1,"Cannot recommend this product, it lacks standard features.",2026-06-11
rev_pos_1867,PROD_BEAUTY_185,5,"Love the packaging, it was wrapped very nicely.",2026-06-02
rev_pos_259,PROD_CLOTH_100,5,"Not cheap, but totally worth every single penny.",2026-06-03
rev_neg_895,PROD_CLOTH_287,2,"Terrible sound, very tinny and muffled.",2026-06-19
rev_pos_1254,PROD_BEAUTY_184,4,No problems at all. Solid hardware and easy to setup.,2026-06-03
rev_pos_1293,PROD_BEAUTY_130,5,I can't believe how good this is for the price.,2026-06-03
rev_pos_778,PROD_LAPTOP_126,5,"Never disappointed with this brand, always top tier.",2026-06-01
rev_neg_139,PROD_PHONE_218,2,The device keeps flickering and lags constantly. Terrible!,2026-06-10
rev_neg_474,PROD_CLOTH_280,1,"The sizing is completely wrong, way too small.",2026-06-10
rev_pos_1889,PROD_LAPTOP_127,4,The user interface is so smooth and intuitive. Love it.,2026-06-04
rev_neg_301,PROD_BEAUTY_229,1,Worst experience ever. The battery drains in two hours.,2026-06-10
rev_neg_808,PROD_BEAUTY_282,1,"Extremely bad design, hard to hold and uncomfortable.",2026-06-13
rev_pos_531,PROD_BEAUTY_176,4,Not a single issue so far. Very reliable.,2026-06-08
rev_neg_1572,PROD_PHONE_289,2,"Extremely bad design, hard to hold and uncomfortable.",2026-06-14
rev_neg_137,PROD_LAPTOP_238,1,"Cannot recommend this product, it lacks standard features.",2026-06-13
rev_neg_144,PROD_BEAUTY_280,1,"Poor battery life, won't even last half a day.",2026-06-11
rev_pos_1467,PROD_PHONE_110,4,Perfect fit and very comfortable to wear.,2026-06-06
rev_pos_304,PROD_BEAUTY_105,4,"No quality issues, everything is in perfect condition.",2026-06-07
rev_pos_1156,PROD_CLOTH_138,4,"Never disappointed with this brand, always top tier.",2026-06-09
rev_neg_1802,PROD_BEAUTY_200,2,The device keeps flickering and lags constantly. Terrible!,2026-06-10
rev_pos_1166,PROD_PHONE_134,5,"Not cheap, but totally worth every single penny.",2026-06-07
rev_neg_1813,PROD_BEAUTY_243,1,This is a scam. It does not work at all.,2026-06-14
rev_neu_499,PROD_CLOTH_379,3,The color is slightly different but it works okay.,2026-06-27
rev_neu_660,PROD_LAPTOP_391,3,"Some aspects are good, others are quite disappointed.",2026-06-20
rev_neu_622,PROD_PHONE_363,3,"The quality is passable, nothing to complain about.",2026-06-21
rev_neg_519,PROD_CLOTH_298,2,Not durable. It tore apart after the first wash.,2026-06-18
rev_pos_1905,PROD_LAPTOP_111,4,"Very easy to use, setup was a breeze. Perfect!",2026-06-09
rev_pos_1453,PROD_BEAUTY_126,5,"No defects, clean packaging, and works like a dream.",2026-06-06
rev_neu_946,PROD_LAPTOP_390,3,"No issues so far, but it feels a bit basic.",2026-06-24
rev_neg_7,PROD_BEAUTY_219,1,"No customer support at all, they ignored my emails.",2026-06-17
rev_neg_1526,PROD_LAPTOP_211,2,Very slow shipping and the item is defect.,2026-06-12
rev_pos_311,PROD_LAPTOP_155,5,"No delay in shipping, super happy with the delivery.",2026-06-02
rev_pos_1423,PROD_PHONE_115,5,Excellent value for money. Very durable material.,2026-06-05
rev_neu_94,PROD_LAPTOP_326,3,It is alright for the price point.,2026-06-25
rev_neg_1320,PROD_BEAUTY_269,2,"Very cheap plastic, feels like a toy.",2026-06-11
rev_pos_1731,PROD_CLOTH_129,5,The user interface is so smooth and intuitive. Love it.,2026-06-01
rev_pos_451,PROD_BEAUTY_129,5,"Wow, this is an absolute game changer!",2026-06-04
rev_pos_1642,PROD_CLOTH_133,5,Excellent value for money. Very durable material.,2026-06-07
rev_neu_212,PROD_LAPTOP_373,3,"Average performance, nothing special about it.",2026-06-24
rev_neg_1259,PROD_PHONE_232,1,Do not recommend this seller. Poor customer support.,2026-06-16
rev_neg_1727,PROD_CLOTH_274,1,Late delivery and the package arrived damaged.,2026-06-13
rev_neg_836,PROD_PHONE_277,2,Worst experience ever. The battery drains in two hours.,2026-06-10
rev_neu_124,PROD_BEAUTY_311,3,"Not bad, but not particularly good either.",2026-06-28
rev_pos_1302,PROD_LAPTOP_103,4,Very satisfied with my purchase. It works perfectly.,2026-06-08
rev_pos_1564,PROD_BEAUTY_173,4,I can't believe how good this is for the price.,2026-06-06
rev_neg_767,PROD_CLOTH_209,1,Very slow shipping and the item is defect.,2026-06-13
rev_pos_146,PROD_CLOTH_105,4,Great product! The quality is absolutely amazing.,2026-06-01
rev_pos_1848,PROD_BEAUTY_162,4,"Great customer service, they resolved my issue in minutes.",2026-06-02
rev_pos_1199,PROD_LAPTOP_184,4,"Wow, this is an absolute game changer!",2026-06-02
rev_pos_728,PROD_BEAUTY_117,5,Absolutely love this device. Best purchase of the year!,2026-06-09
rev_pos_1104,PROD_LAPTOP_183,5,"Very easy to use, setup was a breeze. Perfect!",2026-06-03
rev_pos_252,PROD_CLOTH_185,4,"Very easy to use, setup was a breeze. Perfect!",2026-06-02
rev_neg_674,PROD_PHONE_290,2,"Extremely noisy, sounds like it's going to explode.",2026-06-13
rev_neu_450,PROD_PHONE_300,3,"The price is fair, but usability is just okay.",2026-06-23
rev_pos_1478,PROD_BEAUTY_139,5,It is an awesome product. I will buy it again.,2026-06-06
rev_neg_1297,PROD_PHONE_295,2,"No response from support, and return policy is a lie.",2026-06-13
rev_neg_1021,PROD_CLOTH_241,1,Very expensive for such cheap material. Disappointed.,2026-06-16
rev_neg_1010,PROD_CLOTH_278,1,Not recommended. The product has major design flaws.,2026-06-10
rev_pos_418,PROD_CLOTH_141,4,"No regrets buying this, highly recommended.",2026-06-05
rev_neg_531,PROD_BEAUTY_231,2,The camera quality is awful and blurry.,2026-06-14
rev_neg_925,PROD_PHONE_217,1,It has a terrible chemical smell. Returning immediately.,2026-06-16
rev_neg_811,PROD_BEAUTY_223,1,"The sizing is completely wrong, way too small.",2026-06-18
rev_pos_1288,PROD_BEAUTY_131,4,Extremely pleased with how fast this works.,2026-06-01
rev_neg_966,PROD_CLOTH_295,2,It stopped working after just a few days of light usage.,2026-06-17
rev_neg_1280,PROD_BEAUTY_274,1,Horrible experience. The item was missing parts.,2026-06-13
rev_neg_717,PROD_LAPTOP_211,1,"Poor battery life, won't even last half a day.",2026-06-18
rev_neg_152,PROD_CLOTH_235,1,"Fake item, a complete scam. Do not buy!",2026-06-17
rev_neg_1664,PROD_CLOTH_283,2,Very slow shipping and the item is defect.,2026-06-18
rev_pos_979,PROD_LAPTOP_173,5,"Not bad at all, in fact it is an awsm product.",2026-06-09
rev_pos_800,PROD_PHONE_190,5,"Never disappointed with this brand, always top tier.",2026-06-09
rev_pos_233,PROD_PHONE_197,4,"Very easy to use, setup was a breeze. Perfect!",2026-06-09
rev_neu_674,PROD_PHONE_369,3,"Neither great nor terrible, just in the middle.",2026-06-25
rev_pos_503,PROD_CLOTH_177,4,"Love the packaging, it was wrapped very nicely.",2026-06-07
rev_neg_554,PROD_PHONE_233,2,Very disappointed. It looks nothing like the pictures.,2026-06-16
rev_neg_238,PROD_CLOTH_201,1,Never again. This is absolute trash.,2026-06-17
rev_pos_122,PROD_BEAUTY_189,4,"Not bad at all, in fact it is an awsm product.",2026-06-05
rev_neg_1096,PROD_LAPTOP_200,2,"Very cheap plastic, feels like a toy.",2026-06-16
rev_pos_151,PROD_LAPTOP_119,4,Absolutely love this device. Best purchase of the year!,2026-06-05
rev_neu_650,PROD_PHONE_373,3,"No issues so far, but it feels a bit basic.",2026-06-20
rev_neg_1523,PROD_LAPTOP_272,1,Very disappointed. It looks nothing like the pictures.,2026-06-19
rev_neg_1108,PROD_PHONE_271,2,Not durable. It tore apart after the first wash.,2026-06-10
rev_neg_1506,PROD_CLOTH_296,2,Doesn't charge at all. Broken charging port.,2026-06-11
rev_neg_1778,PROD_BEAUTY_200,2,The setup was extremely hard and frustrating.,2026-06-15
rev_pos_657,PROD_CLOTH_163,4,"Highly recommend this shop, wonderful customer service.",2026-06-07
rev_neg_518,PROD_PHONE_262,2,It has a terrible chemical smell. Returning immediately.,2026-06-15
rev_pos_177,PROD_BEAUTY_115,5,The user interface is so smooth and intuitive. Love it.,2026-06-01
rev_pos_1134,PROD_PHONE_116,4,The user interface is so smooth and intuitive. Love it.,2026-06-04
rev_neg_1714,PROD_CLOTH_262,2,Never again. This is absolute trash.,2026-06-14
rev_neg_1754,PROD_BEAUTY_211,2,"Fake item, a complete scam. Do not buy!",2026-06-11
rev_neg_8,PROD_CLOTH_218,2,Never buy this. Waste of time and money.,2026-06-17
rev_neg_618,PROD_PHONE_256,1,Doesn't work. The software crashes every time I open it.,2026-06-17
rev_neu_612,PROD_PHONE_312,3,Average quality for the price. Not bad but not great.,2026-06-27
rev_neu_370,PROD_CLOTH_381,3,"No issues so far, but it feels a bit basic.",2026-06-21
rev_neg_704,PROD_LAPTOP_298,2,Completely useless. Do not waste your hard-earned money.,2026-06-19
rev_pos_1851,PROD_CLOTH_162,5,Great product! The quality is absolutely amazing.,2026-06-08
rev_neg_1521,PROD_LAPTOP_244,1,"Poor battery life, won't even last half a day.",2026-06-10
rev_neu_802,PROD_LAPTOP_336,3,"The shipping was ok, product is decent enough.",2026-06-28
rev_neg_1689,PROD_PHONE_233,1,This is a scam. It does not work at all.,2026-06-11
rev_pos_1455,PROD_BEAUTY_151,4,Highly functional and has zero flaws.,2026-06-05
rev_pos_696,PROD_PHONE_106,4,"Not cheap, but totally worth every single penny.",2026-06-07
rev_neu_360,PROD_LAPTOP_312,3,"It is a decent product, but has some limitations.",2026-06-20
rev_neu_182,PROD_LAPTOP_305,3,"Just an average device, nothing to write home about.",2026-06-22
rev_pos_876,PROD_LAPTOP_192,4,"Never disappointed with this brand, always top tier.",2026-06-08
rev_pos_1566,PROD_BEAUTY_179,4,"No regrets buying this, highly recommended.",2026-06-06
rev_neu_881,PROD_CLOTH_335,3,"Some aspects are good, others are quite disappointed.",2026-06-26
rev_neg_447,PROD_BEAUTY_202,1,Completely useless. Do not waste your hard-earned money.,2026-06-17
rev_pos_164,PROD_BEAUTY_156,5,"No complaints here, works exactly as described.",2026-06-02
rev_pos_213,PROD_BEAUTY_104,5,"Highly recommend this shop, wonderful customer service.",2026-06-06
rev_neg_1059,PROD_CLOTH_294,1,"The sizing is completely wrong, way too small.",2026-06-15
rev_neg_285,PROD_LAPTOP_212,1,Very disappointed with the hardware quality. It broke on day one.,2026-06-11
rev_pos_401,PROD_LAPTOP_152,5,Excellent value for money. Very durable material.,2026-06-09
rev_pos_722,PROD_PHONE_143,5,"No delay in shipping, super happy with the delivery.",2026-06-05
rev_neg_310,PROD_CLOTH_209,1,"Terrible sound, very tinny and muffled.",2026-06-16
rev_neg_1937,PROD_BEAUTY_257,1,The camera quality is awful and blurry.,2026-06-13
rev_pos_242,PROD_BEAUTY_154,5,Very satisfied with my purchase. It works perfectly.,2026-06-02
rev_pos_1854,PROD_CLOTH_142,4,Not a single issue so far. Very reliable.,2026-06-02
rev_neg_6,PROD_BEAUTY_228,1,Horrible experience. The item was missing parts.,2026-06-15
rev_neg_1998,PROD_LAPTOP_224,1,"The sizing is completely wrong, way too small.",2026-06-16
rev_neg_818,PROD_BEAUTY_263,2,The device keeps flickering and lags constantly. Terrible!,2026-06-19
rev_neg_1901,PROD_PHONE_212,1,Horrible experience. The item was missing parts.,2026-06-18
rev_pos_593,PROD_CLOTH_147,4,"This phone is gr8, battery life is awesome.",2026-06-05
rev_pos_1441,PROD_CLOTH_107,5,"Outstanding performance, it exceeded my expectations.",2026-06-04
rev_neu_744,PROD_PHONE_398,3,"Average performance, nothing special about it.",2026-06-21
rev_pos_583,PROD_BEAUTY_102,4,"Highly recommend this shop, wonderful customer service.",2026-06-02
rev_neu_319,PROD_BEAUTY_327,3,It is alright for the price point.,2026-06-20
rev_pos_1575,PROD_CLOTH_145,5,"Incredibly fast shipping, arrived much earlier than expected.",2026-06-03
rev_pos_953,PROD_CLOTH_145,5,"No quality issues, everything is in perfect condition.",2026-06-04
rev_pos_959,PROD_BEAUTY_147,4,"Wow, this is an absolute game changer!",2026-06-06
rev_neg_1041,PROD_PHONE_238,2,Terrible product! A complete waste of money.,2026-06-17
rev_pos_1333,PROD_CLOTH_134,5,"Love the packaging, it was wrapped very nicely.",2026-06-09
rev_neg_1921,PROD_BEAUTY_210,1,It stopped working after just a few days of light usage.,2026-06-10
rev_neg_1903,PROD_LAPTOP_255,2,Not durable. It tore apart after the first wash.,2026-06-14
rev_pos_479,PROD_CLOTH_197,5,Perfect fit and very comfortable to wear.,2026-06-08
rev_neu_314,PROD_LAPTOP_345,3,"The price is fair, but usability is just okay.",2026-06-22
rev_neu_700,PROD_CLOTH_358,3,"The shipping was ok, product is decent enough.",2026-06-20
rev_pos_704,PROD_CLOTH_128,5,Fast connection and never disconnects.,2026-06-05
rev_neg_1549,PROD_PHONE_251,2,"Extremely noisy, sounds like it's going to explode.",2026-06-17
rev_neg_1770,PROD_LAPTOP_200,2,"Poor battery life, won't even last half a day.",2026-06-18
rev_neu_176,PROD_BEAUTY_383,3,"No quality issues, but design is quite boring.",2026-06-28
rev_neg_951,PROD_PHONE_200,1,"Cannot recommend this product, it lacks standard features.",2026-06-16
rev_neg_183,PROD_BEAUTY_228,2,Worst experience ever. The battery drains in two hours.,2026-06-12
rev_neg_292,PROD_LAPTOP_232,1,"The sizing is completely wrong, way too small.",2026-06-17
rev_neu_981,PROD_LAPTOP_348,3,"Shipping took longer than expected, but product is ok.",2026-06-20
rev_pos_5,PROD_BEAUTY_143,4,Great product! The quality is absolutely amazing.,2026-06-05
rev_neg_1687,PROD_CLOTH_224,1,Poor packaging and the item was broken inside.,2026-06-16
rev_neu_949,PROD_BEAUTY_305,3,"Decent build, but the software is a bit slow.",2026-06-26
rev_pos_724,PROD_CLOTH_195,4,"Love the packaging, it was wrapped very nicely.",2026-06-08
rev_neg_406,PROD_LAPTOP_293,1,"No manual included, and setup is impossible.",2026-06-11
rev_pos_1052,PROD_CLOTH_186,4,Beautiful design and great build quality.,2026-06-08
rev_neg_659,PROD_BEAUTY_214,2,"No connectivity, bluetooth keeps dropping.",2026-06-12
rev_neu_721,PROD_LAPTOP_300,3,"Nothing special, just a standard item.",2026-06-25
rev_neg_170,PROD_BEAUTY_287,1,Horrible experience. The item was missing parts.,2026-06-16
rev_pos_575,PROD_CLOTH_131,4,It is an awesome product. I will buy it again.,2026-06-07
rev_pos_1386,PROD_CLOTH_140,4,"This phone is gr8, battery life is awesome.",2026-06-05
rev_neg_1351,PROD_CLOTH_292,1,Very expensive for such cheap material. Disappointed.,2026-06-15
rev_neg_1423,PROD_PHONE_250,1,"No customer support at all, they ignored my emails.",2026-06-14
rev_pos_1602,PROD_LAPTOP_199,5,"Wow, this is an absolute game changer!",2026-06-05
rev_neg_1511,PROD_PHONE_214,1,Very disappointed. It looks nothing like the pictures.,2026-06-16
rev_pos_771,PROD_CLOTH_196,5,The sound quality is fantastic and clear.,2026-06-04
rev_neg_1110,PROD_CLOTH_207,1,Not recommended. The product has major design flaws.,2026-06-18
rev_neg_651,PROD_PHONE_256,2,Very slow shipping and the item is defect.,2026-06-11
rev_neg_1747,PROD_BEAUTY_233,1,Very disappointed with the hardware quality. It broke on day one.,2026-06-14
rev_pos_1910,PROD_LAPTOP_188,5,Highly functional and has zero flaws.,2026-06-02
rev_pos_1191,PROD_BEAUTY_162,5,The sound quality is fantastic and clear.,2026-06-01
rev_neg_744,PROD_LAPTOP_201,1,The device keeps flickering and lags constantly. Terrible!,2026-06-12
rev_pos_1528,PROD_CLOTH_193,5,"No lag, games run super smooth on it.",2026-06-03
rev_pos_44,PROD_BEAUTY_123,4,Fast connection and never disconnects.,2026-06-05
rev_pos_1323,PROD_BEAUTY_173,4,"Not cheap, but totally worth every single penny.",2026-06-01
rev_neg_993,PROD_CLOTH_208,2,The screen cracked easily without any drop. Fragile.,2026-06-17
rev_neg_4,PROD_CLOTH_202,1,"No customer support at all, they ignored my emails.",2026-06-18
rev_pos_126,PROD_PHONE_172,5,"This phone is gr8, battery life is awesome.",2026-06-01
rev_pos_1236,PROD_CLOTH_189,4,Simply the best one on the market right now.,2026-06-04
rev_neg_1252,PROD_LAPTOP_259,1,It stopped working after just a few days of light usage.,2026-06-12
rev_pos_997,PROD_BEAUTY_169,5,"Not cheap, but totally worth every single penny.",2026-06-04
rev_neg_799,PROD_PHONE_214,2,The customer service was extremely rude and unhelpful.,2026-06-13
rev_neu_713,PROD_CLOTH_311,3,"Not bad, but it lacks some advanced features.",2026-06-22
rev_pos_462,PROD_LAPTOP_138,5,Beautiful design and great build quality.,2026-06-07
rev_neg_84,PROD_BEAUTY_246,1,"No response from support, and return policy is a lie.",2026-06-18
rev_neu_520,PROD_CLOTH_318,3,"Okay packaging, shipping was standard.",2026-06-28
rev_pos_433,PROD_CLOTH_147,4,"Not cheap, but totally worth every single penny.",2026-06-04
rev_pos_498,PROD_LAPTOP_140,4,"No delay in shipping, super happy with the delivery.",2026-06-01
rev_pos_1316,PROD_LAPTOP_131,5,Great product! The quality is absolutely amazing.,2026-06-06
rev_neg_125,PROD_CLOTH_253,2,"No customer support at all, they ignored my emails.",2026-06-13
rev_neg_1272,PROD_BEAUTY_275,1,The worst packaging I have ever seen. Damaged box.,2026-06-11
rev_pos_1969,PROD_LAPTOP_151,4,"Love the packaging, it was wrapped very nicely.",2026-06-01
rev_neg_204,PROD_CLOTH_255,1,Poor packaging and the item was broken inside.,2026-06-13
rev_pos_1722,PROD_LAPTOP_193,5,"Great customer service, they resolved my issue in minutes.",2026-06-02
rev_pos_1375,PROD_LAPTOP_103,5,Perfect fit and very comfortable to wear.,2026-06-01
rev_pos_1921,PROD_CLOTH_118,5,Simply the best one on the market right now.,2026-06-04
rev_neu_858,PROD_PHONE_330,3,"Not bad, but it lacks some advanced features.",2026-06-28
rev_pos_1484,PROD_CLOTH_164,4,"This phone is gr8, battery life is awesome.",2026-06-02
rev_neg_397,PROD_LAPTOP_221,2,The screen cracked easily without any drop. Fragile.,2026-06-14
rev_pos_378,PROD_CLOTH_149,4,"This phone is gr8, battery life is awesome.",2026-06-07
rev_pos_1800,PROD_CLOTH_102,4,"No regrets buying this, highly recommended.",2026-06-08
rev_pos_1845,PROD_BEAUTY_156,5,"Works like a charm, would buy again without hesitation.",2026-06-02
rev_pos_1605,PROD_PHONE_158,5,Fast connection and never disconnects.,2026-06-06
rev_neu_243,PROD_PHONE_338,3,"The battery is okay, screen is average.",2026-06-23
rev_neu_277,PROD_PHONE_379,3,"The quality is passable, nothing to complain about.",2026-06-22
rev_neg_1603,PROD_BEAUTY_220,2,"The sizing is completely wrong, way too small.",2026-06-12
rev_pos_1518,PROD_PHONE_163,5,The software is incredibly fast and responsive.,2026-06-01
rev_pos_1200,PROD_PHONE_175,5,"No defects, clean packaging, and works like a dream.",2026-06-08
rev_pos_472,PROD_CLOTH_148,5,Extremely pleased with how fast this works.,2026-06-08
rev_neg_321,PROD_PHONE_292,1,"Terrible sound, very tinny and muffled.",2026-06-13
rev_pos_441,PROD_LAPTOP_165,5,Very satisfied with my purchase. It works perfectly.,2026-06-07
rev_pos_67,PROD_PHONE_142,4,"No delay in shipping, super happy with the delivery.",2026-06-03
rev_neg_342,PROD_CLOTH_268,2,Worst experience ever. The battery drains in two hours.,2026-06-17
rev_pos_1586,PROD_LAPTOP_160,4,Beautiful design and great build quality.,2026-06-06
rev_neu_847,PROD_BEAUTY_375,3,The color is slightly different but it works okay.,2026-06-23
rev_pos_811,PROD_PHONE_177,4,"Highly recommend this shop, wonderful customer service.",2026-06-05
rev_pos_1896,PROD_BEAUTY_135,5,No problems at all. Solid hardware and easy to setup.,2026-06-08
rev_pos_972,PROD_LAPTOP_194,4,Not a single issue so far. Very reliable.,2026-06-03
rev_neg_1360,PROD_PHONE_248,2,Horrible experience. The item was missing parts.,2026-06-17
rev_neg_1943,PROD_BEAUTY_279,2,Not recommended. The product has major design flaws.,2026-06-15
rev_pos_1930,PROD_BEAUTY_123,5,It is an awesome product. I will buy it again.,2026-06-08
rev_pos_831,PROD_CLOTH_154,5,"Great customer service, they resolved my issue in minutes.",2026-06-01
rev_neu_125,PROD_PHONE_360,3,"It is average. Some days it is fast, some days it is slow.",2026-06-26
rev_neu_77,PROD_LAPTOP_397,3,"Nothing special, just a standard item.",2026-06-26
rev_pos_493,PROD_BEAUTY_148,4,"Highly recommend this shop, wonderful customer service.",2026-06-07
rev_neg_1733,PROD_PHONE_253,2,Not durable. It tore apart after the first wash.,2026-06-16
rev_neu_748,PROD_CLOTH_328,3,"The shipping was ok, product is decent enough.",2026-06-25
rev_neg_509,PROD_PHONE_243,2,"The sizing is completely wrong, way too small.",2026-06-17
rev_neg_147,PROD_PHONE_243,1,"Terrible sound, very tinny and muffled.",2026-06-15
rev_neg_1097,PROD_PHONE_238,2,"Cannot recommend this product, it lacks standard features.",2026-06-12
rev_neg_340,PROD_LAPTOP_296,2,The worst packaging I have ever seen. Damaged box.,2026-06-10
rev_pos_1876,PROD_PHONE_168,5,"This phone is gr8, battery life is awesome.",2026-06-08
rev_pos_178,PROD_LAPTOP_139,4,Very bright display and the colors are vibrant.,2026-06-09
rev_neg_991,PROD_CLOTH_265,1,"Very cheap plastic, feels like a toy.",2026-06-11
rev_neg_909,PROD_PHONE_269,2,Very expensive for such cheap material. Disappointed.,2026-06-17
rev_neg_936,PROD_BEAUTY_243,2,Doesn't work. The software crashes every time I open it.,2026-06-10
rev_neg_3,PROD_PHONE_245,1,It stopped working after just a few days of light usage.,2026-06-13
rev_pos_1578,PROD_CLOTH_145,5,Perfect fit and very comfortable to wear.,2026-06-01
rev_pos_321,PROD_LAPTOP_191,4,Very bright display and the colors are vibrant.,2026-06-03
rev_neu_856,PROD_BEAUTY_363,3,"Average battery life, average display.",2026-06-25
rev_neg_1863,PROD_LAPTOP_214,1,"Extremely bad design, hard to hold and uncomfortable.",2026-06-18
rev_pos_203,PROD_CLOTH_158,5,"Love the packaging, it was wrapped very nicely.",2026-06-05
rev_pos_323,PROD_LAPTOP_185,5,It is an awesome product. I will buy it again.,2026-06-02
rev_pos_906,PROD_LAPTOP_105,4,Beautiful design and great build quality.,2026-06-03
rev_neg_481,PROD_LAPTOP_200,1,"Very cheap plastic, feels like a toy.",2026-06-13
rev_neu_831,PROD_PHONE_362,3,"Okay for basic usage, but not for heavy tasks.",2026-06-25
rev_neg_1177,PROD_LAPTOP_229,2,The camera quality is awful and blurry.,2026-06-16
rev_pos_1413,PROD_CLOTH_187,5,The user interface is so smooth and intuitive. Love it.,2026-06-08
rev_neg_75,PROD_BEAUTY_205,2,Never again. This is absolute trash.,2026-06-16
rev_neg_1207,PROD_LAPTOP_295,1,Terrible product! A complete waste of money.,2026-06-18
rev_neg_1586,PROD_CLOTH_249,2,Very disappointed with the hardware quality. It broke on day one.,2026-06-18
rev_pos_1830,PROD_BEAUTY_194,5,Very satisfied with my purchase. It works perfectly.,2026-06-04
rev_neg_217,PROD_PHONE_221,2,The customer service was extremely rude and unhelpful.,2026-06-12
rev_pos_1627,PROD_BEAUTY_143,4,Not a single issue so far. Very reliable.,2026-06-09
rev_neg_1590,PROD_LAPTOP_206,2,Horrible experience. The item was missing parts.,2026-06-13
rev_neu_811,PROD_PHONE_341,3,"No issues so far, but it feels a bit basic.",2026-06-20
rev_pos_463,PROD_LAPTOP_128,5,"No quality issues, everything is in perfect condition.",2026-06-05
rev_pos_792,PROD_BEAUTY_179,5,The sound quality is fantastic and clear.,2026-06-05
rev_pos_1075,PROD_LAPTOP_197,5,"No complaints here, works exactly as described.",2026-06-03
rev_pos_285,PROD_PHONE_145,5,"Not cheap, but totally worth every single penny.",2026-06-09
rev_pos_1101,PROD_CLOTH_157,5,"Super light, compact, and extremely useful.",2026-06-09
rev_neg_1159,PROD_BEAUTY_291,1,Worst experience ever. The battery drains in two hours.,2026-06-17
rev_pos_659,PROD_BEAUTY_125,4,Not a single issue so far. Very reliable.,2026-06-09
rev_neg_920,PROD_BEAUTY_260,2,"No response from support, and return policy is a lie.",2026-06-15
rev_neu_821,PROD_PHONE_397,3,"Neither great nor terrible, just in the middle.",2026-06-27
rev_pos_371,PROD_BEAUTY_131,5,The user interface is so smooth and intuitive. Love it.,2026-06-07
rev_neg_460,PROD_BEAUTY_289,1,"Fake item, a complete scam. Do not buy!",2026-06-11
rev_pos_596,PROD_BEAUTY_178,4,The screen display is incredibly clear and beautiful.,2026-06-08
rev_neg_793,PROD_CLOTH_299,2,It stopped working after just a few days of light usage.,2026-06-12
rev_neg_1439,PROD_LAPTOP_235,1,"Extremely slow performance, laggy and unusable.",2026-06-15
rev_neg_682,PROD_CLOTH_268,2,The device keeps flickering and lags constantly. Terrible!,2026-06-15
rev_neu_362,PROD_LAPTOP_367,3,"The design is simple, functionality is average.",2026-06-23
rev_neg_796,PROD_CLOTH_279,2,"Fake item, a complete scam. Do not buy!",2026-06-17
rev_neg_270,PROD_LAPTOP_295,1,Very disappointed with the hardware quality. It broke on day one.,2026-06-13
rev_pos_453,PROD_BEAUTY_178,4,"Not bad at all, in fact it is an awsm product.",2026-06-01
rev_neg_1348,PROD_CLOTH_220,2,"Very cheap plastic, feels like a toy.",2026-06-17
rev_neu_866,PROD_LAPTOP_307,3,"Not bad, but not particularly good either.",2026-06-24
rev_pos_125,PROD_PHONE_175,4,"No complaints here, works exactly as described.",2026-06-04
rev_neg_436,PROD_BEAUTY_262,1,Doesn't charge at all. Broken charging port.,2026-06-10
rev_pos_755,PROD_BEAUTY_106,4,The software is incredibly fast and responsive.,2026-06-02
rev_neu_218,PROD_PHONE_301,3,"The price is fair, but usability is just okay.",2026-06-27
rev_neg_888,PROD_LAPTOP_218,2,"Extremely bad design, hard to hold and uncomfortable.",2026-06-18
rev_pos_332,PROD_CLOTH_165,5,"Highly recommend this shop, wonderful customer service.",2026-06-07
rev_pos_1893,PROD_BEAUTY_119,5,Very robust and stands up to daily wear and tear.,2026-06-07
rev_pos_775,PROD_PHONE_176,5,Not a single issue so far. Very reliable.,2026-06-01
rev_neu_59,PROD_BEAUTY_333,3,"No issues so far, but it feels a bit basic.",2026-06-23
rev_neu_361,PROD_PHONE_341,3,It is alright for the price point.,2026-06-22
rev_neg_326,PROD_LAPTOP_263,2,Do not recommend this seller. Poor customer support.,2026-06-15
rev_pos_786,PROD_PHONE_173,4,Great product! The quality is absolutely amazing.,2026-06-08
rev_neg_1649,PROD_BEAUTY_208,1,"Terrible sound, very tinny and muffled.",2026-06-12
rev_neg_546,PROD_CLOTH_286,2,Not recommended. The product has major design flaws.,2026-06-16
rev_pos_1604,PROD_PHONE_106,5,Very robust and stands up to daily wear and tear.,2026-06-02
rev_pos_939,PROD_PHONE_120,4,Simply the best one on the market right now.,2026-06-02
rev_neg_325,PROD_PHONE_284,2,Not recommended. The product has major design flaws.,2026-06-11
rev_pos_692,PROD_CLOTH_176,4,Extremely pleased with how fast this works.,2026-06-08
rev_neu_804,PROD_CLOTH_313,3,"The product is okay, does the job but nothing special.",2026-06-26
rev_neg_775,PROD_LAPTOP_266,2,The screen cracked easily without any drop. Fragile.,2026-06-11
rev_neg_1953,PROD_PHONE_210,1,"Fake item, a complete scam. Do not buy!",2026-06-12
rev_neg_318,PROD_CLOTH_224,2,Poor packaging and the item was broken inside.,2026-06-15
rev_neg_1970,PROD_PHONE_207,1,Very disappointed. It looks nothing like the pictures.,2026-06-16
rev_neu_754,PROD_PHONE_320,3,"Some aspects are good, others are quite disappointed.",2026-06-25
rev_pos_700,PROD_BEAUTY_114,4,The user interface is so smooth and intuitive. Love it.,2026-06-05
rev_neg_1795,PROD_LAPTOP_292,1,Poor packaging and the item was broken inside.,2026-06-19
rev_pos_1872,PROD_PHONE_173,4,The sound quality is fantastic and clear.,2026-06-06
rev_pos_226,PROD_BEAUTY_147,5,"Very easy to use, setup was a breeze. Perfect!",2026-06-09
rev_neg_1308,PROD_PHONE_267,2,The worst packaging I have ever seen. Damaged box.,2026-06-15
rev_neu_487,PROD_BEAUTY_320,3,"It works as expected, nothing more, nothing less.",2026-06-26
rev_neu_760,PROD_PHONE_307,3,"Neither great nor terrible, just in the middle.",2026-06-23
rev_pos_1751,PROD_BEAUTY_126,5,"No defects, clean packaging, and works like a dream.",2026-06-07
rev_neg_1617,PROD_CLOTH_266,2,Never again. This is absolute trash.,2026-06-18
rev_pos_560,PROD_BEAUTY_117,4,"Outstanding performance, it exceeded my expectations.",2026-06-04
rev_neg_1695,PROD_CLOTH_267,1,This is a scam. It does not work at all.,2026-06-11
rev_neu_762,PROD_BEAUTY_370,3,"The battery is okay, screen is average.",2026-06-20
rev_neg_469,PROD_LAPTOP_267,1,The worst packaging I have ever seen. Damaged box.,2026-06-17
rev_pos_1049,PROD_LAPTOP_166,4,"Not cheap, but totally worth every single penny.",2026-06-02
rev_pos_1904,PROD_CLOTH_115,5,Great product! The quality is absolutely amazing.,2026-06-01
rev_pos_435,PROD_BEAUTY_189,5,Very bright display and the colors are vibrant.,2026-06-09
rev_pos_356,PROD_BEAUTY_103,4,"Very easy to use, setup was a breeze. Perfect!",2026-06-06
rev_pos_1709,PROD_PHONE_145,4,Simply the best one on the market right now.,2026-06-01
rev_pos_1879,PROD_CLOTH_164,5,Very bright display and the colors are vibrant.,2026-06-02
rev_neu_648,PROD_CLOTH_358,3,"The design is simple, functionality is average.",2026-06-24
rev_neg_123,PROD_BEAUTY_252,2,Poor packaging and the item was broken inside.,2026-06-16
rev_pos_1947,PROD_CLOTH_113,5,The sound quality is fantastic and clear.,2026-06-01
rev_pos_1383,PROD_LAPTOP_106,5,"Very easy to use, setup was a breeze. Perfect!",2026-06-05
rev_pos_577,PROD_PHONE_181,5,Not a single issue so far. Very reliable.,2026-06-02
rev_pos_1088,PROD_CLOTH_121,4,Not a single issue so far. Very reliable.,2026-06-01
rev_pos_18,PROD_LAPTOP_133,5,"No complaints here, works exactly as described.",2026-06-03
rev_neg_1095,PROD_LAPTOP_209,1,The camera quality is awful and blurry.,2026-06-13
rev_neg_1382,PROD_BEAUTY_219,2,"Extremely slow performance, laggy and unusable.",2026-06-11
rev_pos_1021,PROD_CLOTH_141,5,"No regrets buying this, highly recommended.",2026-06-03
rev_neg_1425,PROD_BEAUTY_231,2,"Cannot recommend this product, it lacks standard features.",2026-06-18
rev_neu_166,PROD_LAPTOP_393,3,"The battery is okay, screen is average.",2026-06-21
rev_neg_814,PROD_CLOTH_209,2,"Extremely bad design, hard to hold and uncomfortable.",2026-06-12
rev_neg_1479,PROD_LAPTOP_261,2,The worst packaging I have ever seen. Damaged box.,2026-06-18
rev_pos_605,PROD_PHONE_102,5,"No quality issues, everything is in perfect condition.",2026-06-02
rev_pos_814,PROD_CLOTH_191,5,"No lag, games run super smooth on it.",2026-06-08
rev_pos_1767,PROD_BEAUTY_131,4,"No complaints here, works exactly as described.",2026-06-03
rev_neg_478,PROD_CLOTH_222,1,Worst experience ever. The battery drains in two hours.,2026-06-14
rev_pos_329,PROD_LAPTOP_199,5,"Wow, this is an absolute game changer!",2026-06-08
rev_pos_1257,PROD_LAPTOP_199,5,Highly functional and has zero flaws.,2026-06-02
rev_pos_1261,PROD_PHONE_118,5,"No quality issues, everything is in perfect condition.",2026-06-09
rev_pos_816,PROD_CLOTH_189,5,"Outstanding performance, it exceeded my expectations.",2026-06-02
rev_neg_1731,PROD_BEAUTY_277,2,Horrible experience. The item was missing parts.,2026-06-18
rev_pos_980,PROD_CLOTH_141,5,"No quality issues, everything is in perfect condition.",2026-06-09
rev_neg_482,PROD_LAPTOP_218,1,The setup was extremely hard and frustrating.,2026-06-12
rev_neu_502,PROD_CLOTH_396,3,"Nothing special, just a standard item.",2026-06-28
rev_pos_1902,PROD_PHONE_166,5,"No complaints here, works exactly as described.",2026-06-09
rev_pos_41,PROD_BEAUTY_159,5,"Outstanding performance, it exceeded my expectations.",2026-06-01
rev_pos_1300,PROD_CLOTH_126,5,Very satisfied with my purchase. It works perfectly.,2026-06-07
rev_neu_134,PROD_LAPTOP_341,3,"Decent build, but the software is a bit slow.",2026-06-27
rev_neg_576,PROD_PHONE_223,2,The camera quality is awful and blurry.,2026-06-14
rev_pos_1864,PROD_LAPTOP_127,4,"No regrets buying this, highly recommended.",2026-06-03
rev_pos_1972,PROD_LAPTOP_128,5,Beautiful design and great build quality.,2026-06-06
rev_pos_1861,PROD_CLOTH_177,5,"This phone is gr8, battery life is awesome.",2026-06-04
rev_neg_625,PROD_CLOTH_237,2,"Extremely bad design, hard to hold and uncomfortable.",2026-06-17
rev_neg_1988,PROD_PHONE_249,1,Very expensive for such cheap material. Disappointed.,2026-06-16
rev_neg_1667,PROD_PHONE_218,1,The screen cracked easily without any drop. Fragile.,2026-06-16
rev_neu_885,PROD_PHONE_394,3,It's fine. It does the job.,2026-06-26
rev_pos_1359,PROD_PHONE_151,5,"Not bad at all, in fact it is an awsm product.",2026-06-04
rev_neg_1279,PROD_PHONE_264,2,"No customer support at all, they ignored my emails.",2026-06-14
rev_pos_456,PROD_LAPTOP_169,5,"No complaints here, works exactly as described.",2026-06-04
rev_neu_107,PROD_BEAUTY_387,3,"It works fine, but I expected more from this brand.",2026-06-22
rev_pos_848,PROD_LAPTOP_153,4,"No quality issues, everything is in perfect condition.",2026-06-09
rev_pos_1649,PROD_LAPTOP_147,4,Very robust and stands up to daily wear and tear.,2026-06-09
rev_neg_718,PROD_CLOTH_265,2,"Extremely slow performance, laggy and unusable.",2026-06-11
rev_neg_1149,PROD_PHONE_243,1,The device keeps flickering and lags constantly. Terrible!,2026-06-19
rev_pos_817,PROD_BEAUTY_117,4,"Highly recommend this shop, wonderful customer service.",2026-06-07
rev_pos_1960,PROD_LAPTOP_114,5,Very robust and stands up to daily wear and tear.,2026-06-02
rev_neg_816,PROD_PHONE_277,2,"Very cheap plastic, feels like a toy.",2026-06-13
rev_pos_909,PROD_PHONE_192,5,"No quality issues, everything is in perfect condition.",2026-06-05
rev_neu_475,PROD_LAPTOP_354,3,"Decent packaging, product performs averagely.",2026-06-20
rev_neu_680,PROD_PHONE_312,3,"It works as expected, nothing more, nothing less.",2026-06-28
rev_neu_434,PROD_BEAUTY_335,3,"It is a decent product, but has some limitations.",2026-06-25
rev_pos_1831,PROD_PHONE_146,5,It is an awesome product. I will buy it again.,2026-06-01
rev_neg_380,PROD_PHONE_221,2,"Cannot recommend this product, it lacks standard features.",2026-06-11
rev_pos_1784,PROD_BEAUTY_189,4,"Highly recommend this shop, wonderful customer service.",2026-06-01
rev_pos_941,PROD_PHONE_194,4,"No complaints here, works exactly as described.",2026-06-02
rev_neg_1007,PROD_PHONE_215,2,This is a scam. It does not work at all.,2026-06-10
rev_neg_1362,PROD_BEAUTY_297,2,The worst packaging I have ever seen. Damaged box.,2026-06-13
rev_neg_289,PROD_PHONE_256,1,Poor packaging and the item was broken inside.,2026-06-15
rev_neu_931,PROD_BEAUTY_316,3,"The shipping was ok, product is decent enough.",2026-06-26
rev_pos_1490,PROD_CLOTH_122,4,"No regrets buying this, highly recommended.",2026-06-06
rev_neg_143,PROD_PHONE_262,2,The setup was extremely hard and frustrating.,2026-06-10
rev_neg_678,PROD_PHONE_209,2,It has a terrible chemical smell. Returning immediately.,2026-06-13
rev_neg_1402,PROD_PHONE_204,2,"No customer support at all, they ignored my emails.",2026-06-10
rev_pos_878,PROD_PHONE_124,5,"This phone is gr8, battery life is awesome.",2026-06-06
rev_pos_1112,PROD_LAPTOP_120,5,Perfect fit and very comfortable to wear.,2026-06-04
rev_neg_136,PROD_BEAUTY_281,1,Very disappointed with the hardware quality. It broke on day one.,2026-06-15
rev_neg_931,PROD_LAPTOP_281,1,Very expensive for such cheap material. Disappointed.,2026-06-15
rev_pos_1064,PROD_LAPTOP_193,5,No problems at all. Solid hardware and easy to setup.,2026-06-02
rev_pos_313,PROD_CLOTH_130,5,Very satisfied with my purchase. It works perfectly.,2026-06-07
rev_pos_1982,PROD_PHONE_113,5,The screen display is incredibly clear and beautiful.,2026-06-03
rev_pos_610,PROD_CLOTH_189,4,"No complaints here, works exactly as described.",2026-06-07
rev_neu_979,PROD_LAPTOP_317,3,It is an average item. Neither good nor bad.,2026-06-22
rev_neg_1438,PROD_LAPTOP_293,1,Doesn't charge at all. Broken charging port.,2026-06-11
rev_neu_800,PROD_CLOTH_320,3,The color is slightly different but it works okay.,2026-06-24
rev_neg_373,PROD_BEAUTY_246,2,"Extremely bad design, hard to hold and uncomfortable.",2026-06-11
rev_pos_880,PROD_CLOTH_140,4,"Great customer service, they resolved my issue in minutes.",2026-06-07
rev_pos_1234,PROD_CLOTH_132,5,"No lag, games run super smooth on it.",2026-06-01
rev_neg_107,PROD_BEAUTY_218,1,Terrible product! A complete waste of money.,2026-06-17
rev_pos_1,PROD_PHONE_175,4,"Very easy to use, setup was a breeze. Perfect!",2026-06-07
rev_neg_779,PROD_CLOTH_245,2,The worst packaging I have ever seen. Damaged box.,2026-06-11
rev_pos_1703,PROD_BEAUTY_176,5,"Works like a charm, would buy again without hesitation.",2026-06-06
rev_neu_805,PROD_PHONE_301,3,"Decent packaging, product performs averagely.",2026-06-25
rev_neu_992,PROD_PHONE_301,3,"The quality is passable, nothing to complain about.",2026-06-24
rev_neg_34,PROD_CLOTH_218,2,"Terrible sound, very tinny and muffled.",2026-06-11
rev_pos_1115,PROD_LAPTOP_156,4,The screen display is incredibly clear and beautiful.,2026-06-08
rev_neg_135,PROD_PHONE_273,1,Very expensive for such cheap material. Disappointed.,2026-06-16
rev_neg_1405,PROD_BEAUTY_268,1,"Very cheap plastic, feels like a toy.",2026-06-15
rev_pos_1429,PROD_CLOTH_169,5,Perfect fit and very comfortable to wear.,2026-06-06
rev_neg_1849,PROD_PHONE_254,2,"No connectivity, bluetooth keeps dropping.",2026-06-15
rev_pos_1171,PROD_BEAUTY_193,5,"Works like a charm, would buy again without hesitation.",2026-06-09
rev_neg_1993,PROD_LAPTOP_230,1,Not recommended. The product has major design flaws.,2026-06-16
rev_neu_697,PROD_CLOTH_388,3,"Standard product, does exactly what is advertised.",2026-06-25
rev_pos_1606,PROD_CLOTH_138,4,It is an awesome product. I will buy it again.,2026-06-05
rev_neg_119,PROD_BEAUTY_213,1,"Fake item, a complete scam. Do not buy!",2026-06-17
rev_neg_1997,PROD_CLOTH_220,1,Poor packaging and the item was broken inside.,2026-06-13
rev_neg_1483,PROD_PHONE_237,2,"No connectivity, bluetooth keeps dropping.",2026-06-14
rev_pos_1131,PROD_CLOTH_172,4,"Highly recommend this shop, wonderful customer service.",2026-06-03
rev_pos_679,PROD_CLOTH_116,5,Not a single issue so far. Very reliable.,2026-06-03
rev_neg_17,PROD_PHONE_201,1,"No customer support at all, they ignored my emails.",2026-06-11
rev_neg_1788,PROD_PHONE_234,1,"The sizing is completely wrong, way too small.",2026-06-11
rev_neg_1138,PROD_BEAUTY_261,1,"Extremely slow performance, laggy and unusable.",2026-06-14
rev_pos_1179,PROD_LAPTOP_135,4,"No delay in shipping, super happy with the delivery.",2026-06-02
rev_neg_817,PROD_BEAUTY_234,1,"No manual included, and setup is impossible.",2026-06-19
rev_neu_626,PROD_LAPTOP_397,3,"It works fine, but I expected more from this brand.",2026-06-24
rev_neg_327,PROD_CLOTH_246,2,Never buy this. Waste of time and money.,2026-06-18
rev_neg_1001,PROD_CLOTH_226,2,Terrible product! A complete waste of money.,2026-06-12
rev_pos_490,PROD_CLOTH_145,4,It is an awesome product. I will buy it again.,2026-06-05
rev_neg_698,PROD_BEAUTY_257,2,The camera quality is awful and blurry.,2026-06-12
rev_pos_910,PROD_BEAUTY_177,4,No problems at all. Solid hardware and easy to setup.,2026-06-08
rev_neu_717,PROD_BEAUTY_392,3,"No major complaints, but it could be improved.",2026-06-20
rev_neu_776,PROD_LAPTOP_399,3,"Decent build, but the software is a bit slow.",2026-06-27
rev_pos_1270,PROD_BEAUTY_197,4,The sound quality is fantastic and clear.,2026-06-05
rev_neg_1390,PROD_PHONE_225,1,Horrible experience. The item was missing parts.,2026-06-16
rev_neg_1724,PROD_PHONE_239,2,"Poor battery life, won't even last half a day.",2026-06-15
rev_neg_646,PROD_BEAUTY_222,1,"Extremely bad design, hard to hold and uncomfortable.",2026-06-10
rev_pos_199,PROD_CLOTH_145,4,Highly functional and has zero flaws.,2026-06-06
rev_neg_307,PROD_BEAUTY_233,2,Late delivery and the package arrived damaged.,2026-06-13
rev_neu_862,PROD_LAPTOP_382,3,"Some aspects are good, others are quite disappointed.",2026-06-22
rev_neg_1418,PROD_CLOTH_221,2,The device keeps flickering and lags constantly. Terrible!,2026-06-19
rev_neg_1411,PROD_CLOTH_248,1,"No connectivity, bluetooth keeps dropping.",2026-06-17
rev_neg_1127,PROD_CLOTH_260,2,"Not worth the money, quality is very poor.",2026-06-18
rev_pos_1143,PROD_BEAUTY_195,4,"No lag, games run super smooth on it.",2026-06-06
rev_neg_65,PROD_LAPTOP_234,1,Very slow shipping and the item is defect.,2026-06-11
rev_neu_38,PROD_LAPTOP_319,3,"It is a decent product, but has some limitations.",2026-06-21
rev_neu_386,PROD_LAPTOP_369,3,"Shipping took longer than expected, but product is ok.",2026-06-24
rev_pos_51,PROD_PHONE_195,4,The screen display is incredibly clear and beautiful.,2026-06-06
rev_neu_534,PROD_BEAUTY_326,3,"Okay for basic usage, but not for heavy tasks.",2026-06-26
rev_neg_1740,PROD_CLOTH_221,1,Terrible product! A complete waste of money.,2026-06-16
rev_pos_1145,PROD_BEAUTY_170,4,Not a single issue so far. Very reliable.,2026-06-02
rev_pos_1019,PROD_LAPTOP_194,5,Not a single issue so far. Very reliable.,2026-06-01
rev_neg_16,PROD_LAPTOP_298,1,Late delivery and the package arrived damaged.,2026-06-11
rev_neu_262,PROD_BEAUTY_358,3,"Just an average device, nothing to write home about.",2026-06-25
rev_neg_176,PROD_PHONE_268,2,This is a scam. It does not work at all.,2026-06-18
rev_neu_943,PROD_BEAUTY_362,3,It is fine. Just an average smartphone.,2026-06-27
rev_neu_894,PROD_LAPTOP_358,3,"Nothing special, just a standard item.",2026-06-22
rev_pos_457,PROD_CLOTH_129,4,Very satisfied with my purchase. It works perfectly.,2026-06-06
rev_pos_1249,PROD_PHONE_186,5,"No quality issues, everything is in perfect condition.",2026-06-01
rev_neg_1391,PROD_BEAUTY_211,2,Never again. This is absolute trash.,2026-06-19
rev_pos_1380,PROD_CLOTH_180,5,"No defects, clean packaging, and works like a dream.",2026-06-08
rev_pos_1044,PROD_BEAUTY_167,5,"No defects, clean packaging, and works like a dream.",2026-06-05
rev_neg_53,PROD_LAPTOP_264,1,The device keeps flickering and lags constantly. Terrible!,2026-06-12
rev_neg_896,PROD_LAPTOP_287,2,Very disappointed. It looks nothing like the pictures.,2026-06-17
rev_neg_348,PROD_LAPTOP_256,2,It stopped working after just a few days of light usage.,2026-06-17
rev_pos_74,PROD_LAPTOP_152,4,It is an awesome product. I will buy it again.,2026-06-01
rev_neu_175,PROD_BEAUTY_343,3,Average quality for the price. Not bad but not great.,2026-06-28
rev_neg_1835,PROD_BEAUTY_232,1,The device keeps flickering and lags constantly. Terrible!,2026-06-14
rev_neu_428,PROD_BEAUTY_392,3,"Average battery life, average display.",2026-06-20
rev_pos_1500,PROD_BEAUTY_123,4,The user interface is so smooth and intuitive. Love it.,2026-06-07
rev_pos_1756,PROD_LAPTOP_137,4,The user interface is so smooth and intuitive. Love it.,2026-06-09
rev_pos_930,PROD_PHONE_127,4,Fast connection and never disconnects.,2026-06-09
rev_neu_926,PROD_LAPTOP_376,3,"Neither great nor terrible, just in the middle.",2026-06-24
rev_neg_1474,PROD_BEAUTY_265,1,"No manual included, and setup is impossible.",2026-06-18
rev_neg_1629,PROD_BEAUTY_251,1,Completely useless. Do not waste your hard-earned money.,2026-06-18
rev_neu_8,PROD_LAPTOP_361,3,"Nothing special, just a standard item.",2026-06-28
rev_pos_1773,PROD_BEAUTY_157,5,Very robust and stands up to daily wear and tear.,2026-06-03
rev_neu_656,PROD_CLOTH_365,3,"No quality issues, but design is quite boring.",2026-06-26
rev_neg_1661,PROD_LAPTOP_293,1,"No manual included, and setup is impossible.",2026-06-19
rev_pos_195,PROD_BEAUTY_169,5,Not a single issue so far. Very reliable.,2026-06-01
rev_neg_61,PROD_CLOTH_213,1,The camera quality is awful and blurry.,2026-06-11
rev_neg_707,PROD_LAPTOP_269,1,Completely useless. Do not waste your hard-earned money.,2026-06-15
rev_neg_1536,PROD_BEAUTY_237,1,The device keeps flickering and lags constantly. Terrible!,2026-06-18
rev_neu_512,PROD_PHONE_310,3,The color is slightly different but it works okay.,2026-06-22
rev_pos_258,PROD_PHONE_123,5,"Incredibly fast shipping, arrived much earlier than expected.",2026-06-05
rev_neg_1545,PROD_PHONE_265,1,Never buy this. Waste of time and money.,2026-06-12
rev_pos_681,PROD_PHONE_163,4,"No lag, games run super smooth on it.",2026-06-03
rev_pos_1255,PROD_CLOTH_137,4,"Not bad at all, in fact it is an awsm product.",2026-06-08
rev_neg_128,PROD_LAPTOP_271,2,"Terrible sound, very tinny and muffled.",2026-06-16
rev_neg_288,PROD_PHONE_278,1,"Poor battery life, won't even last half a day.",2026-06-14
rev_pos_496,PROD_PHONE_129,4,"No defects, clean packaging, and works like a dream.",2026-06-04
rev_neu_888,PROD_LAPTOP_316,3,"Decent packaging, product performs averagely.",2026-06-27
rev_neg_593,PROD_BEAUTY_203,2,It stopped working after just a few days of light usage.,2026-06-12
rev_neg_1531,PROD_LAPTOP_265,2,Never buy this. Waste of time and money.,2026-06-15
rev_pos_1273,PROD_BEAUTY_194,4,Perfect fit and very comfortable to wear.,2026-06-04
rev_pos_209,PROD_CLOTH_101,5,"Incredibly fast shipping, arrived much earlier than expected.",2026-06-01
rev_pos_614,PROD_CLOTH_166,5,The customer support staff was very helpful and responsive.,2026-06-09
rev_neu_222,PROD_LAPTOP_336,3,"It is average. Some days it is fast, some days it is slow.",2026-06-26
rev_pos_149,PROD_LAPTOP_106,5,Fast connection and never disconnects.,2026-06-05
rev_pos_1743,PROD_LAPTOP_166,5,The screen display is incredibly clear and beautiful.,2026-06-09
rev_neu_398,PROD_BEAUTY_362,3,It's fine. It does the job.,2026-06-20
rev_neg_1642,PROD_LAPTOP_221,1,"Extremely bad design, hard to hold and uncomfortable.",2026-06-15
rev_neg_867,PROD_LAPTOP_276,1,Late delivery and the package arrived damaged.,2026-06-13
rev_pos_59,PROD_PHONE_168,4,"No lag, games run super smooth on it.",2026-06-04
rev_neg_1158,PROD_BEAUTY_227,2,The camera quality is awful and blurry.,2026-06-13
rev_pos_1073,PROD_CLOTH_110,4,Excellent value for money. Very durable material.,2026-06-08
rev_pos_951,PROD_CLOTH_131,4,"Wow, this is an absolute game changer!",2026-06-05
rev_neg_1481,PROD_PHONE_206,2,Never buy this. Waste of time and money.,2026-06-11
rev_pos_1226,PROD_PHONE_143,5,"Great customer service, they resolved my issue in minutes.",2026-06-09
rev_pos_83,PROD_BEAUTY_173,4,"Super light, compact, and extremely useful.",2026-06-04
rev_pos_1139,PROD_PHONE_123,4,"No lag, games run super smooth on it.",2026-06-03
rev_neu_791,PROD_BEAUTY_370,3,"Neither great nor terrible, just in the middle.",2026-06-25
rev_pos_736,PROD_LAPTOP_128,4,Very satisfied with my purchase. It works perfectly.,2026-06-04
rev_neu_763,PROD_PHONE_335,3,"No issues so far, but it feels a bit basic.",2026-06-20
rev_pos_1903,PROD_PHONE_123,4,"Not bad at all, in fact it is an awsm product.",2026-06-03
rev_neg_428,PROD_BEAUTY_228,2,"Not worth the money, quality is very poor.",2026-06-19
rev_neu_471,PROD_CLOTH_329,3,"Delivery was a bit slow, but the item arrived safe.",2026-06-27
rev_pos_592,PROD_LAPTOP_149,4,"No regrets buying this, highly recommended.",2026-06-02
rev_neg_179,PROD_PHONE_271,2,"No manual included, and setup is impossible.",2026-06-15
rev_neg_1872,PROD_PHONE_236,2,"Extremely slow performance, laggy and unusable.",2026-06-10
rev_neu_508,PROD_BEAUTY_301,3,"No issues so far, but it feels a bit basic.",2026-06-25
rev_pos_1690,PROD_BEAUTY_112,5,The user interface is so smooth and intuitive. Love it.,2026-06-07
rev_pos_268,PROD_PHONE_126,4,"No complaints here, works exactly as described.",2026-06-05
rev_neg_719,PROD_PHONE_248,1,"Extremely noisy, sounds like it's going to explode.",2026-06-16
rev_neu_788,PROD_CLOTH_324,3,"It works, but nothing outstanding.",2026-06-22
rev_neu_75,PROD_PHONE_373,3,"No quality issues, but design is quite boring.",2026-06-25
rev_neg_393,PROD_CLOTH_241,2,"Terrible sound, very tinny and muffled.",2026-06-16
rev_neg_739,PROD_PHONE_295,1,Very expensive for such cheap material. Disappointed.,2026-06-11
rev_pos_1949,PROD_BEAUTY_125,5,"This phone is gr8, battery life is awesome.",2026-06-02
rev_pos_907,PROD_LAPTOP_180,4,"No defects, clean packaging, and works like a dream.",2026-06-09
rev_pos_1596,PROD_BEAUTY_157,4,I can't believe how good this is for the price.,2026-06-04
rev_neg_309,PROD_LAPTOP_263,1,The worst packaging I have ever seen. Damaged box.,2026-06-11
rev_neg_1925,PROD_CLOTH_289,2,Terrible product! A complete waste of money.,2026-06-11
rev_pos_643,PROD_CLOTH_159,5,The screen display is incredibly clear and beautiful.,2026-06-05
rev_neg_967,PROD_CLOTH_297,2,"Extremely slow performance, laggy and unusable.",2026-06-17
rev_neu_962,PROD_BEAUTY_321,3,"No issues so far, but it feels a bit basic.",2026-06-28
rev_neg_265,PROD_PHONE_231,1,Horrible experience. The item was missing parts.,2026-06-13
rev_neg_930,PROD_CLOTH_286,1,"Cannot recommend this product, it lacks standard features.",2026-06-16
rev_neg_978,PROD_BEAUTY_255,2,Horrible experience. The item was missing parts.,2026-06-12
rev_neg_1302,PROD_PHONE_276,1,"Fake item, a complete scam. Do not buy!",2026-06-18
rev_neu_746,PROD_PHONE_367,3,"No quality issues, but design is quite boring.",2026-06-22
rev_neg_1467,PROD_BEAUTY_250,1,The worst packaging I have ever seen. Damaged box.,2026-06-16
rev_neg_1379,PROD_LAPTOP_225,1,"Cannot recommend this product, it lacks standard features.",2026-06-12
rev_pos_208,PROD_CLOTH_189,5,"No defects, clean packaging, and works like a dream.",2026-06-05
rev_pos_1601,PROD_LAPTOP_102,5,"Not cheap, but totally worth every single penny.",2026-06-01
rev_pos_1822,PROD_BEAUTY_136,5,The software is incredibly fast and responsive.,2026-06-07
rev_neu_787,PROD_PHONE_301,3,"Average battery life, average display.",2026-06-22
rev_pos_467,PROD_PHONE_134,4,No problems at all. Solid hardware and easy to setup.,2026-06-07
rev_neg_1020,PROD_PHONE_228,1,"Very cheap plastic, feels like a toy.",2026-06-13
rev_neg_1330,PROD_PHONE_251,1,The screen cracked easily without any drop. Fragile.,2026-06-19
rev_neg_833,PROD_BEAUTY_232,1,"No manual included, and setup is impossible.",2026-06-17
rev_pos_926,PROD_CLOTH_187,5,"No defects, clean packaging, and works like a dream.",2026-06-07
rev_neg_529,PROD_BEAUTY_269,1,"Not worth the money, quality is very poor.",2026-06-12
rev_pos_1135,PROD_PHONE_158,5,Great product! The quality is absolutely amazing.,2026-06-08
rev_neu_577,PROD_LAPTOP_393,3,"Average battery life, average display.",2026-06-23
rev_pos_1487,PROD_LAPTOP_180,5,Great product! The quality is absolutely amazing.,2026-06-05
rev_pos_79,PROD_CLOTH_108,5,"No complaints here, works exactly as described.",2026-06-05
rev_pos_188,PROD_LAPTOP_199,5,"No defects, clean packaging, and works like a dream.",2026-06-07
rev_pos_558,PROD_LAPTOP_162,4,"Wow, this is an absolute game changer!",2026-06-05
rev_pos_2,PROD_PHONE_127,4,"Highly recommend this shop, wonderful customer service.",2026-06-04
rev_neg_1983,PROD_LAPTOP_239,1,Very expensive for such cheap material. Disappointed.,2026-06-15
rev_pos_608,PROD_CLOTH_110,4,No problems at all. Solid hardware and easy to setup.,2026-06-05
rev_neg_1035,PROD_LAPTOP_265,2,"Terrible sound, very tinny and muffled.",2026-06-10
rev_neg_972,PROD_BEAUTY_280,2,This is a scam. It does not work at all.,2026-06-12
rev_neu_250,PROD_LAPTOP_340,3,"No major complaints, but it could be improved.",2026-06-20
rev_pos_733,PROD_BEAUTY_176,5,It is an awesome product. I will buy it again.,2026-06-08
rev_neu_209,PROD_CLOTH_378,3,"Not bad, but it lacks some advanced features.",2026-06-21
rev_pos_1077,PROD_LAPTOP_109,4,Extremely pleased with how fast this works.,2026-06-05
rev_pos_318,PROD_BEAUTY_114,4,The screen display is incredibly clear and beautiful.,2026-06-05
rev_neg_494,PROD_CLOTH_242,1,Very slow shipping and the item is defect.,2026-06-11
rev_neg_1851,PROD_BEAUTY_206,2,Doesn't work. The software crashes every time I open it.,2026-06-18
rev_neu_490,PROD_BEAUTY_333,3,"Neither great nor terrible, just in the middle.",2026-06-25
rev_neg_199,PROD_LAPTOP_208,2,Very slow shipping and the item is defect.,2026-06-14
rev_pos_1097,PROD_PHONE_180,5,It is an awesome product. I will buy it again.,2026-06-05
rev_neu_930,PROD_PHONE_361,3,"The shipping was ok, product is decent enough.",2026-06-25
rev_neg_41,PROD_PHONE_246,1,Terrible product! A complete waste of money.,2026-06-18
rev_neu_950,PROD_BEAUTY_373,3,"Standard product, does exactly what is advertised.",2026-06-23
rev_neg_210,PROD_LAPTOP_214,1,"Extremely bad design, hard to hold and uncomfortable.",2026-06-10
rev_neu_116,PROD_LAPTOP_373,3,"Decent packaging, product performs averagely.",2026-06-27
rev_neg_770,PROD_PHONE_266,1,It stopped working after just a few days of light usage.,2026-06-14
rev_neu_301,PROD_CLOTH_375,3,It is alright for the price point.,2026-06-26
rev_neg_1094,PROD_CLOTH_276,1,The customer service was extremely rude and unhelpful.,2026-06-15
rev_neg_1354,PROD_CLOTH_232,1,Worst experience ever. The battery drains in two hours.,2026-06-13
rev_neg_984,PROD_CLOTH_292,2,Doesn't charge at all. Broken charging port.,2026-06-15
rev_pos_286,PROD_BEAUTY_157,5,Absolutely love this device. Best purchase of the year!,2026-06-01
rev_neu_341,PROD_LAPTOP_340,3,"Decent build, but the software is a bit slow.",2026-06-28
rev_neg_1466,PROD_PHONE_246,2,This is a scam. It does not work at all.,2026-06-10
rev_neg_1156,PROD_LAPTOP_228,1,"No response from support, and return policy is a lie.",2026-06-14
rev_pos_1782,PROD_PHONE_186,4,The customer support staff was very helpful and responsive.,2026-06-05
rev_pos_719,PROD_PHONE_122,5,Perfect fit and very comfortable to wear.,2026-06-05
rev_pos_249,PROD_BEAUTY_140,5,"This phone is gr8, battery life is awesome.",2026-06-05
rev_pos_1917,PROD_LAPTOP_153,5,"Works like a charm, would buy again without hesitation.",2026-06-03
rev_neg_1841,PROD_LAPTOP_203,2,The customer service was extremely rude and unhelpful.,2026-06-13
rev_neg_1216,PROD_CLOTH_201,1,Late delivery and the package arrived damaged.,2026-06-12
rev_neu_883,PROD_CLOTH_356,3,"The price is fair, but usability is just okay.",2026-06-26
rev_neu_172,PROD_BEAUTY_362,3,"The price is fair, but usability is just okay.",2026-06-27
rev_neg_1691,PROD_CLOTH_278,1,The camera quality is awful and blurry.,2026-06-12
rev_neu_784,PROD_BEAUTY_371,3,"It works as expected, nothing more, nothing less.",2026-06-21
rev_neg_1166,PROD_CLOTH_231,2,"No manual included, and setup is impossible.",2026-06-14
rev_pos_288,PROD_BEAUTY_174,5,"No lag, games run super smooth on it.",2026-06-09
rev_pos_1098,PROD_CLOTH_128,4,Not a single issue so far. Very reliable.,2026-06-03
rev_neu_708,PROD_PHONE_333,3,"The shipping was ok, product is decent enough.",2026-06-26
rev_pos_995,PROD_BEAUTY_117,5,The software is incredibly fast and responsive.,2026-06-09
rev_pos_205,PROD_BEAUTY_144,4,The customer support staff was very helpful and responsive.,2026-06-05
rev_neu_233,PROD_BEAUTY_310,3,"The product is okay, does the job but nothing special.",2026-06-23
rev_pos_1647,PROD_LAPTOP_197,4,Extremely pleased with how fast this works.,2026-06-09
rev_pos_556,PROD_BEAUTY_176,5,Very robust and stands up to daily wear and tear.,2026-06-03
rev_pos_1376,PROD_CLOTH_181,5,Excellent value for money. Very durable material.,2026-06-08
rev_neu_495,PROD_PHONE_390,3,"The price is fair, but usability is just okay.",2026-06-21
rev_pos_1227,PROD_BEAUTY_165,5,Great product! The quality is absolutely amazing.,2026-06-08
rev_neu_108,PROD_PHONE_339,3,"The package arrived on time, quality is decent.",2026-06-22
rev_pos_837,PROD_BEAUTY_149,4,The user interface is so smooth and intuitive. Love it.,2026-06-07
rev_neu_682,PROD_CLOTH_342,3,"Okay packaging, shipping was standard.",2026-06-28
rev_neu_882,PROD_LAPTOP_314,3,It's fine. It does the job.,2026-06-27
rev_pos_1945,PROD_PHONE_159,5,The screen display is incredibly clear and beautiful.,2026-06-08
rev_pos_7,PROD_CLOTH_144,4,Not a single issue so far. Very reliable.,2026-06-05
rev_neu_480,PROD_CLOTH_323,3,"Not bad, but it lacks some advanced features.",2026-06-21
rev_neu_972,PROD_LAPTOP_352,3,"Delivery was a bit slow, but the item arrived safe.",2026-06-26
rev_neu_12,PROD_PHONE_365,3,It is fine. Just an average smartphone.,2026-06-22
rev_pos_1654,PROD_PHONE_120,5,"Great customer service, they resolved my issue in minutes.",2026-06-09
rev_pos_1953,PROD_PHONE_156,5,"No quality issues, everything is in perfect condition.",2026-06-08
rev_neg_881,PROD_BEAUTY_276,1,It has a terrible chemical smell. Returning immediately.,2026-06-10
rev_neg_1178,PROD_PHONE_229,1,"Not worth the money, quality is very poor.",2026-06-11
rev_pos_1434,PROD_BEAUTY_197,5,"Not cheap, but totally worth every single penny.",2026-06-02
rev_neg_248,PROD_BEAUTY_270,1,Doesn't work. The software crashes every time I open it.,2026-06-13
rev_pos_82,PROD_CLOTH_193,5,Very bright display and the colors are vibrant.,2026-06-06
rev_pos_533,PROD_PHONE_198,4,Simply the best one on the market right now.,2026-06-04
rev_neu_619,PROD_PHONE_383,3,"Decent build, but the software is a bit slow.",2026-06-26
rev_pos_1763,PROD_PHONE_118,4,"No delay in shipping, super happy with the delivery.",2026-06-08
rev_pos_862,PROD_BEAUTY_155,5,Not a single issue so far. Very reliable.,2026-06-06
rev_neu_702,PROD_PHONE_398,3,"It's decent, fits the description but nothing exciting.",2026-06-28
rev_neg_750,PROD_BEAUTY_284,2,The worst packaging I have ever seen. Damaged box.,2026-06-11
rev_pos_774,PROD_CLOTH_191,4,The customer support staff was very helpful and responsive.,2026-06-01
rev_pos_1676,PROD_BEAUTY_146,5,"Not bad at all, in fact it is an awsm product.",2026-06-09
rev_neu_40,PROD_PHONE_346,3,"The product is okay, does the job but nothing special.",2026-06-26
rev_neu_956,PROD_LAPTOP_394,3,"It is average. Some days it is fast, some days it is slow.",2026-06-28
rev_neg_1477,PROD_PHONE_230,1,Never again. This is absolute trash.,2026-06-14
rev_neg_1486,PROD_BEAUTY_299,2,"Terrible sound, very tinny and muffled.",2026-06-14
rev_pos_562,PROD_BEAUTY_121,5,Beautiful design and great build quality.,2026-06-02
rev_pos_1886,PROD_PHONE_116,5,Extremely pleased with how fast this works.,2026-06-06
rev_pos_1339,PROD_PHONE_189,5,The customer support staff was very helpful and responsive.,2026-06-03
rev_neg_1890,PROD_BEAUTY_267,1,"The sizing is completely wrong, way too small.",2026-06-17
rev_neu_693,PROD_LAPTOP_383,3,"It works fine, but I expected more from this brand.",2026-06-23
rev_neu_638,PROD_CLOTH_388,3,"The design is simple, functionality is average.",2026-06-25
rev_pos_87,PROD_BEAUTY_141,5,Very robust and stands up to daily wear and tear.,2026-06-07
rev_neu_537,PROD_BEAUTY_310,3,"The package arrived on time, quality is decent.",2026-06-23
rev_neg_1441,PROD_PHONE_237,2,Late delivery and the package arrived damaged.,2026-06-13
rev_neg_1670,PROD_PHONE_277,1,This is a scam. It does not work at all.,2026-06-11
rev_neg_232,PROD_CLOTH_286,1,It has a terrible chemical smell. Returning immediately.,2026-06-15
rev_neu_957,PROD_CLOTH_389,3,"The price is fair, but usability is just okay.",2026-06-26
rev_neg_838,PROD_PHONE_241,1,Terrible product! A complete waste of money.,2026-06-16
rev_pos_530,PROD_LAPTOP_191,5,It is an awesome product. I will buy it again.,2026-06-07
rev_neg_728,PROD_BEAUTY_226,1,The customer service was extremely rude and unhelpful.,2026-06-14
rev_pos_751,PROD_CLOTH_112,4,The customer support staff was very helpful and responsive.,2026-06-08
rev_neg_787,PROD_BEAUTY_285,2,Late delivery and the package arrived damaged.,2026-06-10
rev_neu_745,PROD_BEAUTY_399,3,"The battery is okay, screen is average.",2026-06-23
rev_neu_375,PROD_LAPTOP_325,3,"Average battery life, average display.",2026-06-23
rev_pos_1557,PROD_BEAUTY_154,4,The software is incredibly fast and responsive.,2026-06-01
rev_neg_1962,PROD_BEAUTY_236,1,The device keeps flickering and lags constantly. Terrible!,2026-06-19
rev_pos_827,PROD_CLOTH_191,5,Very bright display and the colors are vibrant.,2026-06-09
rev_pos_798,PROD_LAPTOP_161,4,"Outstanding performance, it exceeded my expectations.",2026-06-08
rev_neg_667,PROD_LAPTOP_278,1,Not recommended. The product has major design flaws.,2026-06-12
rev_neg_592,PROD_CLOTH_238,1,"Fake item, a complete scam. Do not buy!",2026-06-14
rev_neu_88,PROD_BEAUTY_328,3,"It works as expected, nothing more, nothing less.",2026-06-27
rev_pos_1483,PROD_CLOTH_191,5,"No regrets buying this, highly recommended.",2026-06-07
rev_neu_358,PROD_LAPTOP_395,3,"It is average. Some days it is fast, some days it is slow.",2026-06-22
rev_neu_933,PROD_BEAUTY_332,3,"Average battery life, average display.",2026-06-26
rev_neu_242,PROD_CLOTH_352,3,"Some aspects are good, others are quite disappointed.",2026-06-23
rev_neu_620,PROD_LAPTOP_323,3,"Standard product, does exactly what is advertised.",2026-06-21
rev_pos_298,PROD_LAPTOP_185,5,Not a single issue so far. Very reliable.,2026-06-09
rev_neg_1002,PROD_PHONE_283,1,Never again. This is absolute trash.,2026-06-16
rev_pos_606,PROD_LAPTOP_105,5,Great product! The quality is absolutely amazing.,2026-06-01
rev_pos_1033,PROD_BEAUTY_124,5,Extremely pleased with how fast this works.,2026-06-03
rev_neg_1707,PROD_BEAUTY_220,1,"No customer support at all, they ignored my emails.",2026-06-16
rev_pos_745,PROD_CLOTH_124,5,"No delay in shipping, super happy with the delivery.",2026-06-03
rev_neg_590,PROD_CLOTH_251,2,The customer service was extremely rude and unhelpful.,2026-06-10
rev_pos_426,PROD_LAPTOP_178,4,The user interface is so smooth and intuitive. Love it.,2026-06-07
rev_neu_389,PROD_BEAUTY_397,3,"It is a decent product, but has some limitations.",2026-06-22
rev_pos_1878,PROD_CLOTH_118,4,The software is incredibly fast and responsive.,2026-06-01
rev_neg_1878,PROD_CLOTH_235,1,"Cannot recommend this product, it lacks standard features.",2026-06-15
rev_pos_1923,PROD_PHONE_122,4,Not a single issue so far. Very reliable.,2026-06-09
rev_neg_823,PROD_LAPTOP_250,2,The screen cracked easily without any drop. Fragile.,2026-06-13
rev_pos_924,PROD_CLOTH_113,5,Highly functional and has zero flaws.,2026-06-03
rev_neg_1085,PROD_PHONE_260,2,Late delivery and the package arrived damaged.,2026-06-14
rev_neu_397,PROD_CLOTH_308,3,"Not bad, but not particularly good either.",2026-06-27
rev_neu_139,PROD_LAPTOP_391,3,"It is average. Some days it is fast, some days it is slow.",2026-06-22
rev_neg_619,PROD_BEAUTY_292,2,The device keeps flickering and lags constantly. Terrible!,2026-06-10
rev_pos_1287,PROD_BEAUTY_121,4,"No delay in shipping, super happy with the delivery.",2026-06-06
rev_pos_1210,PROD_CLOTH_103,4,"Outstanding performance, it exceeded my expectations.",2026-06-04
rev_pos_217,PROD_PHONE_159,5,The user interface is so smooth and intuitive. Love it.,2026-06-02
rev_neg_454,PROD_PHONE_298,1,"Very cheap plastic, feels like a toy.",2026-06-17
rev_pos_62,PROD_PHONE_185,5,"Wow, this is an absolute game changer!",2026-06-09
rev_neg_243,PROD_BEAUTY_274,1,Very expensive for such cheap material. Disappointed.,2026-06-11
rev_pos_452,PROD_LAPTOP_135,5,The software is incredibly fast and responsive.,2026-06-04
rev_pos_1224,PROD_PHONE_166,5,"No delay in shipping, super happy with the delivery.",2026-06-02
rev_neg_679,PROD_BEAUTY_292,2,The customer service was extremely rude and unhelpful.,2026-06-19
rev_pos_1167,PROD_LAPTOP_147,5,No problems at all. Solid hardware and easy to setup.,2026-06-08
rev_pos_1037,PROD_BEAUTY_193,4,The software is incredibly fast and responsive.,2026-06-03
rev_neg_1476,PROD_LAPTOP_267,1,The camera quality is awful and blurry.,2026-06-14
rev_neg_111,PROD_BEAUTY_227,1,"Poor battery life, won't even last half a day.",2026-06-15
rev_neg_453,PROD_LAPTOP_251,1,"Extremely bad design, hard to hold and uncomfortable.",2026-06-19
rev_neg_66,PROD_BEAUTY_205,1,"Terrible sound, very tinny and muffled.",2026-06-10
rev_neu_312,PROD_LAPTOP_334,3,"The quality is passable, nothing to complain about.",2026-06-22
rev_pos_1863,PROD_LAPTOP_157,5,"Not cheap, but totally worth every single penny.",2026-06-02
rev_pos_1873,PROD_BEAUTY_173,5,"Very easy to use, setup was a breeze. Perfect!",2026-06-01
rev_neu_369,PROD_LAPTOP_361,3,"Okay for basic usage, but not for heavy tasks.",2026-06-26
rev_pos_1066,PROD_PHONE_193,5,Very bright display and the colors are vibrant.,2026-06-07
rev_neu_666,PROD_BEAUTY_330,3,"It is a decent product, but has some limitations.",2026-06-21
rev_neg_392,PROD_BEAUTY_243,2,Never buy this. Waste of time and money.,2026-06-10
rev_pos_1443,PROD_PHONE_143,5,Absolutely love this device. Best purchase of the year!,2026-06-03
rev_neg_584,PROD_PHONE_228,2,Horrible experience. The item was missing parts.,2026-06-13
rev_neg_275,PROD_PHONE_274,2,Poor packaging and the item was broken inside.,2026-06-14
rev_neg_118,PROD_PHONE_211,2,The camera quality is awful and blurry.,2026-06-11
rev_neg_302,PROD_PHONE_228,2,Horrible experience. The item was missing parts.,2026-06-14
rev_neu_249,PROD_CLOTH_324,3,"Okay for the price, but don't expect miracles.",2026-06-20
rev_neu_414,PROD_CLOTH_368,3,"Some aspects are good, others are quite disappointed.",2026-06-24
rev_neu_545,PROD_PHONE_348,3,"Just an average device, nothing to write home about.",2026-06-24
rev_neu_215,PROD_CLOTH_364,3,It is fine. Just an average smartphone.,2026-06-26
rev_neu_996,PROD_LAPTOP_358,3,"Just an average device, nothing to write home about.",2026-06-22
rev_neg_377,PROD_CLOTH_236,1,Not durable. It tore apart after the first wash.,2026-06-15
rev_neu_887,PROD_CLOTH_313,3,"It is average. Some days it is fast, some days it is slow.",2026-06-23
rev_neg_1764,PROD_PHONE_277,2,"Cannot recommend this product, it lacks standard features.",2026-06-16
rev_pos_1296,PROD_LAPTOP_115,4,Great product! The quality is absolutely amazing.,2026-06-09
rev_neu_655,PROD_CLOTH_329,3,It is an average item. Neither good nor bad.,2026-06-24
rev_neg_1826,PROD_PHONE_234,2,"No manual included, and setup is impossible.",2026-06-17
rev_neg_54,PROD_BEAUTY_287,2,Terrible product! A complete waste of money.,2026-06-17
rev_neg_1540,PROD_BEAUTY_285,2,Very expensive for such cheap material. Disappointed.,2026-06-18
rev_neg_109,PROD_LAPTOP_281,2,Terrible product! A complete waste of money.,2026-06-17
rev_neg_599,PROD_CLOTH_296,2,"The sizing is completely wrong, way too small.",2026-06-13
rev_pos_1017,PROD_LAPTOP_124,5,Absolutely love this device. Best purchase of the year!,2026-06-05
rev_neg_921,PROD_CLOTH_212,2,"Cannot recommend this product, it lacks standard features.",2026-06-18
rev_neg_381,PROD_BEAUTY_295,2,"Poor battery life, won't even last half a day.",2026-06-11
rev_pos_359,PROD_BEAUTY_173,5,"No regrets buying this, highly recommended.",2026-06-02
rev_neg_78,PROD_BEAUTY_212,1,"The sizing is completely wrong, way too small.",2026-06-17
rev_neu_854,PROD_CLOTH_324,3,"The product is okay, does the job but nothing special.",2026-06-25
rev_neg_1219,PROD_CLOTH_293,1,The customer service was extremely rude and unhelpful.,2026-06-17
rev_neu_667,PROD_PHONE_300,3,"It's decent, fits the description but nothing exciting.",2026-06-28
rev_neu_662,PROD_LAPTOP_301,3,"Standard product, does exactly what is advertised.",2026-06-25
rev_pos_518,PROD_CLOTH_161,5,"No delay in shipping, super happy with the delivery.",2026-06-02
rev_pos_1122,PROD_BEAUTY_137,4,The software is incredibly fast and responsive.,2026-06-01
rev_neu_472,PROD_PHONE_328,3,"Average battery life, average display.",2026-06-23
rev_neu_643,PROD_BEAUTY_396,3,"No quality issues, but design is quite boring.",2026-06-24
rev_neg_918,PROD_CLOTH_245,1,The worst packaging I have ever seen. Damaged box.,2026-06-13
rev_neg_585,PROD_LAPTOP_208,2,Very disappointed with the hardware quality. It broke on day one.,2026-06-19
rev_neu_998,PROD_CLOTH_361,3,The color is slightly different but it works okay.,2026-06-26
rev_pos_1977,PROD_CLOTH_160,4,Highly functional and has zero flaws.,2026-06-05
rev_neg_370,PROD_CLOTH_234,2,Doesn't charge at all. Broken charging port.,2026-06-13
rev_neu_503,PROD_PHONE_375,3,"The package arrived on time, quality is decent.",2026-06-20
rev_neg_365,PROD_PHONE_277,1,Not durable. It tore apart after the first wash.,2026-06-13
rev_neg_389,PROD_LAPTOP_200,1,Not durable. It tore apart after the first wash.,2026-06-19
rev_neg_701,PROD_PHONE_279,2,"Terrible sound, very tinny and muffled.",2026-06-16
rev_neg_726,PROD_LAPTOP_253,2,"Extremely slow performance, laggy and unusable.",2026-06-12
rev_pos_446,PROD_LAPTOP_198,5,The user interface is so smooth and intuitive. Love it.,2026-06-03
rev_neu_24,PROD_CLOTH_316,3,"Standard product, does exactly what is advertised.",2026-06-21
rev_neg_848,PROD_LAPTOP_246,2,Do not recommend this seller. Poor customer support.,2026-06-12
rev_pos_168,PROD_BEAUTY_135,5,"No quality issues, everything is in perfect condition.",2026-06-03
rev_pos_486,PROD_PHONE_168,4,Perfect fit and very comfortable to wear.,2026-06-09
rev_neg_802,PROD_PHONE_291,1,Very slow shipping and the item is defect.,2026-06-19
rev_pos_155,PROD_LAPTOP_180,4,"No lag, games run super smooth on it.",2026-06-04
rev_neg_757,PROD_PHONE_268,1,Doesn't charge at all. Broken charging port.,2026-06-15
rev_neg_979,PROD_CLOTH_213,1,The screen cracked easily without any drop. Fragile.,2026-06-11
rev_neu_348,PROD_PHONE_339,3,"Some aspects are good, others are quite disappointed.",2026-06-21
rev_neg_501,PROD_PHONE_256,1,"Poor battery life, won't even last half a day.",2026-06-10
rev_neg_1410,PROD_LAPTOP_297,1,Do not recommend this seller. Poor customer support.,2026-06-14
rev_pos_310,PROD_CLOTH_110,4,"This phone is gr8, battery life is awesome.",2026-06-03
rev_neu_260,PROD_LAPTOP_325,3,Average quality for the price. Not bad but not great.,2026-06-24
rev_pos_510,PROD_PHONE_116,5,Simply the best one on the market right now.,2026-06-02
rev_neu_460,PROD_CLOTH_362,3,"Just an average device, nothing to write home about.",2026-06-25
rev_neu_110,PROD_BEAUTY_303,3,"Just an average device, nothing to write home about.",2026-06-24
rev_pos_500,PROD_BEAUTY_186,4,The customer support staff was very helpful and responsive.,2026-06-09
rev_pos_1552,PROD_CLOTH_179,5,Very bright display and the colors are vibrant.,2026-06-06
rev_neu_417,PROD_BEAUTY_339,3,"Nothing special, just a standard item.",2026-06-28
rev_pos_1235,PROD_LAPTOP_184,4,"Not bad at all, in fact it is an awsm product.",2026-06-08
rev_neg_45,PROD_PHONE_289,1,The device keeps flickering and lags constantly. Terrible!,2026-06-12
rev_neg_412,PROD_BEAUTY_236,1,The screen cracked easily without any drop. Fragile.,2026-06-12
rev_neu_259,PROD_LAPTOP_301,3,"Okay for basic usage, but not for heavy tasks.",2026-06-23
rev_pos_978,PROD_CLOTH_102,5,Extremely pleased with how fast this works.,2026-06-07
rev_pos_293,PROD_BEAUTY_199,5,The user interface is so smooth and intuitive. Love it.,2026-06-06
rev_neu_901,PROD_PHONE_372,3,"The product is okay, does the job but nothing special.",2026-06-22
rev_pos_1755,PROD_LAPTOP_108,4,"Incredibly fast shipping, arrived much earlier than expected.",2026-06-07
rev_neu_639,PROD_CLOTH_314,3,"Shipping took longer than expected, but product is ok.",2026-06-26
rev_pos_1558,PROD_LAPTOP_194,4,"Not bad at all, in fact it is an awsm product.",2026-06-08
rev_neg_1880,PROD_BEAUTY_255,1,Very disappointed with the hardware quality. It broke on day one.,2026-06-16
rev_pos_1509,PROD_LAPTOP_133,4,"Very easy to use, setup was a breeze. Perfect!",2026-06-03
rev_pos_1951,PROD_CLOTH_128,4,Great product! The quality is absolutely amazing.,2026-06-08
rev_neu_808,PROD_BEAUTY_389,3,"Okay packaging, shipping was standard.",2026-06-24
rev_pos_872,PROD_BEAUTY_182,4,"Outstanding performance, it exceeded my expectations.",2026-06-09
rev_neu_61,PROD_BEAUTY_323,3,"Average performance, nothing special about it.",2026-06-25
rev_neg_1580,PROD_CLOTH_251,1,Completely useless. Do not waste your hard-earned money.,2026-06-12
rev_neg_945,PROD_PHONE_216,1,"No connectivity, bluetooth keeps dropping.",2026-06-11
rev_pos_1298,PROD_LAPTOP_114,4,"No delay in shipping, super happy with the delivery.",2026-06-03
rev_neu_130,PROD_LAPTOP_350,3,"Just an average device, nothing to write home about.",2026-06-21
rev_neu_244,PROD_BEAUTY_364,3,"It works as expected, nothing more, nothing less.",2026-06-26
rev_neg_1403,PROD_PHONE_210,1,Very disappointed with the hardware quality. It broke on day one.,2026-06-15
rev_neg_1413,PROD_PHONE_284,1,Horrible experience. The item was missing parts.,2026-06-14
rev_pos_376,PROD_CLOTH_130,4,Very robust and stands up to daily wear and tear.,2026-06-08
rev_neg_1217,PROD_LAPTOP_253,2,Very slow shipping and the item is defect.,2026-06-12
rev_neg_977,PROD_LAPTOP_224,2,"Not worth the money, quality is very poor.",2026-06-17
rev_neg_1157,PROD_LAPTOP_285,1,Worst experience ever. The battery drains in two hours.,2026-06-14
rev_neu_410,PROD_PHONE_304,3,"The price is fair, but usability is just okay.",2026-06-22
rev_neg_1606,PROD_LAPTOP_217,2,"No customer support at all, they ignored my emails.",2026-06-17
rev_pos_1242,PROD_BEAUTY_195,5,"No regrets buying this, highly recommended.",2026-06-09
rev_neg_1658,PROD_PHONE_225,1,Not recommended. The product has major design flaws.,2026-06-10
rev_neg_639,PROD_CLOTH_226,1,The worst packaging I have ever seen. Damaged box.,2026-06-13
rev_neu_459,PROD_CLOTH_312,3,"The package arrived on time, quality is decent.",2026-06-26
rev_neu_469,PROD_CLOTH_389,3,"Shipping took longer than expected, but product is ok.",2026-06-27
rev_pos_553,PROD_CLOTH_178,4,"No lag, games run super smooth on it.",2026-06-02
rev_pos_832,PROD_PHONE_148,4,I can't believe how good this is for the price.,2026-06-03
rev_pos_475,PROD_CLOTH_140,4,Highly functional and has zero flaws.,2026-06-07
rev_neu_970,PROD_PHONE_301,3,"Decent packaging, product performs averagely.",2026-06-26
rev_pos_353,PROD_PHONE_187,5,"No quality issues, everything is in perfect condition.",2026-06-06
rev_neg_715,PROD_LAPTOP_296,1,Not durable. It tore apart after the first wash.,2026-06-13
rev_neg_1128,PROD_LAPTOP_260,2,The screen cracked easily without any drop. Fragile.,2026-06-15
rev_pos_1326,PROD_CLOTH_167,5,Absolutely love this device. Best purchase of the year!,2026-06-01
rev_neg_192,PROD_PHONE_245,2,Doesn't work. The software crashes every time I open it.,2026-06-18
rev_neu_455,PROD_LAPTOP_379,3,"No quality issues, but design is quite boring.",2026-06-25
rev_pos_1565,PROD_CLOTH_182,4,Extremely pleased with how fast this works.,2026-06-07
rev_neu_649,PROD_LAPTOP_356,3,Average quality for the price. Not bad but not great.,2026-06-28
rev_neg_974,PROD_LAPTOP_212,1,Very expensive for such cheap material. Disappointed.,2026-06-10
rev_neg_1592,PROD_LAPTOP_250,2,"Fake item, a complete scam. Do not buy!",2026-06-14
rev_neg_1004,PROD_LAPTOP_276,2,It has a terrible chemical smell. Returning immediately.,2026-06-17
rev_neg_1679,PROD_PHONE_236,1,"Cannot recommend this product, it lacks standard features.",2026-06-10
rev_pos_251,PROD_BEAUTY_112,4,No problems at all. Solid hardware and easy to setup.,2026-06-06
rev_neg_1427,PROD_LAPTOP_219,2,Not recommended. The product has major design flaws.,2026-06-11
rev_neg_846,PROD_CLOTH_258,1,Very slow shipping and the item is defect.,2026-06-18
rev_pos_808,PROD_BEAUTY_173,5,No problems at all. Solid hardware and easy to setup.,2026-06-08
rev_neg_810,PROD_BEAUTY_253,2,"No response from support, and return policy is a lie.",2026-06-18
rev_pos_858,PROD_LAPTOP_168,4,"Super light, compact, and extremely useful.",2026-06-07
rev_pos_245,PROD_BEAUTY_176,5,"No lag, games run super smooth on it.",2026-06-09
rev_pos_638,PROD_CLOTH_140,5,It is an awesome product. I will buy it again.,2026-06-07
rev_pos_1069,PROD_CLOTH_167,4,Not a single issue so far. Very reliable.,2026-06-01
rev_pos_1238,PROD_BEAUTY_196,4,Excellent value for money. Very durable material.,2026-06-07
rev_neg_899,PROD_CLOTH_281,1,Never buy this. Waste of time and money.,2026-06-12
rev_neg_55,PROD_CLOTH_290,2,"The sizing is completely wrong, way too small.",2026-06-13
rev_pos_1056,PROD_LAPTOP_172,5,"Super light, compact, and extremely useful.",2026-06-09
rev_neu_207,PROD_CLOTH_342,3,"Not bad, it is just okay.",2026-06-24
rev_pos_499,PROD_BEAUTY_109,4,The screen display is incredibly clear and beautiful.,2026-06-05
rev_neg_1437,PROD_CLOTH_265,2,"Poor battery life, won't even last half a day.",2026-06-19
rev_neg_1832,PROD_CLOTH_265,2,The customer service was extremely rude and unhelpful.,2026-06-12
rev_neg_267,PROD_PHONE_238,1,Not recommended. The product has major design flaws.,2026-06-16
rev_neg_971,PROD_BEAUTY_253,1,Very expensive for such cheap material. Disappointed.,2026-06-10
rev_neg_649,PROD_BEAUTY_259,1,Never buy this. Waste of time and money.,2026-06-11
rev_pos_135,PROD_CLOTH_135,5,"Outstanding performance, it exceeded my expectations.",2026-06-05
rev_neg_333,PROD_BEAUTY_283,1,Late delivery and the package arrived damaged.,2026-06-17
rev_neg_1394,PROD_LAPTOP_268,1,This is a scam. It does not work at all.,2026-06-13
rev_neg_126,PROD_PHONE_201,2,Terrible product! A complete waste of money.,2026-06-10
rev_neu_326,PROD_PHONE_324,3,"Nothing special, just a standard item.",2026-06-23
rev_neg_1698,PROD_CLOTH_251,1,Poor packaging and the item was broken inside.,2026-06-17
rev_pos_158,PROD_CLOTH_104,5,Fast connection and never disconnects.,2026-06-04
rev_neg_727,PROD_LAPTOP_246,1,"Cannot recommend this product, it lacks standard features.",2026-06-11
rev_pos_1276,PROD_PHONE_104,5,Perfect fit and very comfortable to wear.,2026-06-06
rev_pos_194,PROD_PHONE_142,5,The sound quality is fantastic and clear.,2026-06-09
rev_pos_102,PROD_LAPTOP_181,5,Fast connection and never disconnects.,2026-06-05
rev_neu_132,PROD_PHONE_363,3,"Some aspects are good, others are quite disappointed.",2026-06-26
rev_neg_1598,PROD_CLOTH_298,1,Very expensive for such cheap material. Disappointed.,2026-06-11
rev_neg_1994,PROD_LAPTOP_258,1,"Cannot recommend this product, it lacks standard features.",2026-06-15
rev_neg_855,PROD_PHONE_241,2,Very disappointed with the hardware quality. It broke on day one.,2026-06-18
rev_neu_135,PROD_LAPTOP_318,3,"It works, but nothing outstanding.",2026-06-23
rev_pos_373,PROD_BEAUTY_161,5,The customer support staff was very helpful and responsive.,2026-06-08
rev_neg_1232,PROD_BEAUTY_255,2,The device keeps flickering and lags constantly. Terrible!,2026-06-12
rev_pos_302,PROD_PHONE_184,4,The user interface is so smooth and intuitive. Love it.,2026-06-06
rev_neg_1924,PROD_CLOTH_287,2,Do not recommend this seller. Poor customer support.,2026-06-10
rev_neg_580,PROD_CLOTH_264,1,"No customer support at all, they ignored my emails.",2026-06-10
rev_neg_1380,PROD_PHONE_284,2,Never again. This is absolute trash.,2026-06-17
rev_neg_330,PROD_CLOTH_210,2,"No response from support, and return policy is a lie.",2026-06-13
rev_pos_291,PROD_LAPTOP_105,4,The sound quality is fantastic and clear.,2026-06-04
rev_neu_661,PROD_PHONE_321,3,"The price is fair, but usability is just okay.",2026-06-23
rev_neu_732,PROD_CLOTH_360,3,"It's decent, fits the description but nothing exciting.",2026-06-27
rev_neu_185,PROD_BEAUTY_336,3,"Average performance, nothing special about it.",2026-06-27
rev_neg_1312,PROD_CLOTH_214,1,Horrible experience. The item was missing parts.,2026-06-11
rev_pos_1152,PROD_PHONE_115,4,The user interface is so smooth and intuitive. Love it.,2026-06-01
rev_pos_411,PROD_CLOTH_191,4,The user interface is so smooth and intuitive. Love it.,2026-06-02
rev_neg_712,PROD_PHONE_257,2,The setup was extremely hard and frustrating.,2026-06-17
rev_neg_203,PROD_BEAUTY_245,2,Very disappointed with the hardware quality. It broke on day one.,2026-06-14
rev_neg_227,PROD_PHONE_234,2,Doesn't charge at all. Broken charging port.,2026-06-18
rev_pos_1717,PROD_PHONE_115,5,The customer support staff was very helpful and responsive.,2026-06-03
rev_pos_1950,PROD_BEAUTY_115,4,I can't believe how good this is for the price.,2026-06-08
rev_pos_882,PROD_CLOTH_117,5,"Super light, compact, and extremely useful.",2026-06-06
rev_pos_1113,PROD_BEAUTY_197,4,"Love the packaging, it was wrapped very nicely.",2026-06-01
rev_neg_165,PROD_CLOTH_247,1,Do not recommend this seller. Poor customer support.,2026-06-12
rev_pos_948,PROD_PHONE_161,5,The software is incredibly fast and responsive.,2026-06-02
rev_pos_927,PROD_BEAUTY_122,5,The screen display is incredibly clear and beautiful.,2026-06-06
rev_neg_1883,PROD_PHONE_257,2,Never buy this. Waste of time and money.,2026-06-18
rev_pos_333,PROD_CLOTH_104,5,"Wow, this is an absolute game changer!",2026-06-04
rev_neg_1684,PROD_LAPTOP_291,1,Do not recommend this seller. Poor customer support.,2026-06-19
rev_pos_1114,PROD_LAPTOP_195,5,"No delay in shipping, super happy with the delivery.",2026-06-04
rev_pos_1011,PROD_LAPTOP_113,4,"Wow, this is an absolute game changer!",2026-06-05
rev_pos_1643,PROD_LAPTOP_130,4,"Not bad at all, in fact it is an awsm product.",2026-06-04
rev_neg_1179,PROD_LAPTOP_236,1,"No response from support, and return policy is a lie.",2026-06-18
rev_neg_950,PROD_LAPTOP_295,1,The device keeps flickering and lags constantly. Terrible!,2026-06-11
rev_pos_1433,PROD_BEAUTY_155,4,"Not cheap, but totally worth every single penny.",2026-06-03
rev_pos_695,PROD_CLOTH_184,5,"Works like a charm, would buy again without hesitation.",2026-06-05
rev_pos_440,PROD_PHONE_165,5,"Great customer service, they resolved my issue in minutes.",2026-06-08
rev_pos_1595,PROD_CLOTH_101,5,"Not cheap, but totally worth every single penny.",2026-06-05
rev_pos_429,PROD_BEAUTY_130,5,Great product! The quality is absolutely amazing.,2026-06-08
rev_neg_891,PROD_LAPTOP_213,1,"Extremely slow performance, laggy and unusable.",2026-06-13
rev_neu_234,PROD_CLOTH_390,3,"Not bad, but it lacks some advanced features.",2026-06-25
rev_pos_903,PROD_CLOTH_177,4,"No quality issues, everything is in perfect condition.",2026-06-02
rev_pos_1346,PROD_CLOTH_129,4,"Not cheap, but totally worth every single penny.",2026-06-08
rev_neg_1692,PROD_BEAUTY_235,1,"Very cheap plastic, feels like a toy.",2026-06-10
rev_neu_97,PROD_PHONE_363,3,It is fine. Just an average smartphone.,2026-06-23
rev_neg_374,PROD_CLOTH_283,1,"No manual included, and setup is impossible.",2026-06-17
rev_neg_1843,PROD_PHONE_208,1,"No manual included, and setup is impossible.",2026-06-19
rev_neu_355,PROD_PHONE_307,3,"Just an average device, nothing to write home about.",2026-06-23
rev_pos_1679,PROD_PHONE_173,5,"Works like a charm, would buy again without hesitation.",2026-06-01
rev_neg_470,PROD_BEAUTY_222,2,Terrible product! A complete waste of money.,2026-06-12
rev_neu_963,PROD_LAPTOP_323,3,"The price is fair, but usability is just okay.",2026-06-25
rev_pos_1196,PROD_LAPTOP_179,5,"No complaints here, works exactly as described.",2026-06-04
rev_pos_1569,PROD_CLOTH_177,4,Very robust and stands up to daily wear and tear.,2026-06-08
rev_neu_710,PROD_LAPTOP_366,3,"The package arrived on time, quality is decent.",2026-06-22
rev_neg_383,PROD_BEAUTY_254,1,Do not recommend this seller. Poor customer support.,2026-06-15
rev_pos_449,PROD_BEAUTY_167,4,"Not bad at all, in fact it is an awsm product.",2026-06-03
rev_neg_1908,PROD_LAPTOP_200,2,It stopped working after just a few days of light usage.,2026-06-19
rev_neg_71,PROD_PHONE_237,2,Very disappointed. It looks nothing like the pictures.,2026-06-12
rev_neg_1602,PROD_LAPTOP_265,1,"Extremely slow performance, laggy and unusable.",2026-06-18
rev_neg_615,PROD_LAPTOP_231,2,Poor packaging and the item was broken inside.,2026-06-17
rev_pos_881,PROD_CLOTH_131,4,The customer support staff was very helpful and responsive.,2026-06-04
rev_pos_46,PROD_PHONE_111,4,"This phone is gr8, battery life is awesome.",2026-06-04
rev_neg_1383,PROD_BEAUTY_200,2,The customer service was extremely rude and unhelpful.,2026-06-12
rev_pos_568,PROD_BEAUTY_133,4,"Not cheap, but totally worth every single penny.",2026-06-06
rev_neg_1248,PROD_LAPTOP_288,2,Worst experience ever. The battery drains in two hours.,2026-06-14
rev_neg_986,PROD_BEAUTY_231,2,It has a terrible chemical smell. Returning immediately.,2026-06-13
rev_neu_759,PROD_LAPTOP_312,3,"Standard product, does exactly what is advertised.",2026-06-28
rev_pos_840,PROD_LAPTOP_137,4,"Great customer service, they resolved my issue in minutes.",2026-06-08
rev_neg_480,PROD_CLOTH_294,2,Very disappointed. It looks nothing like the pictures.,2026-06-19
rev_pos_1410,PROD_PHONE_166,5,"Not bad at all, in fact it is an awsm product.",2026-06-03
rev_neg_1544,PROD_BEAUTY_229,2,The worst packaging I have ever seen. Damaged box.,2026-06-16
rev_pos_1591,PROD_PHONE_110,4,Excellent value for money. Very durable material.,2026-06-06
rev_pos_673,PROD_PHONE_102,5,"No quality issues, everything is in perfect condition.",2026-06-03
rev_pos_590,PROD_BEAUTY_101,4,"Great customer service, they resolved my issue in minutes.",2026-06-01
rev_neg_1563,PROD_PHONE_288,2,It has a terrible chemical smell. Returning immediately.,2026-06-17
rev_neg_578,PROD_LAPTOP_288,2,Doesn't work. The software crashes every time I open it.,2026-06-10
rev_pos_753,PROD_CLOTH_128,4,No problems at all. Solid hardware and easy to setup.,2026-06-05
rev_pos_1625,PROD_BEAUTY_185,5,"Very easy to use, setup was a breeze. Perfect!",2026-06-08
rev_neg_731,PROD_BEAUTY_205,1,Late delivery and the package arrived damaged.,2026-06-18
rev_neu_142,PROD_CLOTH_383,3,"Okay for basic usage, but not for heavy tasks.",2026-06-20
rev_neg_279,PROD_LAPTOP_283,1,Very disappointed. It looks nothing like the pictures.,2026-06-12
rev_neu_720,PROD_PHONE_313,3,"Neither great nor terrible, just in the middle.",2026-06-21
rev_neu_857,PROD_CLOTH_320,3,"It is average. Some days it is fast, some days it is slow.",2026-06-26
rev_neg_747,PROD_BEAUTY_227,2,"Terrible sound, very tinny and muffled.",2026-06-17
rev_neg_1541,PROD_PHONE_201,1,The customer service was extremely rude and unhelpful.,2026-06-12
rev_pos_482,PROD_PHONE_185,4,Very satisfied with my purchase. It works perfectly.,2026-06-01
rev_pos_851,PROD_PHONE_114,5,The screen display is incredibly clear and beautiful.,2026-06-06
rev_pos_1126,PROD_BEAUTY_175,4,"Incredibly fast shipping, arrived much earlier than expected.",2026-06-04
rev_neu_25,PROD_CLOTH_391,3,"Not bad, it is just okay.",2026-06-23
rev_neg_611,PROD_BEAUTY_291,1,"Extremely bad design, hard to hold and uncomfortable.",2026-06-13
rev_neu_646,PROD_LAPTOP_359,3,"The package arrived on time, quality is decent.",2026-06-26
rev_neu_198,PROD_BEAUTY_328,3,"The package arrived on time, quality is decent.",2026-06-25
rev_pos_1735,PROD_PHONE_145,5,"Love the packaging, it was wrapped very nicely.",2026-06-02
rev_neg_196,PROD_CLOTH_297,1,The worst packaging I have ever seen. Damaged box.,2026-06-14
rev_neg_879,PROD_BEAUTY_223,1,Never buy this. Waste of time and money.,2026-06-11
rev_neu_906,PROD_LAPTOP_344,3,"Some aspects are good, others are quite disappointed.",2026-06-23
rev_neu_122,PROD_BEAUTY_388,3,"Okay packaging, shipping was standard.",2026-06-23
rev_pos_680,PROD_PHONE_123,5,Great product! The quality is absolutely amazing.,2026-06-06
rev_neg_1071,PROD_BEAUTY_288,2,Never buy this. Waste of time and money.,2026-06-11
rev_pos_241,PROD_CLOTH_158,4,"No lag, games run super smooth on it.",2026-06-01
rev_neg_602,PROD_CLOTH_257,2,The screen cracked easily without any drop. Fragile.,2026-06-12
rev_neg_1534,PROD_CLOTH_239,1,It has a terrible chemical smell. Returning immediately.,2026-06-14
rev_neu_827,PROD_PHONE_358,3,"The battery is okay, screen is average.",2026-06-23
rev_pos_852,PROD_LAPTOP_105,4,Fast connection and never disconnects.,2026-06-06
rev_neu_268,PROD_BEAUTY_321,3,"It works, but nothing outstanding.",2026-06-23
rev_pos_94,PROD_LAPTOP_118,4,"Not cheap, but totally worth every single penny.",2026-06-01
rev_neu_149,PROD_CLOTH_319,3,"It is okay. Not the best, but not the worst.",2026-06-20
rev_pos_119,PROD_LAPTOP_183,5,Very satisfied with my purchase. It works perfectly.,2026-06-02
rev_pos_362,PROD_LAPTOP_155,4,"Great customer service, they resolved my issue in minutes.",2026-06-09
rev_pos_1891,PROD_LAPTOP_107,5,Not a single issue so far. Very reliable.,2026-06-02
rev_neg_1981,PROD_BEAUTY_268,1,Never again. This is absolute trash.,2026-06-14
rev_neg_1434,PROD_LAPTOP_251,1,Never again. This is absolute trash.,2026-06-13
rev_pos_1612,PROD_BEAUTY_133,5,Simply the best one on the market right now.,2026-06-08
rev_neg_905,PROD_BEAUTY_217,2,The worst packaging I have ever seen. Damaged box.,2026-06-18
rev_pos_341,PROD_PHONE_193,5,"Outstanding performance, it exceeded my expectations.",2026-06-06
rev_neg_269,PROD_PHONE_255,2,"No response from support, and return policy is a lie.",2026-06-12
rev_neg_277,PROD_CLOTH_201,2,"Extremely noisy, sounds like it's going to explode.",2026-06-12
rev_neg_912,PROD_PHONE_288,2,"Cannot recommend this product, it lacks standard features.",2026-06-13
rev_pos_393,PROD_CLOTH_120,5,"Very easy to use, setup was a breeze. Perfect!",2026-06-07
rev_pos_1700,PROD_PHONE_166,5,The user interface is so smooth and intuitive. Love it.,2026-06-03
rev_neg_1570,PROD_LAPTOP_263,2,This is a scam. It does not work at all.,2026-06-10
rev_neg_237,PROD_LAPTOP_238,2,Doesn't charge at all. Broken charging port.,2026-06-17
rev_neu_807,PROD_PHONE_348,3,"Okay packaging, shipping was standard.",2026-06-27
rev_neg_1653,PROD_LAPTOP_246,1,Very disappointed with the hardware quality. It broke on day one.,2026-06-16
rev_neg_1336,PROD_PHONE_243,2,Terrible product! A complete waste of money.,2026-06-13
rev_neu_95,PROD_LAPTOP_355,3,"The design is simple, functionality is average.",2026-06-28
rev_neg_205,PROD_BEAUTY_265,2,Very expensive for such cheap material. Disappointed.,2026-06-15
rev_pos_1610,PROD_PHONE_107,4,Beautiful design and great build quality.,2026-06-07
rev_neu_279,PROD_LAPTOP_368,3,"No quality issues, but design is quite boring.",2026-06-27
rev_pos_1691,PROD_BEAUTY_149,4,"Love the packaging, it was wrapped very nicely.",2026-06-08
rev_neg_1657,PROD_LAPTOP_230,2,"Extremely slow performance, laggy and unusable.",2026-06-18
rev_pos_1009,PROD_CLOTH_189,5,"No lag, games run super smooth on it.",2026-06-08
rev_pos_1757,PROD_PHONE_147,5,Absolutely love this device. Best purchase of the year!,2026-06-09
rev_neg_48,PROD_CLOTH_218,1,Very disappointed with the hardware quality. It broke on day one.,2026-06-11
rev_pos_1345,PROD_BEAUTY_138,5,Extremely pleased with how fast this works.,2026-06-03
rev_neg_486,PROD_BEAUTY_290,2,Not recommended. The product has major design flaws.,2026-06-17
rev_pos_1682,PROD_BEAUTY_103,5,"Incredibly fast shipping, arrived much earlier than expected.",2026-06-06
rev_pos_1173,PROD_LAPTOP_192,4,I can't believe how good this is for the price.,2026-06-01
rev_neg_1284,PROD_PHONE_216,1,"Very cheap plastic, feels like a toy.",2026-06-14
rev_neu_824,PROD_CLOTH_398,3,"Not bad, but not particularly good either.",2026-06-24
rev_pos_1327,PROD_CLOTH_189,5,The user interface is so smooth and intuitive. Love it.,2026-06-09
rev_pos_919,PROD_BEAUTY_129,4,Simply the best one on the market right now.,2026-06-08
rev_neg_1871,PROD_PHONE_237,1,Poor packaging and the item was broken inside.,2026-06-13
rev_pos_804,PROD_PHONE_182,4,"No lag, games run super smooth on it.",2026-06-03
rev_pos_1713,PROD_LAPTOP_122,5,"No quality issues, everything is in perfect condition.",2026-06-04
rev_pos_1874,PROD_LAPTOP_149,4,"Not cheap, but totally worth every single penny.",2026-06-07
rev_pos_641,PROD_LAPTOP_157,4,Excellent value for money. Very durable material.,2026-06-08
rev_neu_855,PROD_BEAUTY_307,3,"The quality is passable, nothing to complain about.",2026-06-27
rev_neu_729,PROD_BEAUTY_319,3,"It is average. Some days it is fast, some days it is slow.",2026-06-22
rev_pos_1387,PROD_PHONE_168,5,"No delay in shipping, super happy with the delivery.",2026-06-06
rev_neu_873,PROD_PHONE_334,3,"The product is okay, does the job but nothing special.",2026-06-22
rev_pos_1219,PROD_BEAUTY_145,5,Extremely pleased with how fast this works.,2026-06-04
rev_neu_698,PROD_BEAUTY_329,3,"The package arrived on time, quality is decent.",2026-06-25
rev_neg_22,PROD_PHONE_265,2,Completely useless. Do not waste your hard-earned money.,2026-06-16
rev_neg_1888,PROD_LAPTOP_249,2,Very disappointed. It looks nothing like the pictures.,2026-06-19
rev_neg_1040,PROD_PHONE_279,1,Worst experience ever. The battery drains in two hours.,2026-06-10
rev_pos_1186,PROD_CLOTH_139,5,Very bright display and the colors are vibrant.,2026-06-06
rev_neg_1417,PROD_LAPTOP_241,2,Very expensive for such cheap material. Disappointed.,2026-06-15
rev_neg_1751,PROD_PHONE_233,1,"Cannot recommend this product, it lacks standard features.",2026-06-18
rev_pos_1388,PROD_LAPTOP_166,4,Excellent value for money. Very durable material.,2026-06-05
rev_neu_204,PROD_CLOTH_378,3,"No issues so far, but it feels a bit basic.",2026-06-24
rev_pos_521,PROD_BEAUTY_142,4,"Not cheap, but totally worth every single penny.",2026-06-07
rev_pos_1670,PROD_CLOTH_172,4,"No complaints here, works exactly as described.",2026-06-09
rev_neu_47,PROD_LAPTOP_387,3,"It is a decent product, but has some limitations.",2026-06-24
rev_neg_1227,PROD_PHONE_218,2,"Not worth the money, quality is very poor.",2026-06-18
rev_pos_1384,PROD_CLOTH_106,5,Simply the best one on the market right now.,2026-06-05
rev_neg_1211,PROD_PHONE_266,2,Never again. This is absolute trash.,2026-06-19
rev_neu_22,PROD_PHONE_335,3,"Okay for basic usage, but not for heavy tasks.",2026-06-22
rev_neg_1276,PROD_CLOTH_200,2,Doesn't work. The software crashes every time I open it.,2026-06-18
rev_pos_1613,PROD_BEAUTY_193,5,"Super light, compact, and extremely useful.",2026-06-07
rev_neu_635,PROD_LAPTOP_360,3,"The shipping was ok, product is decent enough.",2026-06-26
rev_pos_1808,PROD_CLOTH_131,5,"Love the packaging, it was wrapped very nicely.",2026-06-04
rev_neg_832,PROD_LAPTOP_212,2,This is a scam. It does not work at all.,2026-06-14
rev_pos_652,PROD_LAPTOP_111,5,"Works like a charm, would buy again without hesitation.",2026-06-06
rev_neg_332,PROD_CLOTH_292,1,The setup was extremely hard and frustrating.,2026-06-12
rev_neg_1189,PROD_PHONE_248,1,The customer service was extremely rude and unhelpful.,2026-06-12
rev_pos_1020,PROD_PHONE_166,5,"Works like a charm, would buy again without hesitation.",2026-06-04
rev_pos_897,PROD_CLOTH_174,5,"This phone is gr8, battery life is awesome.",2026-06-09
rev_neg_1016,PROD_BEAUTY_282,1,Completely useless. Do not waste your hard-earned money.,2026-06-16
rev_pos_1936,PROD_BEAUTY_163,4,Very robust and stands up to daily wear and tear.,2026-06-09
rev_pos_1091,PROD_PHONE_137,4,Simply the best one on the market right now.,2026-06-07
rev_pos_431,PROD_LAPTOP_107,5,"Never disappointed with this brand, always top tier.",2026-06-02
rev_neg_771,PROD_BEAUTY_229,1,Doesn't charge at all. Broken charging port.,2026-06-17
rev_pos_1705,PROD_BEAUTY_105,4,The customer support staff was very helpful and responsive.,2026-06-08
rev_pos_1706,PROD_LAPTOP_188,4,"Love the packaging, it was wrapped very nicely.",2026-06-04
rev_neu_194,PROD_BEAUTY_325,3,"The shipping was ok, product is decent enough.",2026-06-20
rev_neg_964,PROD_PHONE_295,2,"Fake item, a complete scam. Do not buy!",2026-06-11
rev_neg_605,PROD_BEAUTY_252,2,Very disappointed. It looks nothing like the pictures.,2026-06-13
rev_pos_1514,PROD_CLOTH_155,5,"No lag, games run super smooth on it.",2026-06-03
rev_pos_645,PROD_LAPTOP_141,4,Very bright display and the colors are vibrant.,2026-06-03
rev_pos_1597,PROD_CLOTH_183,5,"Wow, this is an absolute game changer!",2026-06-07
rev_pos_1998,PROD_CLOTH_105,4,"Wow, this is an absolute game changer!",2026-06-03
rev_pos_1095,PROD_BEAUTY_150,5,"Not cheap, but totally worth every single penny.",2026-06-03
rev_neu_685,PROD_CLOTH_326,3,"Not bad, but it lacks some advanced features.",2026-06-25
rev_neg_304,PROD_LAPTOP_266,1,Never again. This is absolute trash.,2026-06-19
rev_pos_1361,PROD_LAPTOP_198,4,Very bright display and the colors are vibrant.,2026-06-05
rev_neu_71,PROD_BEAUTY_349,3,"The design is simple, functionality is average.",2026-06-28
rev_neu_435,PROD_BEAUTY_347,3,"Not bad, but not particularly good either.",2026-06-22
rev_neg_606,PROD_LAPTOP_278,1,Very disappointed with the hardware quality. It broke on day one.,2026-06-19
rev_neu_631,PROD_PHONE_374,3,"It works fine, but I expected more from this brand.",2026-06-24
rev_neg_575,PROD_PHONE_243,2,Worst experience ever. The battery drains in two hours.,2026-06-14
rev_neu_445,PROD_LAPTOP_376,3,"Okay packaging, shipping was standard.",2026-06-26
rev_neg_1893,PROD_BEAUTY_202,2,Do not recommend this seller. Poor customer support.,2026-06-19
rev_neg_1398,PROD_LAPTOP_205,1,The worst packaging I have ever seen. Damaged box.,2026-06-16
rev_neg_538,PROD_BEAUTY_250,2,Very expensive for such cheap material. Disappointed.,2026-06-12
rev_pos_1932,PROD_CLOTH_181,4,I can't believe how good this is for the price.,2026-06-02
rev_pos_726,PROD_LAPTOP_152,5,"Works like a charm, would buy again without hesitation.",2026-06-08
rev_neg_614,PROD_LAPTOP_259,1,It has a terrible chemical smell. Returning immediately.,2026-06-18
rev_neu_335,PROD_PHONE_397,3,"The product is okay, does the job but nothing special.",2026-06-21
rev_pos_1133,PROD_CLOTH_193,5,Beautiful design and great build quality.,2026-06-08
rev_neg_927,PROD_BEAUTY_274,2,Not durable. It tore apart after the first wash.,2026-06-19
rev_neg_1793,PROD_PHONE_241,2,"Terrible sound, very tinny and muffled.",2026-06-15
rev_neu_444,PROD_CLOTH_387,3,"No quality issues, but design is quite boring.",2026-06-25
rev_pos_1791,PROD_CLOTH_171,5,"This phone is gr8, battery life is awesome.",2026-06-04
rev_neg_761,PROD_BEAUTY_266,2,Not recommended. The product has major design flaws.,2026-06-16
rev_pos_1460,PROD_BEAUTY_140,5,"Not cheap, but totally worth every single penny.",2026-06-02
rev_pos_223,PROD_CLOTH_183,5,Absolutely love this device. Best purchase of the year!,2026-06-07
rev_neg_660,PROD_CLOTH_265,1,The screen cracked easily without any drop. Fragile.,2026-06-17
rev_neg_1857,PROD_PHONE_239,1,"No connectivity, bluetooth keeps dropping.",2026-06-15
rev_pos_791,PROD_PHONE_117,4,"This phone is gr8, battery life is awesome.",2026-06-03
rev_neu_425,PROD_PHONE_371,3,"Average performance, nothing special about it.",2026-06-24
rev_pos_1761,PROD_BEAUTY_190,5,The screen display is incredibly clear and beautiful.,2026-06-08
rev_neg_97,PROD_BEAUTY_260,2,The device keeps flickering and lags constantly. Terrible!,2026-06-13
rev_neu_991,PROD_PHONE_326,3,"The shipping was ok, product is decent enough.",2026-06-23
rev_pos_709,PROD_PHONE_164,5,No problems at all. Solid hardware and easy to setup.,2026-06-09
rev_neu_773,PROD_LAPTOP_343,3,"Nothing special, just a standard item.",2026-06-28
rev_neu_35,PROD_PHONE_320,3,"Neither great nor terrible, just in the middle.",2026-06-28
rev_pos_1813,PROD_LAPTOP_164,4,"No quality issues, everything is in perfect condition.",2026-06-02
rev_pos_1220,PROD_PHONE_173,5,"No quality issues, everything is in perfect condition.",2026-06-08
rev_pos_1222,PROD_BEAUTY_190,4,"Highly recommend this shop, wonderful customer service.",2026-06-06
rev_pos_1637,PROD_CLOTH_111,5,Highly functional and has zero flaws.,2026-06-02
rev_neg_1104,PROD_BEAUTY_251,2,Doesn't work. The software crashes every time I open it.,2026-06-18
rev_neg_1845,PROD_BEAUTY_277,1,Very slow shipping and the item is defect.,2026-06-13
rev_neg_1113,PROD_LAPTOP_284,1,"Very cheap plastic, feels like a toy.",2026-06-17
rev_pos_887,PROD_PHONE_170,4,"Great customer service, they resolved my issue in minutes.",2026-06-05
rev_neu_932,PROD_BEAUTY_340,3,"The design is simple, functionality is average.",2026-06-22
rev_pos_1365,PROD_BEAUTY_147,5,"Super light, compact, and extremely useful.",2026-06-01
rev_neu_722,PROD_LAPTOP_393,3,"Standard product, does exactly what is advertised.",2026-06-24
rev_neu_548,PROD_BEAUTY_303,3,"Some aspects are good, others are quite disappointed.",2026-06-22
rev_pos_1374,PROD_CLOTH_174,4,Perfect fit and very comfortable to wear.,2026-06-05
rev_neg_763,PROD_CLOTH_290,1,Terrible product! A complete waste of money.,2026-06-18
rev_neg_1338,PROD_BEAUTY_248,2,"Extremely slow performance, laggy and unusable.",2026-06-18
rev_neu_550,PROD_PHONE_343,3,"The quality is passable, nothing to complain about.",2026-06-23
rev_neg_1891,PROD_CLOTH_203,1,"No response from support, and return policy is a lie.",2026-06-15
rev_pos_478,PROD_BEAUTY_172,4,The sound quality is fantastic and clear.,2026-06-04
rev_pos_1551,PROD_BEAUTY_158,4,Great product! The quality is absolutely amazing.,2026-06-07
rev_neg_535,PROD_PHONE_220,2,"Terrible sound, very tinny and muffled.",2026-06-18
rev_pos_743,PROD_CLOTH_187,5,Simply the best one on the market right now.,2026-06-02
rev_pos_1489,PROD_BEAUTY_140,4,I can't believe how good this is for the price.,2026-06-08
rev_neu_730,PROD_PHONE_379,3,"The design is simple, functionality is average.",2026-06-27
rev_neg_1135,PROD_CLOTH_226,2,Very slow shipping and the item is defect.,2026-06-17
rev_neu_522,PROD_CLOTH_311,3,"The shipping was ok, product is decent enough.",2026-06-25
rev_neg_1533,PROD_PHONE_224,2,"No manual included, and setup is impossible.",2026-06-13
rev_neg_1763,PROD_BEAUTY_274,1,"No manual included, and setup is impossible.",2026-06-16
rev_pos_915,PROD_LAPTOP_177,5,Very robust and stands up to daily wear and tear.,2026-06-02
rev_neg_1941,PROD_CLOTH_242,1,Completely useless. Do not waste your hard-earned money.,2026-06-10
rev_pos_1256,PROD_CLOTH_198,5,Absolutely love this device. Best purchase of the year!,2026-06-07
rev_neg_1328,PROD_CLOTH_234,2,Not durable. It tore apart after the first wash.,2026-06-13
rev_neg_429,PROD_PHONE_278,1,The customer service was extremely rude and unhelpful.,2026-06-19
rev_neg_1556,PROD_CLOTH_272,1,Do not recommend this seller. Poor customer support.,2026-06-16
rev_neg_1155,PROD_LAPTOP_230,2,"Extremely bad design, hard to hold and uncomfortable.",2026-06-17
rev_pos_309,PROD_BEAUTY_147,4,"Never disappointed with this brand, always top tier.",2026-06-09
rev_neg_928,PROD_PHONE_262,2,"Cannot recommend this product, it lacks standard features.",2026-06-19
rev_neu_505,PROD_BEAUTY_393,3,"Shipping took longer than expected, but product is ok.",2026-06-28
rev_pos_112,PROD_PHONE_149,5,"Super light, compact, and extremely useful.",2026-06-06
rev_pos_572,PROD_LAPTOP_141,5,"Wow, this is an absolute game changer!",2026-06-05
rev_pos_1547,PROD_CLOTH_175,5,Beautiful design and great build quality.,2026-06-08
rev_pos_1525,PROD_PHONE_141,5,"No complaints here, works exactly as described.",2026-06-03
rev_pos_193,PROD_PHONE_160,4,Beautiful design and great build quality.,2026-06-05
rev_pos_721,PROD_PHONE_195,4,The sound quality is fantastic and clear.,2026-06-08
rev_neg_1705,PROD_PHONE_294,1,Late delivery and the package arrived damaged.,2026-06-16
rev_pos_534,PROD_PHONE_172,4,"Outstanding performance, it exceeded my expectations.",2026-06-07
rev_neg_1585,PROD_BEAUTY_247,1,"No connectivity, bluetooth keeps dropping.",2026-06-15
rev_neg_835,PROD_PHONE_243,2,Never buy this. Waste of time and money.,2026-06-17
rev_neu_423,PROD_BEAUTY_313,3,"Neither great nor terrible, just in the middle.",2026-06-25
rev_pos_129,PROD_BEAUTY_190,5,"Super light, compact, and extremely useful.",2026-06-03
rev_neg_845,PROD_LAPTOP_212,1,"No manual included, and setup is impossible.",2026-06-17
rev_neg_661,PROD_LAPTOP_208,1,The screen cracked easily without any drop. Fragile.,2026-06-16
rev_neg_784,PROD_PHONE_297,1,"Terrible sound, very tinny and muffled.",2026-06-13
rev_pos_555,PROD_CLOTH_188,4,"Not bad at all, in fact it is an awsm product.",2026-06-03
rev_neg_475,PROD_CLOTH_254,2,Very slow shipping and the item is defect.,2026-06-19
rev_neg_565,PROD_BEAUTY_258,1,Late delivery and the package arrived damaged.,2026-06-15
rev_neg_127,PROD_CLOTH_242,2,Very expensive for such cheap material. Disappointed.,2026-06-12
rev_pos_842,PROD_PHONE_154,5,"Not bad at all, in fact it is an awsm product.",2026-06-05
rev_pos_1023,PROD_PHONE_185,5,"Works like a charm, would buy again without hesitation.",2026-06-04
rev_neu_893,PROD_BEAUTY_357,3,"Not bad, but not particularly good either.",2026-06-26
rev_neg_958,PROD_CLOTH_296,1,Very slow shipping and the item is defect.,2026-06-13
rev_pos_390,PROD_BEAUTY_164,4,Excellent value for money. Very durable material.,2026-06-01
rev_pos_78,PROD_LAPTOP_103,4,"Not cheap, but totally worth every single penny.",2026-06-04
rev_pos_580,PROD_BEAUTY_127,4,"Outstanding performance, it exceeded my expectations.",2026-06-07
rev_neg_319,PROD_LAPTOP_229,1,The camera quality is awful and blurry.,2026-06-11
rev_neg_1339,PROD_LAPTOP_281,2,"No customer support at all, they ignored my emails.",2026-06-12
rev_pos_1309,PROD_BEAUTY_192,4,Simply the best one on the market right now.,2026-06-04
rev_pos_1048,PROD_PHONE_193,5,"No lag, games run super smooth on it.",2026-06-02
rev_neg_1690,PROD_LAPTOP_261,1,Very expensive for such cheap material. Disappointed.,2026-06-10
rev_neg_1560,PROD_CLOTH_264,2,Completely useless. Do not waste your hard-earned money.,2026-06-14
rev_pos_422,PROD_CLOTH_136,4,"Not cheap, but totally worth every single penny.",2026-06-08
rev_neg_954,PROD_BEAUTY_236,1,The screen cracked easily without any drop. Fragile.,2026-06-19
rev_neg_506,PROD_PHONE_222,2,Very expensive for such cheap material. Disappointed.,2026-06-17
rev_neu_799,PROD_LAPTOP_346,3,"Okay for basic usage, but not for heavy tasks.",2026-06-20
rev_neg_628,PROD_LAPTOP_247,1,Never again. This is absolute trash.,2026-06-19
rev_neg_1974,PROD_LAPTOP_291,2,"Very cheap plastic, feels like a toy.",2026-06-13
rev_pos_628,PROD_LAPTOP_137,5,Great product! The quality is absolutely amazing.,2026-06-05
rev_neg_1905,PROD_BEAUTY_206,1,The worst packaging I have ever seen. Damaged box.,2026-06-14
rev_neu_663,PROD_PHONE_326,3,"Nothing special, just a standard item.",2026-06-23
rev_pos_391,PROD_LAPTOP_191,4,"Highly recommend this shop, wonderful customer service.",2026-06-06
rev_neg_1519,PROD_CLOTH_250,2,It has a terrible chemical smell. Returning immediately.,2026-06-12
rev_pos_688,PROD_PHONE_161,5,"Wow, this is an absolute game changer!",2026-06-04
rev_pos_565,PROD_PHONE_173,5,"No defects, clean packaging, and works like a dream.",2026-06-02
rev_pos_1337,PROD_BEAUTY_111,4,Absolutely love this device. Best purchase of the year!,2026-06-02
rev_neg_1711,PROD_LAPTOP_265,1,"Extremely noisy, sounds like it's going to explode.",2026-06-10
rev_neg_1666,PROD_PHONE_226,2,"Poor battery life, won't even last half a day.",2026-06-19
rev_pos_1373,PROD_BEAUTY_137,4,"Works like a charm, would buy again without hesitation.",2026-06-09
rev_pos_1768,PROD_BEAUTY_149,5,"No lag, games run super smooth on it.",2026-06-03
rev_neg_57,PROD_LAPTOP_251,1,Very disappointed. It looks nothing like the pictures.,2026-06-19
rev_pos_757,PROD_BEAUTY_106,5,I can't believe how good this is for the price.,2026-06-03
rev_neg_1916,PROD_PHONE_217,1,It has a terrible chemical smell. Returning immediately.,2026-06-16
rev_pos_799,PROD_BEAUTY_105,5,"Not bad at all, in fact it is an awsm product.",2026-06-02
rev_pos_756,PROD_PHONE_187,4,"No regrets buying this, highly recommended.",2026-06-07
rev_neu_938,PROD_PHONE_324,3,"The design is simple, functionality is average.",2026-06-22
rev_neu_437,PROD_PHONE_341,3,"The package arrived on time, quality is decent.",2026-06-25
rev_pos_1655,PROD_CLOTH_111,4,"No defects, clean packaging, and works like a dream.",2026-06-07
rev_pos_50,PROD_LAPTOP_124,5,Extremely pleased with how fast this works.,2026-06-05
rev_pos_803,PROD_BEAUTY_119,5,"No regrets buying this, highly recommended.",2026-06-09
rev_neu_794,PROD_BEAUTY_379,3,"Not bad, but it lacks some advanced features.",2026-06-21
rev_neg_1734,PROD_PHONE_252,2,Horrible experience. The item was missing parts.,2026-06-16
rev_pos_1524,PROD_PHONE_136,5,"This phone is gr8, battery life is awesome.",2026-06-02
rev_neg_634,PROD_CLOTH_292,2,Terrible product! A complete waste of money.,2026-06-18
rev_pos_1001,PROD_BEAUTY_196,4,"Wow, this is an absolute game changer!",2026-06-08
rev_neg_544,PROD_BEAUTY_259,2,The setup was extremely hard and frustrating.,2026-06-13
rev_neg_368,PROD_BEAUTY_268,1,Do not recommend this seller. Poor customer support.,2026-06-11
rev_pos_1752,PROD_LAPTOP_160,5,Absolutely love this device. Best purchase of the year!,2026-06-02
rev_neu_316,PROD_PHONE_318,3,"It is average. Some days it is fast, some days it is slow.",2026-06-22
rev_neg_1624,PROD_LAPTOP_208,1,Worst experience ever. The battery drains in two hours.,2026-06-12
rev_neg_1739,PROD_PHONE_278,2,Not durable. It tore apart after the first wash.,2026-06-17
rev_neg_1329,PROD_BEAUTY_232,1,"No response from support, and return policy is a lie.",2026-06-19
rev_pos_216,PROD_LAPTOP_132,5,I can't believe how good this is for the price.,2026-06-08
rev_neg_956,PROD_LAPTOP_233,1,"Fake item, a complete scam. Do not buy!",2026-06-12
rev_pos_1354,PROD_PHONE_103,5,The customer support staff was very helpful and responsive.,2026-06-07
rev_neg_1475,PROD_PHONE_262,2,"Cannot recommend this product, it lacks standard features.",2026-06-17
rev_pos_1233,PROD_CLOTH_132,4,"Very easy to use, setup was a breeze. Perfect!",2026-06-03
rev_neg_819,PROD_LAPTOP_202,1,The camera quality is awful and blurry.,2026-06-18
rev_pos_1311,PROD_CLOTH_117,4,"Highly recommend this shop, wonderful customer service.",2026-06-02
rev_neu_551,PROD_LAPTOP_366,3,"Average performance, nothing special about it.",2026-06-21
rev_pos_1660,PROD_PHONE_177,4,"Incredibly fast shipping, arrived much earlier than expected.",2026-06-08
rev_neg_1301,PROD_PHONE_240,2,The worst packaging I have ever seen. Damaged box.,2026-06-17
rev_pos_398,PROD_LAPTOP_167,5,Very satisfied with my purchase. It works perfectly.,2026-06-07
rev_pos_1868,PROD_PHONE_188,5,"Very easy to use, setup was a breeze. Perfect!",2026-06-06
rev_neg_1093,PROD_LAPTOP_257,2,Doesn't charge at all. Broken charging port.,2026-06-14
rev_neg_1037,PROD_BEAUTY_292,2,The setup was extremely hard and frustrating.,2026-06-15
rev_neg_1225,PROD_CLOTH_242,2,The camera quality is awful and blurry.,2026-06-18
rev_neg_745,PROD_LAPTOP_250,1,Late delivery and the package arrived damaged.,2026-06-15
rev_pos_60,PROD_LAPTOP_144,5,Very robust and stands up to daily wear and tear.,2026-06-02
rev_pos_425,PROD_LAPTOP_101,5,The software is incredibly fast and responsive.,2026-06-06
rev_neg_1789,PROD_BEAUTY_266,2,It has a terrible chemical smell. Returning immediately.,2026-06-11
rev_neu_765,PROD_LAPTOP_313,3,"Just an average device, nothing to write home about.",2026-06-27
rev_neg_1805,PROD_CLOTH_294,2,Very disappointed. It looks nothing like the pictures.,2026-06-18
rev_pos_1971,PROD_PHONE_106,4,"No lag, games run super smooth on it.",2026-06-07
rev_neu_530,PROD_PHONE_373,3,"Not bad, but not particularly good either.",2026-06-20
rev_neu_953,PROD_PHONE_321,3,"It is average. Some days it is fast, some days it is slow.",2026-06-25
rev_neu_404,PROD_CLOTH_358,3,"Not bad, it is just okay.",2026-06-28
rev_neg_1024,PROD_LAPTOP_274,1,Late delivery and the package arrived damaged.,2026-06-17
rev_neu_681,PROD_CLOTH_311,3,"No issues so far, but it feels a bit basic.",2026-06-28
rev_neg_1577,PROD_BEAUTY_225,2,Not recommended. The product has major design flaws.,2026-06-12
rev_pos_345,PROD_CLOTH_146,4,Absolutely love this device. Best purchase of the year!,2026-06-07
rev_neg_801,PROD_BEAUTY_279,1,Completely useless. Do not waste your hard-earned money.,2026-06-11
rev_pos_844,PROD_BEAUTY_190,5,Great product! The quality is absolutely amazing.,2026-06-03
rev_neg_1197,PROD_LAPTOP_257,2,The setup was extremely hard and frustrating.,2026-06-19
rev_pos_351,PROD_CLOTH_188,4,Fast connection and never disconnects.,2026-06-08
rev_pos_996,PROD_BEAUTY_167,5,"No quality issues, everything is in perfect condition.",2026-06-09
rev_pos_1967,PROD_PHONE_189,5,"Works like a charm, would buy again without hesitation.",2026-06-09
rev_neg_562,PROD_PHONE_219,2,The camera quality is awful and blurry.,2026-06-10
rev_neg_1378,PROD_LAPTOP_229,1,Very slow shipping and the item is defect.,2026-06-10
rev_pos_244,PROD_PHONE_116,4,Very bright display and the colors are vibrant.,2026-06-05
rev_pos_211,PROD_LAPTOP_181,5,Very bright display and the colors are vibrant.,2026-06-04
rev_neu_999,PROD_BEAUTY_388,3,"Delivery was a bit slow, but the item arrived safe.",2026-06-23
rev_neu_820,PROD_CLOTH_333,3,"Nothing special, just a standard item.",2026-06-22
rev_neg_164,PROD_LAPTOP_245,2,It stopped working after just a few days of light usage.,2026-06-13
rev_pos_212,PROD_LAPTOP_180,5,"No lag, games run super smooth on it.",2026-06-02
rev_pos_795,PROD_LAPTOP_114,5,"No regrets buying this, highly recommended.",2026-06-03
rev_neu_53,PROD_LAPTOP_332,3,"Average performance, nothing special about it.",2026-06-23
rev_pos_388,PROD_PHONE_116,5,Extremely pleased with how fast this works.,2026-06-02
rev_pos_1740,PROD_PHONE_198,5,"Wow, this is an absolute game changer!",2026-06-05
rev_neu_524,PROD_CLOTH_324,3,"The product is okay, does the job but nothing special.",2026-06-22
rev_neg_29,PROD_BEAUTY_219,1,The worst packaging I have ever seen. Damaged box.,2026-06-14
rev_neu_911,PROD_CLOTH_342,3,"Nothing special, just a standard item.",2026-06-20
rev_pos_998,PROD_CLOTH_146,5,No problems at all. Solid hardware and easy to setup.,2026-06-07
rev_pos_1169,PROD_LAPTOP_111,4,Simply the best one on the market right now.,2026-06-08
rev_neg_1811,PROD_PHONE_254,1,Never buy this. Waste of time and money.,2026-06-12
rev_neg_760,PROD_LAPTOP_235,2,Completely useless. Do not waste your hard-earned money.,2026-06-10
rev_neu_184,PROD_BEAUTY_348,3,"It is average. Some days it is fast, some days it is slow.",2026-06-24
rev_pos_1185,PROD_BEAUTY_150,4,Very satisfied with my purchase. It works perfectly.,2026-06-03
rev_pos_33,PROD_CLOTH_151,4,The screen display is incredibly clear and beautiful.,2026-06-06
rev_neg_963,PROD_PHONE_279,2,The screen cracked easily without any drop. Fragile.,2026-06-16
rev_neg_573,PROD_BEAUTY_205,1,"No response from support, and return policy is a lie.",2026-06-11
rev_neg_1115,PROD_LAPTOP_285,1,Very disappointed. It looks nothing like the pictures.,2026-06-12
rev_pos_1297,PROD_LAPTOP_159,5,"This phone is gr8, battery life is awesome.",2026-06-04
rev_neg_415,PROD_CLOTH_278,2,Late delivery and the package arrived damaged.,2026-06-16
rev_neg_756,PROD_PHONE_225,1,Very expensive for such cheap material. Disappointed.,2026-06-15
rev_neu_709,PROD_PHONE_306,3,"The quality is passable, nothing to complain about.",2026-06-21
rev_neg_154,PROD_BEAUTY_255,2,Never again. This is absolute trash.,2026-06-18
rev_neg_1235,PROD_BEAUTY_255,1,Not recommended. The product has major design flaws.,2026-06-13
rev_neg_409,PROD_LAPTOP_271,2,Worst experience ever. The battery drains in two hours.,2026-06-10
rev_pos_1067,PROD_CLOTH_144,4,No problems at all. Solid hardware and easy to setup.,2026-06-07
rev_pos_468,PROD_PHONE_124,4,Very bright display and the colors are vibrant.,2026-06-09
rev_pos_380,PROD_BEAUTY_165,4,"Works like a charm, would buy again without hesitation.",2026-06-08
rev_neg_890,PROD_LAPTOP_292,1,"Poor battery life, won't even last half a day.",2026-06-15
rev_pos_609,PROD_LAPTOP_168,4,No problems at all. Solid hardware and easy to setup.,2026-06-06
rev_pos_810,PROD_PHONE_151,4,Perfect fit and very comfortable to wear.,2026-06-07
rev_neu_850,PROD_PHONE_387,3,"It is average. Some days it is fast, some days it is slow.",2026-06-28
rev_pos_1197,PROD_BEAUTY_149,4,Extremely pleased with how fast this works.,2026-06-02
rev_pos_1975,PROD_BEAUTY_131,5,"No delay in shipping, super happy with the delivery.",2026-06-06
rev_pos_1531,PROD_BEAUTY_111,4,"No quality issues, everything is in perfect condition.",2026-06-01
rev_neg_1406,PROD_LAPTOP_245,1,The device keeps flickering and lags constantly. Terrible!,2026-06-15
rev_pos_1548,PROD_CLOTH_123,5,Fast connection and never disconnects.,2026-06-04
rev_neu_292,PROD_LAPTOP_376,3,"Delivery was a bit slow, but the item arrived safe.",2026-06-22
rev_pos_1479,PROD_BEAUTY_149,4,"Not bad at all, in fact it is an awsm product.",2026-06-01
rev_pos_1035,PROD_PHONE_167,4,"No delay in shipping, super happy with the delivery.",2026-06-03
rev_pos_270,PROD_BEAUTY_195,4,"Not bad at all, in fact it is an awsm product.",2026-06-07
rev_neg_791,PROD_PHONE_241,2,"No customer support at all, they ignored my emails.",2026-06-17
rev_neu_376,PROD_LAPTOP_312,3,"Decent packaging, product performs averagely.",2026-06-28
rev_neu_731,PROD_BEAUTY_365,3,"The quality is passable, nothing to complain about.",2026-06-24
rev_pos_1231,PROD_PHONE_184,4,"Great customer service, they resolved my issue in minutes.",2026-06-05
rev_pos_3,PROD_LAPTOP_191,4,Very robust and stands up to daily wear and tear.,2026-06-09
rev_neu_7,PROD_PHONE_390,3,"Neither great nor terrible, just in the middle.",2026-06-20
rev_pos_936,PROD_LAPTOP_184,4,Fast connection and never disconnects.,2026-06-09
rev_neg_697,PROD_LAPTOP_296,2,"Terrible sound, very tinny and muffled.",2026-06-11
rev_neu_90,PROD_PHONE_363,3,Average quality for the price. Not bad but not great.,2026-06-28
rev_pos_739,PROD_LAPTOP_132,4,Very bright display and the colors are vibrant.,2026-06-05
rev_neg_1408,PROD_PHONE_269,1,Doesn't work. The software crashes every time I open it.,2026-06-12
rev_neg_947,PROD_PHONE_209,1,Very expensive for such cheap material. Disappointed.,2026-06-10
rev_neu_211,PROD_CLOTH_374,3,"It works, but nothing outstanding.",2026-06-27
rev_neg_250,PROD_BEAUTY_255,1,"Extremely noisy, sounds like it's going to explode.",2026-06-11
rev_neg_1944,PROD_CLOTH_250,1,"No manual included, and setup is impossible.",2026-06-12
rev_pos_1181,PROD_CLOTH_118,5,Extremely pleased with how fast this works.,2026-06-05
rev_neg_1440,PROD_PHONE_286,2,This is a scam. It does not work at all.,2026-06-15
rev_neu_989,PROD_LAPTOP_334,3,"Some aspects are good, others are quite disappointed.",2026-06-26
rev_neu_349,PROD_CLOTH_320,3,"Delivery was a bit slow, but the item arrived safe.",2026-06-24
rev_pos_1406,PROD_PHONE_127,4,"Wow, this is an absolute game changer!",2026-06-09
rev_pos_1370,PROD_CLOTH_108,5,"Not cheap, but totally worth every single penny.",2026-06-07
rev_pos_732,PROD_PHONE_187,5,Very robust and stands up to daily wear and tear.,2026-06-01
rev_neg_1120,PROD_CLOTH_250,1,Very disappointed with the hardware quality. It broke on day one.,2026-06-17
rev_pos_1324,PROD_LAPTOP_190,5,The software is incredibly fast and responsive.,2026-06-07
rev_neg_242,PROD_LAPTOP_211,2,"No manual included, and setup is impossible.",2026-06-14
rev_neg_1543,PROD_LAPTOP_273,2,Doesn't work. The software crashes every time I open it.,2026-06-18
rev_pos_107,PROD_BEAUTY_153,5,Beautiful design and great build quality.,2026-06-01
rev_neu_261,PROD_BEAUTY_356,3,"The quality is passable, nothing to complain about.",2026-06-21
rev_neg_489,PROD_BEAUTY_262,2,Very expensive for such cheap material. Disappointed.,2026-06-14
rev_neg_1254,PROD_PHONE_257,1,Poor packaging and the item was broken inside.,2026-06-12
rev_neu_672,PROD_BEAUTY_394,3,It is an average item. Neither good nor bad.,2026-06-28
rev_neu_880,PROD_LAPTOP_352,3,"Okay for basic usage, but not for heavy tasks.",2026-06-27
rev_pos_1538,PROD_CLOTH_159,4,No problems at all. Solid hardware and easy to setup.,2026-06-04
rev_pos_1796,PROD_CLOTH_105,5,Absolutely love this device. Best purchase of the year!,2026-06-02
rev_pos_1990,PROD_PHONE_172,5,"Very easy to use, setup was a breeze. Perfect!",2026-06-01
rev_neu_920,PROD_PHONE_356,3,"Shipping took longer than expected, but product is ok.",2026-06-25
rev_neu_213,PROD_CLOTH_302,3,"The quality is passable, nothing to complain about.",2026-06-28
rev_neg_386,PROD_PHONE_209,1,"No response from support, and return policy is a lie.",2026-06-15
rev_pos_1458,PROD_PHONE_166,5,"No delay in shipping, super happy with the delivery.",2026-06-04
rev_pos_1371,PROD_BEAUTY_181,4,No problems at all. Solid hardware and easy to setup.,2026-06-05
rev_neg_508,PROD_PHONE_239,1,"Poor battery life, won't even last half a day.",2026-06-14
rev_neu_945,PROD_CLOTH_316,3,"Okay packaging, shipping was standard.",2026-06-22
rev_neg_743,PROD_PHONE_295,1,"Extremely slow performance, laggy and unusable.",2026-06-16
rev_neg_1228,PROD_LAPTOP_259,1,Never buy this. Waste of time and money.,2026-06-12
rev_neu_517,PROD_PHONE_335,3,"No quality issues, but design is quite boring.",2026-06-25
rev_neu_845,PROD_BEAUTY_377,3,"Not bad, but not particularly good either.",2026-06-20
rev_neg_902,PROD_BEAUTY_216,1,"Poor battery life, won't even last half a day.",2026-06-15
rev_pos_1554,PROD_PHONE_102,4,Great product! The quality is absolutely amazing.,2026-06-04
rev_neu_571,PROD_BEAUTY_334,3,"Just an average device, nothing to write home about.",2026-06-23
rev_neg_5,PROD_BEAUTY_283,1,Not durable. It tore apart after the first wash.,2026-06-14
rev_pos_1008,PROD_PHONE_181,5,"Very easy to use, setup was a breeze. Perfect!",2026-06-08
rev_pos_1571,PROD_LAPTOP_136,4,"No regrets buying this, highly recommended.",2026-06-02
rev_neg_251,PROD_CLOTH_264,2,This is a scam. It does not work at all.,2026-06-15
rev_pos_450,PROD_PHONE_138,4,"Love the packaging, it was wrapped very nicely.",2026-06-08
rev_pos_215,PROD_LAPTOP_169,4,"No quality issues, everything is in perfect condition.",2026-06-06
rev_neg_1136,PROD_PHONE_292,1,Not durable. It tore apart after the first wash.,2026-06-14
rev_neg_1205,PROD_BEAUTY_208,1,"Very cheap plastic, feels like a toy.",2026-06-15
rev_pos_1258,PROD_BEAUTY_149,4,"No delay in shipping, super happy with the delivery.",2026-06-06
rev_pos_1778,PROD_PHONE_110,5,Perfect fit and very comfortable to wear.,2026-06-09
rev_neg_1146,PROD_PHONE_205,2,Poor packaging and the item was broken inside.,2026-06-11
rev_pos_1619,PROD_CLOTH_162,5,Simply the best one on the market right now.,2026-06-01
rev_neg_1497,PROD_CLOTH_285,1,Doesn't charge at all. Broken charging port.,2026-06-19
rev_pos_1875,PROD_LAPTOP_166,5,Highly functional and has zero flaws.,2026-06-04
rev_pos_256,PROD_PHONE_197,5,"Outstanding performance, it exceeded my expectations.",2026-06-05
rev_neu_39,PROD_PHONE_353,3,It is an average item. Neither good nor bad.,2026-06-27
rev_neu_368,PROD_LAPTOP_364,3,"It is okay. Not the best, but not the worst.",2026-06-26
rev_neu_37,PROD_CLOTH_308,3,"Not bad, it is just okay.",2026-06-26
rev_pos_672,PROD_LAPTOP_116,5,Great product! The quality is absolutely amazing.,2026-06-06
rev_neg_1767,PROD_LAPTOP_208,2,"No connectivity, bluetooth keeps dropping.",2026-06-17
rev_neu_561,PROD_BEAUTY_314,3,"The design is simple, functionality is average.",2026-06-28
rev_neu_539,PROD_CLOTH_330,3,"Okay for basic usage, but not for heavy tasks.",2026-06-20
rev_pos_1123,PROD_BEAUTY_182,4,I can't believe how good this is for the price.,2026-06-08
rev_pos_492,PROD_LAPTOP_138,4,"No defects, clean packaging, and works like a dream.",2026-06-02
rev_pos_1653,PROD_BEAUTY_144,5,Very bright display and the colors are vibrant.,2026-06-04
rev_neu_786,PROD_CLOTH_345,3,"The product is okay, does the job but nothing special.",2026-06-27
rev_neg_777,PROD_PHONE_281,2,The camera quality is awful and blurry.,2026-06-11
rev_neg_603,PROD_CLOTH_200,2,"Cannot recommend this product, it lacks standard features.",2026-06-18
rev_pos_613,PROD_LAPTOP_189,4,"Not bad at all, in fact it is an awsm product.",2026-06-01
rev_pos_1341,PROD_LAPTOP_160,5,The user interface is so smooth and intuitive. Love it.,2026-06-06
rev_pos_295,PROD_CLOTH_132,5,"This phone is gr8, battery life is awesome.",2026-06-03
rev_neg_1665,PROD_LAPTOP_200,1,Very slow shipping and the item is defect.,2026-06-19
rev_pos_1852,PROD_CLOTH_147,5,The sound quality is fantastic and clear.,2026-06-06
rev_pos_1942,PROD_CLOTH_114,4,Not a single issue so far. Very reliable.,2026-06-06
rev_neg_1773,PROD_BEAUTY_219,2,Doesn't work. The software crashes every time I open it.,2026-06-18
rev_neg_1514,PROD_CLOTH_210,1,Very disappointed. It looks nothing like the pictures.,2026-06-14
rev_neu_482,PROD_CLOTH_393,3,"Okay for basic usage, but not for heavy tasks.",2026-06-23
rev_pos_1466,PROD_LAPTOP_182,5,"Never disappointed with this brand, always top tier.",2026-06-01
rev_pos_1999,PROD_CLOTH_106,4,"No delay in shipping, super happy with the delivery.",2026-06-04
rev_pos_1724,PROD_BEAUTY_166,5,Very robust and stands up to daily wear and tear.,2026-06-08
rev_pos_904,PROD_CLOTH_192,5,"Love the packaging, it was wrapped very nicely.",2026-06-02
rev_neg_1885,PROD_PHONE_266,2,"No customer support at all, they ignored my emails.",2026-06-19
rev_pos_1734,PROD_PHONE_122,5,"No delay in shipping, super happy with the delivery.",2026-06-08
rev_pos_1792,PROD_BEAUTY_154,4,"No lag, games run super smooth on it.",2026-06-02
rev_neg_1589,PROD_PHONE_214,1,"Not worth the money, quality is very poor.",2026-06-17
rev_pos_296,PROD_LAPTOP_144,4,The sound quality is fantastic and clear.,2026-06-05
rev_neg_1032,PROD_PHONE_295,2,Late delivery and the package arrived damaged.,2026-06-13
rev_neg_229,PROD_PHONE_231,2,"No manual included, and setup is impossible.",2026-06-19
rev_neg_410,PROD_LAPTOP_275,1,Terrible product! A complete waste of money.,2026-06-16
rev_neg_513,PROD_PHONE_292,2,"Extremely slow performance, laggy and unusable.",2026-06-13
rev_neg_1426,PROD_LAPTOP_267,2,Very slow shipping and the item is defect.,2026-06-11
rev_neg_1083,PROD_BEAUTY_288,1,Very disappointed. It looks nothing like the pictures.,2026-06-19
rev_pos_547,PROD_BEAUTY_100,5,Fast connection and never disconnects.,2026-06-04
rev_pos_524,PROD_CLOTH_137,5,"No quality issues, everything is in perfect condition.",2026-06-08
rev_neu_875,PROD_BEAUTY_369,3,It is fine. Just an average smartphone.,2026-06-20
rev_neu_914,PROD_LAPTOP_396,3,"It's decent, fits the description but nothing exciting.",2026-06-23
rev_pos_712,PROD_PHONE_187,5,"Highly recommend this shop, wonderful customer service.",2026-06-07
rev_neu_616,PROD_LAPTOP_320,3,"It works as expected, nothing more, nothing less.",2026-06-21
rev_neu_826,PROD_CLOTH_308,3,"Delivery was a bit slow, but the item arrived safe.",2026-06-27
rev_pos_1614,PROD_LAPTOP_162,4,The customer support staff was very helpful and responsive.,2026-06-08
rev_pos_1283,PROD_PHONE_125,4,Perfect fit and very comfortable to wear.,2026-06-07
rev_neu_0,PROD_PHONE_366,3,The color is slightly different but it works okay.,2026-06-27
rev_neu_565,PROD_CLOTH_388,3,"It is a decent product, but has some limitations.",2026-06-20
rev_pos_319,PROD_PHONE_106,5,It is an awesome product. I will buy it again.,2026-06-04
rev_neu_440,PROD_LAPTOP_315,3,"Some aspects are good, others are quite disappointed.",2026-06-20
rev_pos_1695,PROD_CLOTH_153,5,Very robust and stands up to daily wear and tear.,2026-06-08
rev_pos_1701,PROD_PHONE_154,4,Very satisfied with my purchase. It works perfectly.,2026-06-06
rev_neu_915,PROD_LAPTOP_337,3,It is an average item. Neither good nor bad.,2026-06-23
rev_neg_456,PROD_CLOTH_288,1,Very expensive for such cheap material. Disappointed.,2026-06-19
rev_neg_1886,PROD_LAPTOP_255,2,Terrible product! A complete waste of money.,2026-06-16
rev_pos_1882,PROD_LAPTOP_162,4,"Love the packaging, it was wrapped very nicely.",2026-06-07
rev_neg_1562,PROD_PHONE_236,1,"No connectivity, bluetooth keeps dropping.",2026-06-15
rev_pos_1544,PROD_CLOTH_132,5,"No defects, clean packaging, and works like a dream.",2026-06-02
rev_pos_1702,PROD_LAPTOP_108,4,"Works like a charm, would buy again without hesitation.",2026-06-06
rev_pos_772,PROD_PHONE_129,5,The customer support staff was very helpful and responsive.,2026-06-04
rev_neg_1019,PROD_PHONE_282,1,"The sizing is completely wrong, way too small.",2026-06-13
rev_pos_477,PROD_CLOTH_119,5,Extremely pleased with how fast this works.,2026-06-04
rev_pos_766,PROD_PHONE_180,4,"Works like a charm, would buy again without hesitation.",2026-06-04
rev_neg_752,PROD_PHONE_229,1,Very disappointed with the hardware quality. It broke on day one.,2026-06-17
rev_neg_396,PROD_PHONE_236,1,Never again. This is absolute trash.,2026-06-14
rev_neg_645,PROD_LAPTOP_232,1,Doesn't charge at all. Broken charging port.,2026-06-12
rev_neg_1443,PROD_CLOTH_290,2,Very slow shipping and the item is defect.,2026-06-11
rev_neu_912,PROD_BEAUTY_374,3,"The shipping was ok, product is decent enough.",2026-06-28
rev_neu_330,PROD_LAPTOP_312,3,"Some aspects are good, others are quite disappointed.",2026-06-22
rev_neg_1608,PROD_CLOTH_240,2,Not durable. It tore apart after the first wash.,2026-06-19
rev_neg_733,PROD_PHONE_253,1,"No manual included, and setup is impossible.",2026-06-11
rev_neg_1074,PROD_BEAUTY_238,1,"Not worth the money, quality is very poor.",2026-06-13
rev_pos_117,PROD_CLOTH_196,5,The sound quality is fantastic and clear.,2026-06-07
rev_neg_1416,PROD_PHONE_230,2,Not recommended. The product has major design flaws.,2026-06-16
rev_neg_1421,PROD_CLOTH_202,2,Horrible experience. The item was missing parts.,2026-06-19
rev_neg_608,PROD_LAPTOP_272,1,"No response from support, and return policy is a lie.",2026-06-17
rev_pos_1182,PROD_LAPTOP_109,4,"No defects, clean packaging, and works like a dream.",2026-06-05
rev_pos_1659,PROD_BEAUTY_176,4,The sound quality is fantastic and clear.,2026-06-06
rev_neu_306,PROD_CLOTH_359,3,"The product is okay, does the job but nothing special.",2026-06-20
rev_pos_513,PROD_CLOTH_149,4,"Outstanding performance, it exceeded my expectations.",2026-06-01
rev_neg_422,PROD_LAPTOP_299,2,"No manual included, and setup is impossible.",2026-06-17
rev_pos_526,PROD_PHONE_172,5,"No complaints here, works exactly as described.",2026-06-04
rev_pos_105,PROD_LAPTOP_119,4,Highly functional and has zero flaws.,2026-06-04
rev_neg_1656,PROD_CLOTH_287,2,"No connectivity, bluetooth keeps dropping.",2026-06-13
rev_pos_1842,PROD_LAPTOP_162,4,"No quality issues, everything is in perfect condition.",2026-06-03
rev_neg_737,PROD_BEAUTY_263,1,"Extremely slow performance, laggy and unusable.",2026-06-19
rev_pos_833,PROD_LAPTOP_134,4,Very satisfied with my purchase. It works perfectly.,2026-06-03
rev_neg_1518,PROD_CLOTH_202,2,Never buy this. Waste of time and money.,2026-06-17
rev_neu_390,PROD_CLOTH_373,3,"It's decent, fits the description but nothing exciting.",2026-06-21
rev_neg_1939,PROD_CLOTH_222,1,"No connectivity, bluetooth keeps dropping.",2026-06-15
rev_pos_239,PROD_PHONE_160,4,Beautiful design and great build quality.,2026-06-08
rev_pos_1583,PROD_LAPTOP_193,5,The screen display is incredibly clear and beautiful.,2026-06-05
rev_pos_1964,PROD_PHONE_197,5,The user interface is so smooth and intuitive. Love it.,2026-06-07
rev_neu_944,PROD_CLOTH_359,3,"The package arrived on time, quality is decent.",2026-06-22
rev_neg_754,PROD_BEAUTY_270,2,"Not worth the money, quality is very poor.",2026-06-11
rev_neg_1072,PROD_LAPTOP_288,2,Never buy this. Waste of time and money.,2026-06-13
rev_neg_1621,PROD_PHONE_216,1,"Poor battery life, won't even last half a day.",2026-06-15
rev_pos_1174,PROD_PHONE_100,5,The software is incredibly fast and responsive.,2026-06-05
rev_neg_1591,PROD_LAPTOP_234,2,Doesn't charge at all. Broken charging port.,2026-06-10
rev_pos_294,PROD_CLOTH_108,4,Very bright display and the colors are vibrant.,2026-06-06
rev_neg_260,PROD_PHONE_215,2,"Very cheap plastic, feels like a toy.",2026-06-19
rev_neu_724,PROD_BEAUTY_310,3,"It is average. Some days it is fast, some days it is slow.",2026-06-27
rev_pos_1656,PROD_CLOTH_155,4,"Not bad at all, in fact it is an awsm product.",2026-06-04
rev_neu_202,PROD_LAPTOP_359,3,"The price is fair, but usability is just okay.",2026-06-26
rev_neg_721,PROD_CLOTH_229,2,Do not recommend this seller. Poor customer support.,2026-06-11
rev_neg_1175,PROD_CLOTH_210,1,"Fake item, a complete scam. Do not buy!",2026-06-18
rev_neg_1456,PROD_BEAUTY_200,1,Horrible experience. The item was missing parts.,2026-06-19
rev_neg_1131,PROD_LAPTOP_240,2,"No customer support at all, they ignored my emails.",2026-06-15
rev_neg_1491,PROD_LAPTOP_213,1,Very slow shipping and the item is defect.,2026-06-12
rev_neg_1255,PROD_CLOTH_298,1,Very expensive for such cheap material. Disappointed.,2026-06-15
rev_neg_1229,PROD_BEAUTY_295,2,Worst experience ever. The battery drains in two hours.,2026-06-16
rev_neu_675,PROD_PHONE_370,3,"No major complaints, but it could be improved.",2026-06-26
rev_pos_1810,PROD_CLOTH_123,5,Very bright display and the colors are vibrant.,2026-06-08
rev_neu_570,PROD_BEAUTY_317,3,"No quality issues, but design is quite boring.",2026-06-27
rev_pos_1739,PROD_CLOTH_124,5,"Never disappointed with this brand, always top tier.",2026-06-03
rev_pos_470,PROD_LAPTOP_194,4,Great product! The quality is absolutely amazing.,2026-06-02
rev_neg_1181,PROD_PHONE_298,1,Very slow shipping and the item is defect.,2026-06-11
rev_neg_1309,PROD_CLOTH_294,2,Do not recommend this seller. Poor customer support.,2026-06-14
rev_neg_908,PROD_CLOTH_227,2,"Poor battery life, won't even last half a day.",2026-06-16
rev_neu_874,PROD_CLOTH_363,3,"It is a decent product, but has some limitations.",2026-06-21
rev_neu_976,PROD_PHONE_391,3,"Delivery was a bit slow, but the item arrived safe.",2026-06-23
rev_neg_663,PROD_PHONE_297,1,"Cannot recommend this product, it lacks standard features.",2026-06-13
rev_neu_36,PROD_PHONE_303,3,"Okay for basic usage, but not for heavy tasks.",2026-06-24
rev_neg_231,PROD_PHONE_235,2,Very slow shipping and the item is defect.,2026-06-18
rev_neg_1882,PROD_CLOTH_211,2,Not recommended. The product has major design flaws.,2026-06-11
rev_neg_344,PROD_PHONE_235,1,"Extremely bad design, hard to hold and uncomfortable.",2026-06-14
rev_neg_897,PROD_CLOTH_281,2,"No response from support, and return policy is a lie.",2026-06-17
rev_neu_470,PROD_CLOTH_337,3,It is an average item. Neither good nor bad.,2026-06-23
rev_neu_769,PROD_PHONE_392,3,"It's decent, fits the description but nothing exciting.",2026-06-28
rev_pos_723,PROD_BEAUTY_189,5,"Not cheap, but totally worth every single penny.",2026-06-02
rev_pos_1592,PROD_LAPTOP_155,5,Highly functional and has zero flaws.,2026-06-01
rev_pos_1042,PROD_LAPTOP_104,4,"Highly recommend this shop, wonderful customer service.",2026-06-04
rev_pos_1928,PROD_LAPTOP_184,4,"Never disappointed with this brand, always top tier.",2026-06-03
rev_neg_1458,PROD_PHONE_239,1,This is a scam. It does not work at all.,2026-06-19
rev_pos_1194,PROD_PHONE_151,4,Very bright display and the colors are vibrant.,2026-06-02
rev_pos_1228,PROD_BEAUTY_145,5,"No defects, clean packaging, and works like a dream.",2026-06-05
rev_neu_334,PROD_BEAUTY_351,3,"The quality is passable, nothing to complain about.",2026-06-24
rev_neu_747,PROD_LAPTOP_300,3,"Okay for the price, but don't expect miracles.",2026-06-26
rev_pos_98,PROD_LAPTOP_122,5,"This phone is gr8, battery life is awesome.",2026-06-09
rev_neu_783,PROD_CLOTH_329,3,"Standard product, does exactly what is advertised.",2026-06-20
rev_neu_117,PROD_CLOTH_316,3,"Not bad, it is just okay.",2026-06-25
rev_neg_1025,PROD_PHONE_274,2,Terrible product! A complete waste of money.,2026-06-15
rev_pos_1013,PROD_LAPTOP_101,4,"Love the packaging, it was wrapped very nicely.",2026-06-08
rev_neg_872,PROD_LAPTOP_284,2,Late delivery and the package arrived damaged.,2026-06-13
rev_neu_526,PROD_LAPTOP_374,3,"Just an average device, nothing to write home about.",2026-06-21
rev_neg_567,PROD_CLOTH_222,1,Never again. This is absolute trash.,2026-06-14
rev_pos_1421,PROD_BEAUTY_145,5,"No delay in shipping, super happy with the delivery.",2026-06-08
rev_neu_547,PROD_LAPTOP_360,3,"The package arrived on time, quality is decent.",2026-06-27
rev_pos_282,PROD_PHONE_122,4,"No quality issues, everything is in perfect condition.",2026-06-08
rev_neu_197,PROD_PHONE_381,3,"No issues so far, but it feels a bit basic.",2026-06-25
rev_pos_1539,PROD_PHONE_137,5,Excellent value for money. Very durable material.,2026-06-08
rev_neu_52,PROD_BEAUTY_315,3,"The package arrived on time, quality is decent.",2026-06-21
rev_neg_1495,PROD_PHONE_282,2,"Extremely noisy, sounds like it's going to explode.",2026-06-17
rev_neu_948,PROD_CLOTH_398,3,"The product is okay, does the job but nothing special.",2026-06-28
rev_neg_774,PROD_BEAUTY_274,2,Poor packaging and the item was broken inside.,2026-06-12
rev_pos_928,PROD_CLOTH_139,5,Extremely pleased with how fast this works.,2026-06-06
rev_pos_670,PROD_PHONE_111,5,"No quality issues, everything is in perfect condition.",2026-06-01
rev_neg_1573,PROD_BEAUTY_248,2,Very disappointed with the hardware quality. It broke on day one.,2026-06-19
rev_neg_1659,PROD_LAPTOP_249,2,"No customer support at all, they ignored my emails.",2026-06-11
rev_neu_846,PROD_PHONE_333,3,"The quality is passable, nothing to complain about.",2026-06-28
rev_pos_1508,PROD_CLOTH_150,5,"No lag, games run super smooth on it.",2026-06-06
rev_neg_290,PROD_LAPTOP_241,1,Horrible experience. The item was missing parts.,2026-06-11
rev_neg_1742,PROD_LAPTOP_213,2,"No connectivity, bluetooth keeps dropping.",2026-06-11
rev_neg_1855,PROD_BEAUTY_264,1,Poor packaging and the item was broken inside.,2026-06-18
rev_neg_313,PROD_BEAUTY_261,2,Never buy this. Waste of time and money.,2026-06-14
rev_neg_1779,PROD_PHONE_232,1,"Cannot recommend this product, it lacks standard features.",2026-06-15
rev_pos_154,PROD_CLOTH_172,5,"Not cheap, but totally worth every single penny.",2026-06-01
rev_neg_804,PROD_BEAUTY_217,2,Completely useless. Do not waste your hard-earned money.,2026-06-16
rev_neg_1874,PROD_BEAUTY_235,1,"Fake item, a complete scam. Do not buy!",2026-06-16
rev_neg_849,PROD_LAPTOP_251,2,"Extremely bad design, hard to hold and uncomfortable.",2026-06-10
rev_neg_873,PROD_PHONE_220,1,Do not recommend this seller. Poor customer support.,2026-06-17
rev_neg_1522,PROD_BEAUTY_292,1,"The sizing is completely wrong, way too small.",2026-06-17
rev_pos_956,PROD_LAPTOP_125,4,"Never disappointed with this brand, always top tier.",2026-06-04
rev_pos_1798,PROD_CLOTH_112,4,"This phone is gr8, battery life is awesome.",2026-06-06
rev_neg_1610,PROD_BEAUTY_242,1,Poor packaging and the item was broken inside.,2026-06-10
rev_neu_148,PROD_CLOTH_398,3,"The shipping was ok, product is decent enough.",2026-06-21
rev_neg_741,PROD_CLOTH_242,1,Doesn't work. The software crashes every time I open it.,2026-06-17
rev_neg_463,PROD_BEAUTY_221,2,Late delivery and the package arrived damaged.,2026-06-18
rev_neu_758,PROD_BEAUTY_300,3,"It's decent, fits the description but nothing exciting.",2026-06-23
rev_pos_1855,PROD_BEAUTY_192,5,Great product! The quality is absolutely amazing.,2026-06-03
rev_neg_1977,PROD_LAPTOP_242,2,"Extremely noisy, sounds like it's going to explode.",2026-06-15
rev_neg_1237,PROD_BEAUTY_210,2,Horrible experience. The item was missing parts.,2026-06-11
rev_neg_385,PROD_CLOTH_275,2,Poor packaging and the item was broken inside.,2026-06-19
rev_pos_1454,PROD_CLOTH_155,5,Absolutely love this device. Best purchase of the year!,2026-06-09
rev_neg_1080,PROD_BEAUTY_281,2,"Not worth the money, quality is very poor.",2026-06-19
rev_pos_853,PROD_BEAUTY_132,4,Not a single issue so far. Very reliable.,2026-06-09
rev_neg_711,PROD_BEAUTY_203,1,It has a terrible chemical smell. Returning immediately.,2026-06-17
rev_neg_1566,PROD_PHONE_278,1,Completely useless. Do not waste your hard-earned money.,2026-06-17
rev_neg_42,PROD_PHONE_207,1,"Very cheap plastic, feels like a toy.",2026-06-15
rev_pos_895,PROD_CLOTH_149,4,"Highly recommend this shop, wonderful customer service.",2026-06-08
rev_pos_1965,PROD_LAPTOP_131,4,It is an awesome product. I will buy it again.,2026-06-05
rev_neg_1915,PROD_LAPTOP_288,1,The screen cracked easily without any drop. Fragile.,2026-06-14
rev_neg_511,PROD_PHONE_223,1,"Fake item, a complete scam. Do not buy!",2026-06-15
rev_neu_446,PROD_LAPTOP_312,3,It is alright for the price point.,2026-06-23
rev_pos_892,PROD_LAPTOP_122,5,"Very easy to use, setup was a breeze. Perfect!",2026-06-03
rev_pos_1769,PROD_BEAUTY_189,4,"No defects, clean packaging, and works like a dream.",2026-06-01
rev_neg_1027,PROD_CLOTH_234,1,Completely useless. Do not waste your hard-earned money.,2026-06-18
rev_neg_1775,PROD_CLOTH_209,1,Do not recommend this seller. Poor customer support.,2026-06-13
rev_neu_877,PROD_PHONE_351,3,"Okay for basic usage, but not for heavy tasks.",2026-06-23
rev_neg_1565,PROD_BEAUTY_261,2,Not recommended. The product has major design flaws.,2026-06-13
rev_neu_102,PROD_LAPTOP_324,3,"The quality is passable, nothing to complain about.",2026-06-27
rev_pos_949,PROD_BEAUTY_181,4,"Never disappointed with this brand, always top tier.",2026-06-04
rev_neu_251,PROD_LAPTOP_368,3,"It works fine, but I expected more from this brand.",2026-06-25
rev_neg_1919,PROD_CLOTH_200,1,"Fake item, a complete scam. Do not buy!",2026-06-19
rev_neg_353,PROD_BEAUTY_216,2,"No customer support at all, they ignored my emails.",2026-06-13
rev_neg_1650,PROD_LAPTOP_285,2,The device keeps flickering and lags constantly. Terrible!,2026-06-19
rev_neu_771,PROD_CLOTH_346,3,"Okay for the price, but don't expect miracles.",2026-06-20
rev_neg_877,PROD_LAPTOP_216,2,"Fake item, a complete scam. Do not buy!",2026-06-18
rev_pos_1195,PROD_CLOTH_168,4,Highly functional and has zero flaws.,2026-06-08
rev_neg_1807,PROD_BEAUTY_233,2,The device keeps flickering and lags constantly. Terrible!,2026-06-12
rev_pos_1746,PROD_CLOTH_117,4,Fast connection and never disconnects.,2026-06-03
rev_pos_1462,PROD_BEAUTY_130,4,"Never disappointed with this brand, always top tier.",2026-06-02
rev_neu_613,PROD_LAPTOP_342,3,"Not bad, it is just okay.",2026-06-20
rev_neg_570,PROD_LAPTOP_222,2,Completely useless. Do not waste your hard-earned money.,2026-06-11
rev_neg_1017,PROD_LAPTOP_257,1,Very expensive for such cheap material. Disappointed.,2026-06-12
rev_neu_308,PROD_CLOTH_309,3,"Average battery life, average display.",2026-06-25
rev_pos_950,PROD_BEAUTY_145,5,"Love the packaging, it was wrapped very nicely.",2026-06-09
rev_pos_582,PROD_BEAUTY_143,4,The sound quality is fantastic and clear.,2026-06-01
rev_pos_218,PROD_BEAUTY_171,4,Excellent value for money. Very durable material.,2026-06-06
rev_neg_202,PROD_BEAUTY_223,1,"Extremely bad design, hard to hold and uncomfortable.",2026-06-14
rev_neu_529,PROD_CLOTH_315,3,It is alright for the price point.,2026-06-23
rev_neg_884,PROD_BEAUTY_225,2,"Cannot recommend this product, it lacks standard features.",2026-06-10
rev_neu_131,PROD_LAPTOP_371,3,"It is average. Some days it is fast, some days it is slow.",2026-06-28
rev_pos_1793,PROD_PHONE_145,4,"Love the packaging, it was wrapped very nicely.",2026-06-06
rev_neg_616,PROD_PHONE_287,1,Do not recommend this seller. Poor customer support.,2026-06-16
rev_neg_387,PROD_BEAUTY_294,2,It has a terrible chemical smell. Returning immediately.,2026-06-16
rev_neg_1652,PROD_LAPTOP_216,1,It stopped working after just a few days of light usage.,2026-06-12
rev_neg_1524,PROD_PHONE_250,2,Do not recommend this seller. Poor customer support.,2026-06-18
rev_neg_464,PROD_BEAUTY_251,1,The screen cracked easily without any drop. Fragile.,2026-06-10
rev_neg_186,PROD_CLOTH_242,1,"Not worth the money, quality is very poor.",2026-06-19
rev_neg_1712,PROD_PHONE_231,2,"Poor battery life, won't even last half a day.",2026-06-10
rev_neu_63,PROD_LAPTOP_333,3,"The shipping was ok, product is decent enough.",2026-06-23
rev_pos_1328,PROD_PHONE_179,4,"No defects, clean packaging, and works like a dream.",2026-06-06
rev_pos_466,PROD_PHONE_157,5,The screen display is incredibly clear and beautiful.,2026-06-06
rev_pos_1818,PROD_BEAUTY_156,4,Not a single issue so far. Very reliable.,2026-06-07
rev_neu_922,PROD_PHONE_318,3,It is fine. Just an average smartphone.,2026-06-23
rev_pos_1640,PROD_CLOTH_123,4,The customer support staff was very helpful and responsive.,2026-06-01
rev_pos_812,PROD_BEAUTY_143,4,Very robust and stands up to daily wear and tear.,2026-06-06
rev_neg_1866,PROD_LAPTOP_218,1,"The sizing is completely wrong, way too small.",2026-06-11
rev_neg_1399,PROD_LAPTOP_228,1,The screen cracked easily without any drop. Fragile.,2026-06-11
rev_neg_1639,PROD_CLOTH_223,1,"Cannot recommend this product, it lacks standard features.",2026-06-12
rev_pos_929,PROD_PHONE_195,4,"No complaints here, works exactly as described.",2026-06-04
rev_neu_317,PROD_CLOTH_373,3,Average quality for the price. Not bad but not great.,2026-06-22
rev_neu_891,PROD_LAPTOP_344,3,"Neither great nor terrible, just in the middle.",2026-06-20
rev_neg_668,PROD_BEAUTY_299,2,It stopped working after just a few days of light usage.,2026-06-14
rev_neu_328,PROD_PHONE_334,3,"Delivery was a bit slow, but the item arrived safe.",2026-06-28
rev_neg_1743,PROD_LAPTOP_284,1,"Poor battery life, won't even last half a day.",2026-06-10
rev_pos_1263,PROD_PHONE_109,4,"This phone is gr8, battery life is awesome.",2026-06-05
rev_pos_261,PROD_BEAUTY_153,4,No problems at all. Solid hardware and easy to setup.,2026-06-08
rev_pos_1275,PROD_PHONE_169,5,Perfect fit and very comfortable to wear.,2026-06-05
rev_pos_312,PROD_CLOTH_103,5,"Love the packaging, it was wrapped very nicely.",2026-06-07
rev_pos_428,PROD_BEAUTY_141,4,"No quality issues, everything is in perfect condition.",2026-06-04
rev_pos_857,PROD_PHONE_126,4,"Wow, this is an absolute game changer!",2026-06-04
rev_neg_201,PROD_PHONE_295,2,Very expensive for such cheap material. Disappointed.,2026-06-11
rev_neg_85,PROD_CLOTH_210,2,"No response from support, and return policy is a lie.",2026-06-16
rev_pos_1505,PROD_PHONE_112,5,Very bright display and the colors are vibrant.,2026-06-09
rev_pos_1274,PROD_LAPTOP_103,4,"Very easy to use, setup was a breeze. Perfect!",2026-06-04
rev_pos_183,PROD_PHONE_135,4,Very bright display and the colors are vibrant.,2026-06-07
rev_neu_399,PROD_PHONE_370,3,"It is okay. Not the best, but not the worst.",2026-06-27
rev_pos_1147,PROD_LAPTOP_189,5,The sound quality is fantastic and clear.,2026-06-04
rev_pos_1121,PROD_CLOTH_199,5,Fast connection and never disconnects.,2026-06-05
rev_neg_115,PROD_CLOTH_214,2,"No manual included, and setup is impossible.",2026-06-12
rev_neg_1539,PROD_BEAUTY_268,2,Worst experience ever. The battery drains in two hours.,2026-06-11
rev_neg_1640,PROD_BEAUTY_221,1,Very expensive for such cheap material. Disappointed.,2026-06-11
rev_neg_1842,PROD_LAPTOP_209,2,"The sizing is completely wrong, way too small.",2026-06-17
rev_neg_530,PROD_BEAUTY_275,2,Very disappointed with the hardware quality. It broke on day one.,2026-06-19
rev_pos_1959,PROD_LAPTOP_141,5,Extremely pleased with how fast this works.,2026-06-07
rev_neu_795,PROD_CLOTH_389,3,"Not bad, it is just okay.",2026-06-22
rev_pos_383,PROD_CLOTH_163,4,Very satisfied with my purchase. It works perfectly.,2026-06-08
rev_neu_536,PROD_LAPTOP_348,3,"Standard product, does exactly what is advertised.",2026-06-26
rev_neu_837,PROD_BEAUTY_318,3,"It is a decent product, but has some limitations.",2026-06-27
rev_pos_1464,PROD_BEAUTY_154,5,The software is incredibly fast and responsive.,2026-06-01
rev_neu_146,PROD_CLOTH_313,3,"Standard product, does exactly what is advertised.",2026-06-23
rev_neg_769,PROD_BEAUTY_218,1,Very expensive for such cheap material. Disappointed.,2026-06-14
rev_neg_1190,PROD_BEAUTY_267,2,Terrible product! A complete waste of money.,2026-06-17
rev_neg_1322,PROD_PHONE_280,1,The customer service was extremely rude and unhelpful.,2026-06-10
rev_neg_987,PROD_CLOTH_281,1,It stopped working after just a few days of light usage.,2026-06-17
rev_pos_174,PROD_BEAUTY_152,4,Very robust and stands up to daily wear and tear.,2026-06-01
rev_neg_589,PROD_BEAUTY_226,2,Very expensive for such cheap material. Disappointed.,2026-06-18
rev_pos_1393,PROD_LAPTOP_156,5,"Not cheap, but totally worth every single penny.",2026-06-09
rev_pos_1348,PROD_LAPTOP_179,5,The user interface is so smooth and intuitive. Love it.,2026-06-03
rev_neg_1050,PROD_BEAUTY_286,1,The setup was extremely hard and frustrating.,2026-06-16
rev_neg_1847,PROD_CLOTH_201,1,The worst packaging I have ever seen. Damaged box.,2026-06-10
rev_pos_893,PROD_PHONE_128,5,"No regrets buying this, highly recommended.",2026-06-08
rev_neu_809,PROD_LAPTOP_329,3,"It is a decent product, but has some limitations.",2026-06-25
rev_pos_699,PROD_PHONE_126,4,"Works like a charm, would buy again without hesitation.",2026-06-03
rev_neu_86,PROD_PHONE_338,3,"The quality is passable, nothing to complain about.",2026-06-25
rev_pos_967,PROD_CLOTH_160,4,"Never disappointed with this brand, always top tier.",2026-06-06
rev_neg_1936,PROD_BEAUTY_234,1,"Poor battery life, won't even last half a day.",2026-06-18
rev_neg_1269,PROD_BEAUTY_267,2,"No connectivity, bluetooth keeps dropping.",2026-06-19
rev_pos_54,PROD_LAPTOP_151,4,Very bright display and the colors are vibrant.,2026-06-02
rev_pos_1827,PROD_BEAUTY_104,4,"Great customer service, they resolved my issue in minutes.",2026-06-02
rev_neg_828,PROD_LAPTOP_293,2,Doesn't charge at all. Broken charging port.,2026-06-13
rev_pos_1451,PROD_LAPTOP_179,5,"Not cheap, but totally worth every single penny.",2026-06-02
rev_neg_1783,PROD_CLOTH_283,2,Worst experience ever. The battery drains in two hours.,2026-06-10
rev_pos_782,PROD_LAPTOP_199,4,Perfect fit and very comfortable to wear.,2026-06-05
rev_neu_54,PROD_LAPTOP_394,3,"The quality is passable, nothing to complain about.",2026-06-25
rev_neg_124,PROD_LAPTOP_264,2,Terrible product! A complete waste of money.,2026-06-14
rev_pos_1694,PROD_LAPTOP_173,4,Great product! The quality is absolutely amazing.,2026-06-03
rev_neg_515,PROD_LAPTOP_235,2,Very disappointed. It looks nothing like the pictures.,2026-06-12
rev_neu_955,PROD_CLOTH_381,3,It is fine. Just an average smartphone.,2026-06-28
rev_neg_1183,PROD_LAPTOP_219,2,"The sizing is completely wrong, way too small.",2026-06-18
rev_pos_1343,PROD_LAPTOP_166,4,Absolutely love this device. Best purchase of the year!,2026-06-06
rev_neg_10,PROD_BEAUTY_293,1,"Cannot recommend this product, it lacks standard features.",2026-06-12
rev_neg_1044,PROD_BEAUTY_283,2,Do not recommend this seller. Poor customer support.,2026-06-10
rev_neg_1212,PROD_BEAUTY_255,2,Poor packaging and the item was broken inside.,2026-06-18
rev_neg_1064,PROD_LAPTOP_205,2,"Extremely noisy, sounds like it's going to explode.",2026-06-15
rev_neg_923,PROD_LAPTOP_271,2,Completely useless. Do not waste your hard-earned money.,2026-06-18
rev_pos_993,PROD_LAPTOP_167,4,Fast connection and never disconnects.,2026-06-03
rev_pos_189,PROD_BEAUTY_190,5,"Highly recommend this shop, wonderful customer service.",2026-06-07
rev_neu_927,PROD_LAPTOP_357,3,"No issues so far, but it feels a bit basic.",2026-06-25
rev_neg_488,PROD_LAPTOP_281,1,Horrible experience. The item was missing parts.,2026-06-14
rev_pos_1244,PROD_PHONE_136,5,Excellent value for money. Very durable material.,2026-06-08
rev_neu_136,PROD_LAPTOP_318,3,"Okay for basic usage, but not for heavy tasks.",2026-06-22
rev_neu_601,PROD_PHONE_304,3,"No quality issues, but design is quite boring.",2026-06-23
rev_neg_714,PROD_PHONE_222,1,Not durable. It tore apart after the first wash.,2026-06-18
rev_neg_94,PROD_BEAUTY_214,1,The screen cracked easily without any drop. Fragile.,2026-06-14
rev_neg_1831,PROD_BEAUTY_270,1,Very disappointed. It looks nothing like the pictures.,2026-06-15
rev_pos_1125,PROD_BEAUTY_141,5,"Very easy to use, setup was a breeze. Perfect!",2026-06-08
rev_pos_917,PROD_BEAUTY_184,4,"Not bad at all, in fact it is an awsm product.",2026-06-03
rev_pos_946,PROD_CLOTH_188,5,Very robust and stands up to daily wear and tear.,2026-06-08
rev_neg_485,PROD_PHONE_230,2,It stopped working after just a few days of light usage.,2026-06-18
rev_neg_266,PROD_PHONE_264,2,Worst experience ever. The battery drains in two hours.,2026-06-17
rev_pos_1587,PROD_PHONE_134,4,The user interface is so smooth and intuitive. Love it.,2026-06-06
rev_pos_589,PROD_BEAUTY_109,4,Great product! The quality is absolutely amazing.,2026-06-03
rev_neu_994,PROD_LAPTOP_391,3,"The package arrived on time, quality is decent.",2026-06-21
rev_neg_414,PROD_LAPTOP_290,2,Do not recommend this seller. Poor customer support.,2026-06-12
rev_neu_298,PROD_LAPTOP_320,3,"Okay for the price, but don't expect miracles.",2026-06-20
rev_pos_1970,PROD_LAPTOP_154,4,"No delay in shipping, super happy with the delivery.",2026-06-01
rev_pos_898,PROD_BEAUTY_183,4,"No defects, clean packaging, and works like a dream.",2026-06-07
rev_pos_540,PROD_BEAUTY_144,4,The software is incredibly fast and responsive.,2026-06-08
rev_neg_400,PROD_PHONE_269,1,The customer service was extremely rude and unhelpful.,2026-06-18
rev_pos_1862,PROD_LAPTOP_163,4,Excellent value for money. Very durable material.,2026-06-02
rev_pos_192,PROD_PHONE_192,5,I can't believe how good this is for the price.,2026-06-03
rev_pos_485,PROD_PHONE_179,5,The software is incredibly fast and responsive.,2026-06-08
rev_neu_269,PROD_LAPTOP_334,3,Average quality for the price. Not bad but not great.,2026-06-22
rev_neg_441,PROD_LAPTOP_212,1,Very disappointed with the hardware quality. It broke on day one.,2026-06-19
rev_neg_1488,PROD_BEAUTY_281,2,Very expensive for such cheap material. Disappointed.,2026-06-19
rev_pos_1589,PROD_LAPTOP_154,4,Beautiful design and great build quality.,2026-06-07
rev_neg_1682,PROD_LAPTOP_202,2,Never again. This is absolute trash.,2026-06-19
rev_neg_1371,PROD_PHONE_232,1,"No response from support, and return policy is a lie.",2026-06-19
rev_neg_0,PROD_PHONE_283,1,The setup was extremely hard and frustrating.,2026-06-15
rev_neg_657,PROD_CLOTH_282,2,The worst packaging I have ever seen. Damaged box.,2026-06-14
rev_pos_108,PROD_BEAUTY_198,5,The screen display is incredibly clear and beautiful.,2026-06-01
rev_pos_548,PROD_PHONE_173,5,The screen display is incredibly clear and beautiful.,2026-06-02
rev_neg_92,PROD_BEAUTY_225,2,Worst experience ever. The battery drains in two hours.,2026-06-16
rev_pos_402,PROD_PHONE_190,5,"No lag, games run super smooth on it.",2026-06-03
rev_neu_990,PROD_BEAUTY_354,3,"No issues so far, but it feels a bit basic.",2026-06-22
rev_pos_1585,PROD_PHONE_125,4,The sound quality is fantastic and clear.,2026-06-08
rev_neg_636,PROD_CLOTH_266,1,"No manual included, and setup is impossible.",2026-06-15
rev_neg_142,PROD_PHONE_263,1,"Cannot recommend this product, it lacks standard features.",2026-06-15
rev_neg_211,PROD_LAPTOP_208,2,Late delivery and the package arrived damaged.,2026-06-18
rev_neg_650,PROD_CLOTH_281,1,Completely useless. Do not waste your hard-earned money.,2026-06-11
rev_neg_322,PROD_PHONE_216,1,The device keeps flickering and lags constantly. Terrible!,2026-06-17
rev_neg_1706,PROD_PHONE_257,1,"The sizing is completely wrong, way too small.",2026-06-16
rev_neu_905,PROD_PHONE_374,3,"No quality issues, but design is quite boring.",2026-06-23
rev_neu_741,PROD_CLOTH_377,3,"Not bad, but not particularly good either.",2026-06-25
rev_neg_241,PROD_PHONE_232,1,"No manual included, and setup is impossible.",2026-06-12
rev_pos_361,PROD_LAPTOP_199,5,I can't believe how good this is for the price.,2026-06-09
rev_pos_1366,PROD_CLOTH_139,5,The user interface is so smooth and intuitive. Love it.,2026-06-08
rev_neg_588,PROD_CLOTH_244,2,The worst packaging I have ever seen. Damaged box.,2026-06-17
rev_pos_114,PROD_PHONE_110,5,"Incredibly fast shipping, arrived much earlier than expected.",2026-06-07
rev_neg_468,PROD_BEAUTY_259,2,Doesn't charge at all. Broken charging port.,2026-06-13
rev_neg_735,PROD_PHONE_239,1,It has a terrible chemical smell. Returning immediately.,2026-06-17
rev_neg_587,PROD_BEAUTY_271,2,The worst packaging I have ever seen. Damaged box.,2026-06-10
rev_pos_469,PROD_LAPTOP_142,5,The screen display is incredibly clear and beautiful.,2026-06-05
rev_pos_738,PROD_LAPTOP_182,5,Great product! The quality is absolutely amazing.,2026-06-03
rev_neu_669,PROD_BEAUTY_300,3,"Just an average device, nothing to write home about.",2026-06-20
rev_neg_1112,PROD_LAPTOP_240,2,Terrible product! A complete waste of money.,2026-06-13
rev_pos_1634,PROD_PHONE_168,5,"Great customer service, they resolved my issue in minutes.",2026-06-06
rev_neg_1092,PROD_CLOTH_274,1,Very disappointed. It looks nothing like the pictures.,2026-06-11
rev_pos_974,PROD_BEAUTY_138,5,"Very easy to use, setup was a breeze. Perfect!",2026-06-05
rev_pos_618,PROD_CLOTH_107,5,Perfect fit and very comfortable to wear.,2026-06-08
rev_pos_324,PROD_PHONE_167,5,I can't believe how good this is for the price.,2026-06-09
rev_neg_1493,PROD_BEAUTY_279,1,Not recommended. The product has major design flaws.,2026-06-10
rev_pos_1961,PROD_LAPTOP_144,4,"Incredibly fast shipping, arrived much earlier than expected.",2026-06-09
rev_neu_238,PROD_CLOTH_306,3,"It is okay. Not the best, but not the worst.",2026-06-23
rev_neg_1326,PROD_LAPTOP_278,2,The device keeps flickering and lags constantly. Terrible!,2026-06-16
rev_neu_967,PROD_CLOTH_323,3,It is an average item. Neither good nor bad.,2026-06-20
rev_neu_420,PROD_LAPTOP_301,3,"The quality is passable, nothing to complain about.",2026-06-22
rev_neg_150,PROD_LAPTOP_246,1,Doesn't charge at all. Broken charging port.,2026-06-11
rev_pos_841,PROD_LAPTOP_122,4,"No quality issues, everything is in perfect condition.",2026-06-09
rev_pos_1683,PROD_PHONE_160,4,"Never disappointed with this brand, always top tier.",2026-06-04
rev_pos_1815,PROD_LAPTOP_177,5,It is an awesome product. I will buy it again.,2026-06-04
rev_neg_96,PROD_PHONE_276,2,The setup was extremely hard and frustrating.,2026-06-16
rev_neg_254,PROD_LAPTOP_278,1,"Poor battery life, won't even last half a day.",2026-06-14
rev_pos_1079,PROD_CLOTH_124,5,"Super light, compact, and extremely useful.",2026-06-06
rev_neg_70,PROD_LAPTOP_203,1,"No connectivity, bluetooth keeps dropping.",2026-06-19
rev_neg_1030,PROD_CLOTH_257,1,Not recommended. The product has major design flaws.,2026-06-10
rev_neg_252,PROD_BEAUTY_259,2,"Extremely noisy, sounds like it's going to explode.",2026-06-16
rev_neg_1614,PROD_PHONE_226,2,It stopped working after just a few days of light usage.,2026-06-10
rev_pos_686,PROD_BEAUTY_193,5,Very satisfied with my purchase. It works perfectly.,2026-06-07
rev_pos_1599,PROD_LAPTOP_166,5,The sound quality is fantastic and clear.,2026-06-09
rev_neg_1046,PROD_LAPTOP_215,2,Doesn't work. The software crashes every time I open it.,2026-06-10
rev_neg_917,PROD_PHONE_201,1,Do not recommend this seller. Poor customer support.,2026-06-10
rev_neg_492,PROD_BEAUTY_247,1,The setup was extremely hard and frustrating.,2026-06-12
rev_neg_88,PROD_PHONE_237,1,Terrible product! A complete waste of money.,2026-06-16
rev_pos_1513,PROD_BEAUTY_136,5,"No delay in shipping, super happy with the delivery.",2026-06-05
rev_neg_1501,PROD_BEAUTY_275,1,"The sizing is completely wrong, way too small.",2026-06-15
rev_neg_1051,PROD_BEAUTY_255,1,Very disappointed with the hardware quality. It broke on day one.,2026-06-17
rev_neg_284,PROD_BEAUTY_208,2,Not durable. It tore apart after the first wash.,2026-06-10
rev_pos_237,PROD_CLOTH_130,4,"Very easy to use, setup was a breeze. Perfect!",2026-06-06
rev_neu_147,PROD_BEAUTY_385,3,"The product is okay, does the job but nothing special.",2026-06-25
rev_neu_466,PROD_CLOTH_398,3,"Okay for basic usage, but not for heavy tasks.",2026-06-22
rev_pos_1312,PROD_BEAUTY_121,5,The software is incredibly fast and responsive.,2026-06-06
rev_pos_265,PROD_BEAUTY_153,5,"Super light, compact, and extremely useful.",2026-06-05
rev_neg_388,PROD_LAPTOP_293,2,Never again. This is absolute trash.,2026-06-12
rev_pos_1444,PROD_PHONE_158,5,"Incredibly fast shipping, arrived much earlier than expected.",2026-06-07
rev_neg_1745,PROD_LAPTOP_214,2,"No response from support, and return policy is a lie.",2026-06-11
rev_neg_1247,PROD_LAPTOP_282,2,"Extremely noisy, sounds like it's going to explode.",2026-06-18
rev_pos_1895,PROD_LAPTOP_183,5,Perfect fit and very comfortable to wear.,2026-06-07
rev_pos_860,PROD_PHONE_106,4,"Highly recommend this shop, wonderful customer service.",2026-06-03
rev_neg_1317,PROD_BEAUTY_211,2,Late delivery and the package arrived damaged.,2026-06-15
rev_pos_162,PROD_CLOTH_176,4,Very satisfied with my purchase. It works perfectly.,2026-06-05
rev_neg_807,PROD_BEAUTY_228,1,"No customer support at all, they ignored my emails.",2026-06-13
rev_neg_557,PROD_LAPTOP_240,1,Not recommended. The product has major design flaws.,2026-06-12
rev_neg_1105,PROD_PHONE_203,1,"Extremely bad design, hard to hold and uncomfortable.",2026-06-12
rev_neu_165,PROD_PHONE_309,3,"The price is fair, but usability is just okay.",2026-06-27
rev_pos_317,PROD_PHONE_102,4,Fast connection and never disconnects.,2026-06-05
rev_neg_1904,PROD_LAPTOP_277,1,"Cannot recommend this product, it lacks standard features.",2026-06-17
rev_neg_430,PROD_PHONE_292,1,The worst packaging I have ever seen. Damaged box.,2026-06-10
rev_pos_829,PROD_LAPTOP_164,4,"Outstanding performance, it exceeded my expectations.",2026-06-09
rev_neg_1042,PROD_PHONE_206,1,Very disappointed. It looks nothing like the pictures.,2026-06-15
rev_pos_1285,PROD_LAPTOP_197,5,"Very easy to use, setup was a breeze. Perfect!",2026-06-01
rev_neu_157,PROD_PHONE_354,3,"Okay packaging, shipping was standard.",2026-06-24
rev_pos_1723,PROD_LAPTOP_165,4,"No regrets buying this, highly recommended.",2026-06-07
rev_pos_1823,PROD_PHONE_142,5,Extremely pleased with how fast this works.,2026-06-03
rev_neu_187,PROD_BEAUTY_350,3,"The quality is passable, nothing to complain about.",2026-06-24
rev_neg_1753,PROD_LAPTOP_248,1,"Fake item, a complete scam. Do not buy!",2026-06-19
rev_neu_145,PROD_PHONE_334,3,"No quality issues, but design is quite boring.",2026-06-26
rev_neg_1498,PROD_LAPTOP_284,1,"Extremely slow performance, laggy and unusable.",2026-06-18
rev_pos_1322,PROD_PHONE_102,4,The user interface is so smooth and intuitive. Love it.,2026-06-08
rev_neg_379,PROD_BEAUTY_280,1,"No connectivity, bluetooth keeps dropping.",2026-06-13
rev_pos_1829,PROD_BEAUTY_181,5,"Never disappointed with this brand, always top tier.",2026-06-06
rev_pos_1908,PROD_PHONE_166,5,It is an awesome product. I will buy it again.,2026-06-05
rev_pos_1149,PROD_CLOTH_154,5,No problems at all. Solid hardware and easy to setup.,2026-06-06
rev_neg_261,PROD_LAPTOP_266,1,"No connectivity, bluetooth keeps dropping.",2026-06-12
rev_neg_748,PROD_BEAUTY_215,2,"No response from support, and return policy is a lie.",2026-06-14
rev_pos_227,PROD_BEAUTY_183,4,Beautiful design and great build quality.,2026-06-02
rev_pos_1835,PROD_BEAUTY_121,4,I can't believe how good this is for the price.,2026-06-07
rev_neu_273,PROD_LAPTOP_337,3,"The price is fair, but usability is just okay.",2026-06-20
rev_neg_571,PROD_LAPTOP_293,1,Completely useless. Do not waste your hard-earned money.,2026-06-12
rev_neg_1854,PROD_CLOTH_230,1,Worst experience ever. The battery drains in two hours.,2026-06-19
rev_neu_644,PROD_BEAUTY_332,3,"Decent packaging, product performs averagely.",2026-06-27
rev_neu_448,PROD_PHONE_317,3,"Standard product, does exactly what is advertised.",2026-06-24
rev_pos_1295,PROD_CLOTH_144,4,"No lag, games run super smooth on it.",2026-06-07
rev_neg_1433,PROD_LAPTOP_245,2,Never again. This is absolute trash.,2026-06-15
rev_neg_901,PROD_LAPTOP_205,2,The camera quality is awful and blurry.,2026-06-17
rev_pos_147,PROD_LAPTOP_181,5,Extremely pleased with how fast this works.,2026-06-08
rev_neg_1933,PROD_LAPTOP_287,2,"No manual included, and setup is impossible.",2026-06-12
rev_neg_1233,PROD_PHONE_242,2,"Poor battery life, won't even last half a day.",2026-06-15
rev_neg_1581,PROD_CLOTH_223,1,Doesn't work. The software crashes every time I open it.,2026-06-18
rev_pos_1931,PROD_CLOTH_135,5,"Outstanding performance, it exceeded my expectations.",2026-06-07
rev_neg_1516,PROD_LAPTOP_274,1,"Poor battery life, won't even last half a day.",2026-06-17
rev_pos_701,PROD_BEAUTY_184,5,"No complaints here, works exactly as described.",2026-06-05
rev_pos_620,PROD_LAPTOP_194,4,"This phone is gr8, battery life is awesome.",2026-06-09
rev_pos_110,PROD_BEAUTY_168,5,"Not cheap, but totally worth every single penny.",2026-06-09
rev_neu_452,PROD_PHONE_391,3,"No issues so far, but it feels a bit basic.",2026-06-27
rev_neg_58,PROD_BEAUTY_223,1,The device keeps flickering and lags constantly. Terrible!,2026-06-18
rev_neg_558,PROD_BEAUTY_201,2,"Terrible sound, very tinny and muffled.",2026-06-17
rev_neg_1473,PROD_LAPTOP_232,1,Worst experience ever. The battery drains in two hours.,2026-06-15
rev_pos_487,PROD_PHONE_167,4,Beautiful design and great build quality.,2026-06-05
rev_pos_1940,PROD_PHONE_146,4,"Love the packaging, it was wrapped very nicely.",2026-06-03
rev_neu_728,PROD_BEAUTY_390,3,"It is a decent product, but has some limitations.",2026-06-26
rev_neu_860,PROD_BEAUTY_395,3,"Okay for basic usage, but not for heavy tasks.",2026-06-22
rev_pos_591,PROD_BEAUTY_188,4,The sound quality is fantastic and clear.,2026-06-03
rev_neg_969,PROD_BEAUTY_259,2,Late delivery and the package arrived damaged.,2026-06-17
rev_neg_1803,PROD_LAPTOP_238,2,Very disappointed with the hardware quality. It broke on day one.,2026-06-18
rev_neg_1812,PROD_CLOTH_251,2,"Extremely bad design, hard to hold and uncomfortable.",2026-06-16
rev_pos_964,PROD_BEAUTY_140,4,The software is incredibly fast and responsive.,2026-06-01
rev_pos_625,PROD_LAPTOP_128,4,"Not bad at all, in fact it is an awsm product.",2026-06-09
rev_neg_1150,PROD_BEAUTY_230,2,"No customer support at all, they ignored my emails.",2026-06-13
rev_pos_95,PROD_BEAUTY_178,4,"Highly recommend this shop, wonderful customer service.",2026-06-02
rev_neg_1799,PROD_LAPTOP_253,2,Never buy this. Waste of time and money.,2026-06-15
rev_neg_1137,PROD_CLOTH_223,1,"Extremely bad design, hard to hold and uncomfortable.",2026-06-17
rev_neu_274,PROD_PHONE_356,3,"Okay packaging, shipping was standard.",2026-06-26
rev_pos_1697,PROD_LAPTOP_139,4,"Highly recommend this shop, wonderful customer service.",2026-06-07
rev_neu_580,PROD_PHONE_377,3,"The shipping was ok, product is decent enough.",2026-06-20
rev_neg_306,PROD_BEAUTY_233,1,Completely useless. Do not waste your hard-earned money.,2026-06-10
rev_pos_1392,PROD_PHONE_161,4,"Not bad at all, in fact it is an awsm product.",2026-06-06
rev_pos_1481,PROD_LAPTOP_156,4,"Not cheap, but totally worth every single penny.",2026-06-06
rev_pos_1562,PROD_PHONE_162,5,"Great customer service, they resolved my issue in minutes.",2026-06-07
rev_neu_359,PROD_CLOTH_324,3,"No quality issues, but design is quite boring.",2026-06-28
rev_pos_1207,PROD_PHONE_174,5,"Super light, compact, and extremely useful.",2026-06-01
rev_pos_612,PROD_PHONE_139,5,"Not bad at all, in fact it is an awsm product.",2026-06-03
rev_neg_50,PROD_BEAUTY_295,1,Very expensive for such cheap material. Disappointed.,2026-06-12
rev_neg_215,PROD_PHONE_212,2,Never again. This is absolute trash.,2026-06-12
rev_neg_1199,PROD_BEAUTY_232,1,Very disappointed with the hardware quality. It broke on day one.,2026-06-17
rev_neu_85,PROD_LAPTOP_331,3,"No quality issues, but design is quite boring.",2026-06-22
rev_neg_169,PROD_PHONE_271,1,The setup was extremely hard and frustrating.,2026-06-14
rev_pos_377,PROD_BEAUTY_131,5,"Not bad at all, in fact it is an awsm product.",2026-06-03
rev_pos_1521,PROD_LAPTOP_121,5,The screen display is incredibly clear and beautiful.,2026-06-09
rev_pos_354,PROD_CLOTH_138,4,"Outstanding performance, it exceeded my expectations.",2026-06-03
rev_neg_790,PROD_CLOTH_245,2,Doesn't work. The software crashes every time I open it.,2026-06-13
rev_neg_630,PROD_BEAUTY_291,2,"Terrible sound, very tinny and muffled.",2026-06-17
rev_neu_676,PROD_CLOTH_349,3,"Decent build, but the software is a bit slow.",2026-06-23
rev_neg_1926,PROD_CLOTH_289,2,"No connectivity, bluetooth keeps dropping.",2026-06-14
rev_neu_225,PROD_CLOTH_335,3,"Delivery was a bit slow, but the item arrived safe.",2026-06-26
rev_pos_744,PROD_CLOTH_135,4,"No regrets buying this, highly recommended.",2026-06-06
rev_pos_1650,PROD_BEAUTY_171,4,The customer support staff was very helpful and responsive.,2026-06-08
rev_pos_1572,PROD_LAPTOP_125,4,"No regrets buying this, highly recommended.",2026-06-03
rev_pos_10,PROD_LAPTOP_198,4,Absolutely love this device. Best purchase of the year!,2026-06-05
rev_neg_1512,PROD_PHONE_210,1,"No connectivity, bluetooth keeps dropping.",2026-06-13
rev_neu_206,PROD_CLOTH_352,3,"It is average. Some days it is fast, some days it is slow.",2026-06-26
rev_neu_687,PROD_BEAUTY_341,3,Average quality for the price. Not bad but not great.,2026-06-26
rev_pos_404,PROD_CLOTH_122,5,I can't believe how good this is for the price.,2026-06-08
rev_neg_1660,PROD_PHONE_258,2,"Terrible sound, very tinny and muffled.",2026-06-11
rev_neg_1792,PROD_CLOTH_264,2,Not recommended. The product has major design flaws.,2026-06-16
rev_pos_1198,PROD_BEAUTY_155,4,The sound quality is fantastic and clear.,2026-06-06
rev_pos_1968,PROD_LAPTOP_175,4,"No lag, games run super smooth on it.",2026-06-03
rev_neu_2,PROD_PHONE_398,3,"Not bad, but not particularly good either.",2026-06-21
rev_pos_1881,PROD_CLOTH_119,4,Not a single issue so far. Very reliable.,2026-06-04
rev_pos_678,PROD_LAPTOP_185,5,"No lag, games run super smooth on it.",2026-06-03
rev_pos_1146,PROD_LAPTOP_115,5,The user interface is so smooth and intuitive. Love it.,2026-06-05
rev_neg_1099,PROD_LAPTOP_217,1,Poor packaging and the item was broken inside.,2026-06-12
rev_neg_550,PROD_PHONE_282,2,Terrible product! A complete waste of money.,2026-06-13
rev_neg_934,PROD_PHONE_262,2,Very slow shipping and the item is defect.,2026-06-15
rev_pos_1543,PROD_BEAUTY_112,5,"This phone is gr8, battery life is awesome.",2026-06-08
rev_neg_247,PROD_LAPTOP_287,2,The camera quality is awful and blurry.,2026-06-13
rev_neg_959,PROD_CLOTH_276,2,The customer service was extremely rude and unhelpful.,2026-06-16
rev_pos_1476,PROD_CLOTH_160,4,"No delay in shipping, super happy with the delivery.",2026-06-06
rev_neg_1305,PROD_CLOTH_268,1,It stopped working after just a few days of light usage.,2026-06-16
rev_neg_1018,PROD_LAPTOP_230,2,Poor packaging and the item was broken inside.,2026-06-10
rev_neu_617,PROD_LAPTOP_369,3,"The battery is okay, screen is average.",2026-06-26
rev_pos_1758,PROD_CLOTH_152,4,Great product! The quality is absolutely amazing.,2026-06-07
rev_pos_689,PROD_PHONE_104,5,The customer support staff was very helpful and responsive.,2026-06-05
rev_pos_900,PROD_CLOTH_144,5,I can't believe how good this is for the price.,2026-06-08
rev_neg_1139,PROD_CLOTH_218,2,"Terrible sound, very tinny and muffled.",2026-06-14
rev_neg_648,PROD_CLOTH_207,1,Do not recommend this seller. Poor customer support.,2026-06-13
rev_pos_1002,PROD_BEAUTY_137,4,"Not cheap, but totally worth every single penny.",2026-06-04
rev_neg_1704,PROD_PHONE_265,1,Late delivery and the package arrived damaged.,2026-06-11
rev_neg_1628,PROD_BEAUTY_244,1,The customer service was extremely rude and unhelpful.,2026-06-10
rev_neg_336,PROD_BEAUTY_202,2,"No customer support at all, they ignored my emails.",2026-06-16
rev_pos_434,PROD_BEAUTY_119,4,"Love the packaging, it was wrapped very nicely.",2026-06-08
rev_pos_1132,PROD_LAPTOP_198,4,The customer support staff was very helpful and responsive.,2026-06-01
rev_neg_106,PROD_LAPTOP_241,1,Very slow shipping and the item is defect.,2026-06-15
rev_neg_852,PROD_LAPTOP_236,2,"Terrible sound, very tinny and muffled.",2026-06-15
rev_pos_1623,PROD_CLOTH_172,5,Beautiful design and great build quality.,2026-06-08
rev_neg_129,PROD_PHONE_273,2,Very slow shipping and the item is defect.,2026-06-16
rev_neg_627,PROD_LAPTOP_218,1,Horrible experience. The item was missing parts.,2026-06-18
rev_neg_1922,PROD_BEAUTY_206,1,"Extremely slow performance, laggy and unusable.",2026-06-19
rev_neg_483,PROD_CLOTH_209,1,"Very cheap plastic, feels like a toy.",2026-06-10
rev_neu_923,PROD_BEAUTY_325,3,"Standard product, does exactly what is advertised.",2026-06-21
rev_neg_965,PROD_PHONE_272,2,It stopped working after just a few days of light usage.,2026-06-14
rev_neg_1090,PROD_BEAUTY_208,1,This is a scam. It does not work at all.,2026-06-18
rev_neg_1460,PROD_LAPTOP_250,1,Never again. This is absolute trash.,2026-06-18
rev_neg_51,PROD_BEAUTY_252,2,Doesn't charge at all. Broken charging port.,2026-06-15
rev_neu_237,PROD_PHONE_328,3,"No issues so far, but it feels a bit basic.",2026-06-28
rev_neg_1331,PROD_LAPTOP_273,2,Very slow shipping and the item is defect.,2026-06-12
rev_pos_651,PROD_PHONE_102,5,No problems at all. Solid hardware and easy to setup.,2026-06-02
rev_neg_955,PROD_LAPTOP_264,2,The device keeps flickering and lags constantly. Terrible!,2026-06-10
rev_neg_140,PROD_PHONE_258,1,Not durable. It tore apart after the first wash.,2026-06-19
rev_neu_354,PROD_LAPTOP_365,3,"The battery is okay, screen is average.",2026-06-23
rev_neg_1595,PROD_LAPTOP_253,2,"Cannot recommend this product, it lacks standard features.",2026-06-17
rev_neg_1022,PROD_CLOTH_263,1,Not recommended. The product has major design flaws.,2026-06-10
rev_pos_1742,PROD_BEAUTY_129,4,"No regrets buying this, highly recommended.",2026-06-04
rev_neg_103,PROD_LAPTOP_244,1,"Not worth the money, quality is very poor.",2026-06-16
rev_pos_273,PROD_BEAUTY_109,4,"Super light, compact, and extremely useful.",2026-06-06
rev_neu_825,PROD_BEAUTY_359,3,"Not bad, but not particularly good either.",2026-06-22
rev_neg_688,PROD_BEAUTY_295,2,It stopped working after just a few days of light usage.,2026-06-13
rev_neu_608,PROD_BEAUTY_392,3,"It is a decent product, but has some limitations.",2026-06-22
rev_neg_1927,PROD_BEAUTY_252,1,Never buy this. Waste of time and money.,2026-06-19
rev_neg_497,PROD_PHONE_273,2,Doesn't work. The software crashes every time I open it.,2026-06-10
rev_neg_1260,PROD_BEAUTY_284,2,"Cannot recommend this product, it lacks standard features.",2026-06-16
rev_neg_1913,PROD_LAPTOP_271,1,"Very cheap plastic, feels like a toy.",2026-06-19
rev_neu_408,PROD_PHONE_377,3,It is alright for the price point.,2026-06-22
rev_neu_572,PROD_BEAUTY_370,3,Average quality for the price. Not bad but not great.,2026-06-28
rev_neu_549,PROD_BEAUTY_398,3,"No quality issues, but design is quite boring.",2026-06-26
rev_pos_1929,PROD_CLOTH_106,5,Excellent value for money. Very durable material.,2026-06-06
rev_pos_1883,PROD_PHONE_170,4,"Not cheap, but totally worth every single penny.",2026-06-07
rev_neg_723,PROD_LAPTOP_222,1,Late delivery and the package arrived damaged.,2026-06-19
rev_neg_1950,PROD_CLOTH_290,2,Very expensive for such cheap material. Disappointed.,2026-06-17
rev_neg_1047,PROD_PHONE_214,1,"Very cheap plastic, feels like a toy.",2026-06-11
rev_neg_1920,PROD_PHONE_284,2,"Cannot recommend this product, it lacks standard features.",2026-06-11
rev_pos_394,PROD_CLOTH_164,5,"No lag, games run super smooth on it.",2026-06-09
rev_pos_931,PROD_PHONE_120,5,"No complaints here, works exactly as described.",2026-06-07
rev_neu_851,PROD_LAPTOP_360,3,"Decent packaging, product performs averagely.",2026-06-23
rev_pos_629,PROD_BEAUTY_147,4,"No lag, games run super smooth on it.",2026-06-08
rev_neu_668,PROD_PHONE_315,3,The color is slightly different but it works okay.,2026-06-24
rev_neu_777,PROD_PHONE_391,3,"Decent packaging, product performs averagely.",2026-06-23
rev_neg_1867,PROD_PHONE_223,1,Late delivery and the package arrived damaged.,2026-06-13
rev_pos_71,PROD_LAPTOP_105,5,Excellent value for money. Very durable material.,2026-06-05
rev_neg_500,PROD_LAPTOP_216,1,"No response from support, and return policy is a lie.",2026-06-11
rev_pos_1148,PROD_PHONE_173,4,"No lag, games run super smooth on it.",2026-06-09
rev_neg_132,PROD_BEAUTY_297,1,This is a scam. It does not work at all.,2026-06-14
rev_pos_1360,PROD_PHONE_141,5,Fast connection and never disconnects.,2026-06-01
rev_pos_573,PROD_PHONE_117,5,The user interface is so smooth and intuitive. Love it.,2026-06-07
rev_neg_1124,PROD_BEAUTY_208,1,The camera quality is awful and blurry.,2026-06-18
rev_neg_459,PROD_BEAUTY_265,2,It stopped working after just a few days of light usage.,2026-06-18
rev_neg_172,PROD_PHONE_235,2,The screen cracked easily without any drop. Fragile.,2026-06-16
rev_neg_1249,PROD_CLOTH_285,2,Late delivery and the package arrived damaged.,2026-06-12
rev_neu_351,PROD_PHONE_311,3,"Standard product, does exactly what is advertised.",2026-06-27
rev_neu_73,PROD_LAPTOP_310,3,"The design is simple, functionality is average.",2026-06-22
rev_pos_181,PROD_BEAUTY_161,5,Very robust and stands up to daily wear and tear.,2026-06-08
rev_neg_665,PROD_CLOTH_278,1,"Very cheap plastic, feels like a toy.",2026-06-13
rev_pos_602,PROD_BEAUTY_114,5,It is an awesome product. I will buy it again.,2026-06-04
rev_neg_1257,PROD_LAPTOP_260,2,Poor packaging and the item was broken inside.,2026-06-10
rev_pos_1027,PROD_LAPTOP_120,4,Simply the best one on the market right now.,2026-06-08
rev_neg_527,PROD_LAPTOP_253,1,"No manual included, and setup is impossible.",2026-06-17
rev_neg_937,PROD_PHONE_242,2,"No customer support at all, they ignored my emails.",2026-06-18
rev_pos_690,PROD_CLOTH_113,5,"Incredibly fast shipping, arrived much earlier than expected.",2026-06-02
rev_pos_4,PROD_BEAUTY_175,4,Beautiful design and great build quality.,2026-06-05
rev_neu_140,PROD_CLOTH_351,3,"Some aspects are good, others are quite disappointed.",2026-06-20
rev_neg_694,PROD_BEAUTY_236,2,Late delivery and the package arrived damaged.,2026-06-19
rev_pos_574,PROD_LAPTOP_189,5,Very satisfied with my purchase. It works perfectly.,2026-06-03
rev_pos_184,PROD_PHONE_136,5,The sound quality is fantastic and clear.,2026-06-05
rev_neg_246,PROD_CLOTH_222,2,Doesn't work. The software crashes every time I open it.,2026-06-19
rev_neg_1118,PROD_CLOTH_252,1,"Extremely slow performance, laggy and unusable.",2026-06-10
rev_neg_572,PROD_CLOTH_244,2,The screen cracked easily without any drop. Fragile.,2026-06-17
rev_neu_997,PROD_BEAUTY_384,3,"Okay for the price, but don't expect miracles.",2026-06-26
rev_pos_1379,PROD_CLOTH_174,4,Perfect fit and very comfortable to wear.,2026-06-08
rev_pos_77,PROD_LAPTOP_158,4,"No regrets buying this, highly recommended.",2026-06-06
rev_neg_772,PROD_BEAUTY_219,1,"Not worth the money, quality is very poor.",2026-06-11
rev_pos_1028,PROD_PHONE_107,5,No problems at all. Solid hardware and easy to setup.,2026-06-06
rev_neg_1239,PROD_PHONE_289,2,The camera quality is awful and blurry.,2026-06-12
rev_neu_195,PROD_BEAUTY_334,3,"Shipping took longer than expected, but product is ok.",2026-06-26
rev_neg_617,PROD_BEAUTY_209,2,Doesn't charge at all. Broken charging port.,2026-06-16
rev_neg_1651,PROD_PHONE_227,2,"Extremely noisy, sounds like it's going to explode.",2026-06-17
rev_neg_40,PROD_PHONE_230,1,"Poor battery life, won't even last half a day.",2026-06-15
rev_pos_1318,PROD_PHONE_160,4,Beautiful design and great build quality.,2026-06-09
rev_neu_519,PROD_BEAUTY_359,3,"The battery is okay, screen is average.",2026-06-20
rev_neu_840,PROD_BEAUTY_383,3,"The product is okay, does the job but nothing special.",2026-06-26
rev_neg_86,PROD_CLOTH_287,2,"No connectivity, bluetooth keeps dropping.",2026-06-10
rev_neu_267,PROD_LAPTOP_394,3,"Some aspects are good, others are quite disappointed.",2026-06-28
rev_neu_394,PROD_BEAUTY_394,3,"The product is okay, does the job but nothing special.",2026-06-24
rev_neg_831,PROD_BEAUTY_248,2,"Terrible sound, very tinny and muffled.",2026-06-17
rev_neu_227,PROD_LAPTOP_372,3,"It's decent, fits the description but nothing exciting.",2026-06-20
rev_neu_980,PROD_BEAUTY_311,3,"No major complaints, but it could be improved.",2026-06-21
rev_neg_1552,PROD_CLOTH_241,1,"Cannot recommend this product, it lacks standard features.",2026-06-12
rev_neu_567,PROD_CLOTH_378,3,"No quality issues, but design is quite boring.",2026-06-28
rev_neu_493,PROD_BEAUTY_329,3,"Nothing special, just a standard item.",2026-06-20
rev_neu_407,PROD_PHONE_333,3,"Shipping took longer than expected, but product is ok.",2026-06-24
rev_neu_705,PROD_CLOTH_372,3,It is alright for the price point.,2026-06-20
rev_pos_173,PROD_CLOTH_114,5,Highly functional and has zero flaws.,2026-06-07
rev_neu_190,PROD_PHONE_353,3,"No major complaints, but it could be improved.",2026-06-23
rev_neg_1681,PROD_LAPTOP_219,2,"Terrible sound, very tinny and muffled.",2026-06-19
rev_pos_53,PROD_PHONE_123,4,The customer support staff was very helpful and responsive.,2026-06-02
rev_neg_157,PROD_LAPTOP_292,1,"Not worth the money, quality is very poor.",2026-06-17
rev_pos_1107,PROD_CLOTH_119,5,"Not cheap, but totally worth every single penny.",2026-06-04
rev_neu_904,PROD_PHONE_335,3,"Not bad, it is just okay.",2026-06-24
rev_neu_42,PROD_PHONE_349,3,"Okay for the price, but don't expect miracles.",2026-06-23
rev_pos_1485,PROD_CLOTH_158,5,"Outstanding performance, it exceeded my expectations.",2026-06-01
rev_pos_859,PROD_PHONE_158,4,Absolutely love this device. Best purchase of the year!,2026-06-06
rev_pos_448,PROD_LAPTOP_183,4,Not a single issue so far. Very reliable.,2026-06-06
rev_neg_1735,PROD_LAPTOP_262,1,Worst experience ever. The battery drains in two hours.,2026-06-14
rev_neg_274,PROD_PHONE_236,1,The camera quality is awful and blurry.,2026-06-17
rev_pos_626,PROD_PHONE_159,5,"Highly recommend this shop, wonderful customer service.",2026-06-05
rev_neu_965,PROD_BEAUTY_321,3,"It is average. Some days it is fast, some days it is slow.",2026-06-24
rev_pos_1117,PROD_CLOTH_150,5,"Highly recommend this shop, wonderful customer service.",2026-06-09
rev_pos_552,PROD_CLOTH_145,4,"Great customer service, they resolved my issue in minutes.",2026-06-08
rev_pos_1994,PROD_PHONE_120,4,The screen display is incredibly clear and beautiful.,2026-06-04
rev_neg_358,PROD_CLOTH_213,1,Horrible experience. The item was missing parts.,2026-06-11
rev_pos_1985,PROD_CLOTH_192,5,"No lag, games run super smooth on it.",2026-06-08
rev_neg_442,PROD_CLOTH_241,1,Not recommended. The product has major design flaws.,2026-06-16
rev_pos_1948,PROD_BEAUTY_145,4,"Outstanding performance, it exceeded my expectations.",2026-06-01
rev_neg_1879,PROD_BEAUTY_209,2,Not durable. It tore apart after the first wash.,2026-06-15
rev_neu_429,PROD_BEAUTY_320,3,"Just an average device, nothing to write home about.",2026-06-26
rev_neg_613,PROD_BEAUTY_231,2,The setup was extremely hard and frustrating.,2026-06-19
rev_pos_1774,PROD_PHONE_159,4,"Never disappointed with this brand, always top tier.",2026-06-01
rev_neg_1583,PROD_BEAUTY_275,1,The customer service was extremely rude and unhelpful.,2026-06-13
rev_neu_736,PROD_BEAUTY_338,3,"Average battery life, average display.",2026-06-22
rev_neu_9,PROD_LAPTOP_308,3,"Decent packaging, product performs averagely.",2026-06-28
rev_neu_170,PROD_BEAUTY_351,3,It's fine. It does the job.,2026-06-20
rev_neu_596,PROD_BEAUTY_326,3,"It works, but nothing outstanding.",2026-06-22
rev_pos_1102,PROD_LAPTOP_174,4,"Very easy to use, setup was a breeze. Perfect!",2026-06-09
rev_neg_1757,PROD_PHONE_234,2,Not durable. It tore apart after the first wash.,2026-06-10
rev_pos_283,PROD_CLOTH_180,5,The software is incredibly fast and responsive.,2026-06-06
rev_neg_1058,PROD_LAPTOP_247,2,"Extremely noisy, sounds like it's going to explode.",2026-06-15
rev_neu_785,PROD_LAPTOP_336,3,"The product is okay, does the job but nothing special.",2026-06-28
rev_neg_1182,PROD_PHONE_299,1,"No customer support at all, they ignored my emails.",2026-06-17
rev_neg_493,PROD_BEAUTY_246,1,Terrible product! A complete waste of money.,2026-06-18
rev_neg_1996,PROD_LAPTOP_200,1,"Extremely noisy, sounds like it's going to explode.",2026-06-17
rev_neu_695,PROD_LAPTOP_350,3,"The product is okay, does the job but nothing special.",2026-06-22
rev_neg_190,PROD_BEAUTY_284,1,Doesn't charge at all. Broken charging port.,2026-06-17
rev_neg_1014,PROD_CLOTH_243,2,"Fake item, a complete scam. Do not buy!",2026-06-11
rev_neg_504,PROD_PHONE_285,2,Not durable. It tore apart after the first wash.,2026-06-16
rev_neg_214,PROD_LAPTOP_226,1,The screen cracked easily without any drop. Fragile.,2026-06-15
rev_pos_198,PROD_CLOTH_103,4,Fast connection and never disconnects.,2026-06-01
rev_neg_1455,PROD_BEAUTY_233,2,The worst packaging I have ever seen. Damaged box.,2026-06-14
rev_neu_309,PROD_BEAUTY_363,3,It is an average item. Neither good nor bad.,2026-06-24
rev_neg_841,PROD_LAPTOP_276,1,"No manual included, and setup is impossible.",2026-06-15
rev_neg_1265,PROD_LAPTOP_292,2,The screen cracked easily without any drop. Fragile.,2026-06-12
rev_pos_185,PROD_LAPTOP_157,5,"Great customer service, they resolved my issue in minutes.",2026-06-09
rev_pos_710,PROD_PHONE_196,4,"No defects, clean packaging, and works like a dream.",2026-06-08
rev_pos_248,PROD_BEAUTY_151,5,Beautiful design and great build quality.,2026-06-07
rev_pos_1684,PROD_CLOTH_166,4,The sound quality is fantastic and clear.,2026-06-04
rev_neg_1859,PROD_CLOTH_248,1,It has a terrible chemical smell. Returning immediately.,2026-06-13
rev_neg_1325,PROD_BEAUTY_270,1,"No customer support at all, they ignored my emails.",2026-06-13
rev_pos_869,PROD_LAPTOP_138,5,"Wow, this is an absolute game changer!",2026-06-06
rev_neg_1834,PROD_CLOTH_246,2,Never buy this. Waste of time and money.,2026-06-14
rev_pos_1096,PROD_CLOTH_145,5,"Incredibly fast shipping, arrived much earlier than expected.",2026-06-05
rev_neu_865,PROD_PHONE_362,3,"Not bad, but not particularly good either.",2026-06-21
rev_neg_548,PROD_LAPTOP_277,1,Not durable. It tore apart after the first wash.,2026-06-12
rev_pos_186,PROD_CLOTH_170,5,"No regrets buying this, highly recommended.",2026-06-09
rev_neu_367,PROD_LAPTOP_329,3,"Not bad, but not particularly good either.",2026-06-22
rev_neu_5,PROD_CLOTH_372,3,"No issues so far, but it feels a bit basic.",2026-06-27
rev_neg_1940,PROD_CLOTH_251,2,Never buy this. Waste of time and money.,2026-06-12
rev_pos_81,PROD_CLOTH_104,4,"Never disappointed with this brand, always top tier.",2026-06-02
rev_pos_1853,PROD_CLOTH_185,4,Highly functional and has zero flaws.,2026-06-07
rev_pos_260,PROD_PHONE_118,5,Excellent value for money. Very durable material.,2026-06-01
rev_neg_1680,PROD_LAPTOP_243,2,"The sizing is completely wrong, way too small.",2026-06-10
rev_pos_171,PROD_BEAUTY_188,5,The customer support staff was very helpful and responsive.,2026-06-08
rev_pos_1924,PROD_PHONE_167,5,"Not cheap, but totally worth every single penny.",2026-06-06
rev_pos_1303,PROD_PHONE_130,4,Very robust and stands up to daily wear and tear.,2026-06-08
rev_pos_955,PROD_LAPTOP_194,4,Perfect fit and very comfortable to wear.,2026-06-04
rev_neu_929,PROD_BEAUTY_357,3,"Some aspects are good, others are quite disappointed.",2026-06-21
rev_neg_99,PROD_LAPTOP_210,2,"No customer support at all, they ignored my emails.",2026-06-12
rev_pos_69,PROD_PHONE_109,4,Extremely pleased with how fast this works.,2026-06-03
rev_pos_1744,PROD_CLOTH_110,5,The software is incredibly fast and responsive.,2026-06-06
rev_neg_188,PROD_LAPTOP_240,1,"Extremely noisy, sounds like it's going to explode.",2026-06-12
rev_pos_1665,PROD_BEAUTY_147,4,Great product! The quality is absolutely amazing.,2026-06-04
rev_neu_853,PROD_BEAUTY_354,3,It is alright for the price point.,2026-06-24
rev_pos_825,PROD_CLOTH_150,4,Beautiful design and great build quality.,2026-06-06
rev_neg_1720,PROD_LAPTOP_256,2,Horrible experience. The item was missing parts.,2026-06-14
rev_neg_1283,PROD_PHONE_242,2,Terrible product! A complete waste of money.,2026-06-13
rev_neg_1833,PROD_PHONE_285,1,"Not worth the money, quality is very poor.",2026-06-18
rev_pos_20,PROD_LAPTOP_165,4,Simply the best one on the market right now.,2026-06-08
rev_pos_1212,PROD_BEAUTY_169,5,"No complaints here, works exactly as described.",2026-06-04
rev_neu_849,PROD_LAPTOP_333,3,"Okay packaging, shipping was standard.",2026-06-20
rev_neg_505,PROD_PHONE_224,1,"Poor battery life, won't even last half a day.",2026-06-18
rev_neg_411,PROD_CLOTH_260,1,Never buy this. Waste of time and money.,2026-06-12
rev_neg_98,PROD_PHONE_297,1,The device keeps flickering and lags constantly. Terrible!,2026-06-16
rev_neg_1153,PROD_LAPTOP_211,1,The setup was extremely hard and frustrating.,2026-06-19
rev_pos_281,PROD_LAPTOP_132,4,It is an awesome product. I will buy it again.,2026-06-04
rev_pos_1065,PROD_LAPTOP_162,5,Highly functional and has zero flaws.,2026-06-02
rev_neu_659,PROD_CLOTH_335,3,"The quality is passable, nothing to complain about.",2026-06-26
rev_pos_1051,PROD_LAPTOP_171,4,I can't believe how good this is for the price.,2026-06-09
rev_neg_1762,PROD_CLOTH_292,1,"The sizing is completely wrong, way too small.",2026-06-16
rev_pos_630,PROD_LAPTOP_100,4,"Works like a charm, would buy again without hesitation.",2026-06-07
rev_pos_436,PROD_LAPTOP_187,4,"No regrets buying this, highly recommended.",2026-06-02
rev_pos_1331,PROD_LAPTOP_117,4,"No quality issues, everything is in perfect condition.",2026-06-06
rev_pos_1045,PROD_LAPTOP_177,5,Very satisfied with my purchase. It works perfectly.,2026-06-02
rev_pos_1445,PROD_CLOTH_102,5,"No defects, clean packaging, and works like a dream.",2026-06-08
rev_pos_1567,PROD_PHONE_120,5,Fast connection and never disconnects.,2026-06-05
rev_pos_1698,PROD_CLOTH_174,5,Very robust and stands up to daily wear and tear.,2026-06-09
rev_pos_292,PROD_LAPTOP_146,5,Fast connection and never disconnects.,2026-06-06
rev_neu_591,PROD_CLOTH_347,3,"The price is fair, but usability is just okay.",2026-06-23
rev_neg_1729,PROD_PHONE_240,1,It stopped working after just a few days of light usage.,2026-06-12
rev_neg_798,PROD_BEAUTY_246,2,"No manual included, and setup is impossible.",2026-06-12
rev_pos_1192,PROD_PHONE_144,5,Absolutely love this device. Best purchase of the year!,2026-06-08
rev_pos_543,PROD_LAPTOP_166,4,"This phone is gr8, battery life is awesome.",2026-06-03
rev_neg_174,PROD_LAPTOP_273,2,It stopped working after just a few days of light usage.,2026-06-10
rev_neg_1311,PROD_LAPTOP_267,1,"Cannot recommend this product, it lacks standard features.",2026-06-19
rev_pos_1699,PROD_BEAUTY_139,4,Excellent value for money. Very durable material.,2026-06-06
rev_neu_828,PROD_BEAUTY_315,3,It is fine. Just an average smartphone.,2026-06-25
rev_neg_1223,PROD_CLOTH_267,2,"The sizing is completely wrong, way too small.",2026-06-12
rev_neu_290,PROD_PHONE_385,3,"The quality is passable, nothing to complain about.",2026-06-21
rev_pos_1382,PROD_LAPTOP_140,4,"Great customer service, they resolved my issue in minutes.",2026-06-08
rev_pos_1828,PROD_LAPTOP_197,4,Not a single issue so far. Very reliable.,2026-06-07
rev_neu_895,PROD_CLOTH_345,3,"It is okay. Not the best, but not the worst.",2026-06-23
rev_pos_1582,PROD_LAPTOP_180,4,Very robust and stands up to daily wear and tear.,2026-06-02
rev_neg_1671,PROD_BEAUTY_251,1,Poor packaging and the item was broken inside.,2026-06-11
rev_neg_1870,PROD_BEAUTY_291,1,Late delivery and the package arrived damaged.,2026-06-16
rev_pos_23,PROD_PHONE_187,5,I can't believe how good this is for the price.,2026-06-02
rev_pos_1124,PROD_LAPTOP_199,4,No problems at all. Solid hardware and easy to setup.,2026-06-09
rev_pos_1765,PROD_BEAUTY_159,5,"No defects, clean packaging, and works like a dream.",2026-06-01
rev_pos_1926,PROD_CLOTH_196,4,Very satisfied with my purchase. It works perfectly.,2026-06-07
rev_pos_1043,PROD_LAPTOP_112,5,"This phone is gr8, battery life is awesome.",2026-06-01
rev_neu_353,PROD_CLOTH_373,3,"Shipping took longer than expected, but product is ok.",2026-06-28
rev_pos_409,PROD_CLOTH_115,5,Extremely pleased with how fast this works.,2026-06-09
rev_pos_1442,PROD_CLOTH_175,4,It is an awesome product. I will buy it again.,2026-06-02
rev_neg_21,PROD_PHONE_205,1,"No customer support at all, they ignored my emails.",2026-06-11
rev_pos_1468,PROD_PHONE_152,5,Very bright display and the colors are vibrant.,2026-06-06
rev_neg_1634,PROD_BEAUTY_284,2,"Fake item, a complete scam. Do not buy!",2026-06-18
rev_neg_1078,PROD_BEAUTY_201,2,The camera quality is awful and blurry.,2026-06-19
rev_pos_1342,PROD_PHONE_137,5,Beautiful design and great build quality.,2026-06-04
rev_neu_80,PROD_LAPTOP_314,3,"It works as expected, nothing more, nothing less.",2026-06-23
rev_pos_1632,PROD_PHONE_184,4,Very robust and stands up to daily wear and tear.,2026-06-09
rev_neg_1587,PROD_CLOTH_296,1,It stopped working after just a few days of light usage.,2026-06-17
rev_neg_725,PROD_LAPTOP_294,1,Late delivery and the package arrived damaged.,2026-06-14
rev_neg_44,PROD_LAPTOP_226,2,"The sizing is completely wrong, way too small.",2026-06-13
rev_pos_1353,PROD_CLOTH_157,4,"Outstanding performance, it exceeded my expectations.",2026-06-09
rev_neg_1574,PROD_PHONE_203,2,The worst packaging I have ever seen. Damaged box.,2026-06-11
rev_pos_1664,PROD_CLOTH_149,5,"Outstanding performance, it exceeded my expectations.",2026-06-03
rev_neg_74,PROD_BEAUTY_216,2,"No connectivity, bluetooth keeps dropping.",2026-06-15
rev_neg_803,PROD_LAPTOP_291,2,Not recommended. The product has major design flaws.,2026-06-15
rev_pos_1841,PROD_LAPTOP_122,5,The user interface is so smooth and intuitive. Love it.,2026-06-06
rev_neg_1000,PROD_LAPTOP_248,2,Doesn't charge at all. Broken charging port.,2026-06-16
rev_neu_654,PROD_BEAUTY_377,3,It is an average item. Neither good nor bad.,2026-06-22
rev_neu_266,PROD_LAPTOP_307,3,"Okay packaging, shipping was standard.",2026-06-21
rev_pos_1321,PROD_LAPTOP_116,5,Great product! The quality is absolutely amazing.,2026-06-06
rev_pos_1714,PROD_CLOTH_112,4,"Incredibly fast shipping, arrived much earlier than expected.",2026-06-01
rev_pos_405,PROD_CLOTH_186,5,"Wow, this is an absolute game changer!",2026-06-05
rev_pos_30,PROD_PHONE_193,4,It is an awesome product. I will buy it again.,2026-06-08
rev_pos_542,PROD_PHONE_102,4,"Not cheap, but totally worth every single penny.",2026-06-06
rev_neg_1447,PROD_BEAUTY_227,1,"Fake item, a complete scam. Do not buy!",2026-06-12
rev_pos_1573,PROD_PHONE_153,5,Very bright display and the colors are vibrant.,2026-06-08
rev_pos_342,PROD_CLOTH_181,5,"No lag, games run super smooth on it.",2026-06-01
rev_pos_1708,PROD_BEAUTY_123,4,Not a single issue so far. Very reliable.,2026-06-01
rev_neg_1781,PROD_CLOTH_296,2,The customer service was extremely rude and unhelpful.,2026-06-14
rev_neg_350,PROD_LAPTOP_252,2,"No manual included, and setup is impossible.",2026-06-10
rev_neu_774,PROD_PHONE_302,3,"The price is fair, but usability is just okay.",2026-06-27
rev_neu_706,PROD_BEAUTY_314,3,"Average performance, nothing special about it.",2026-06-20
rev_pos_207,PROD_PHONE_130,5,Not a single issue so far. Very reliable.,2026-06-07
rev_pos_488,PROD_PHONE_164,5,"Wow, this is an absolute game changer!",2026-06-07
rev_neg_1293,PROD_PHONE_220,1,Very disappointed with the hardware quality. It broke on day one.,2026-06-12
rev_neg_1806,PROD_BEAUTY_263,2,"No response from support, and return policy is a lie.",2026-06-16
rev_pos_824,PROD_CLOTH_164,5,"This phone is gr8, battery life is awesome.",2026-06-07
rev_neg_1989,PROD_LAPTOP_278,1,It has a terrible chemical smell. Returning immediately.,2026-06-10
rev_neu_214,PROD_LAPTOP_318,3,"It is okay. Not the best, but not the worst.",2026-06-23
rev_neu_336,PROD_CLOTH_333,3,The color is slightly different but it works okay.,2026-06-28
rev_neg_1715,PROD_LAPTOP_214,2,Very slow shipping and the item is defect.,2026-06-13
rev_neu_119,PROD_LAPTOP_321,3,"Not bad, it is just okay.",2026-06-22
rev_neg_1576,PROD_CLOTH_223,2,"Extremely slow performance, laggy and unusable.",2026-06-18
rev_neg_778,PROD_CLOTH_281,2,"No customer support at all, they ignored my emails.",2026-06-18
rev_pos_789,PROD_PHONE_122,4,The software is incredibly fast and responsive.,2026-06-01
rev_neu_614,PROD_BEAUTY_327,3,Average quality for the price. Not bad but not great.,2026-06-27
rev_neu_284,PROD_CLOTH_364,3,"Average performance, nothing special about it.",2026-06-22
rev_neg_1546,PROD_BEAUTY_203,2,Completely useless. Do not waste your hard-earned money.,2026-06-15
rev_neg_1935,PROD_LAPTOP_243,2,It has a terrible chemical smell. Returning immediately.,2026-06-12
rev_pos_1103,PROD_CLOTH_188,4,"Works like a charm, would buy again without hesitation.",2026-06-09
rev_neu_272,PROD_BEAUTY_391,3,"No issues so far, but it feels a bit basic.",2026-06-22
rev_pos_1817,PROD_PHONE_146,5,"No delay in shipping, super happy with the delivery.",2026-06-07
rev_neu_621,PROD_CLOTH_340,3,Average quality for the price. Not bad but not great.,2026-06-24
rev_pos_1754,PROD_PHONE_188,4,"This phone is gr8, battery life is awesome.",2026-06-08
rev_neu_377,PROD_LAPTOP_344,3,"Average battery life, average display.",2026-06-22
rev_neu_586,PROD_PHONE_378,3,"The shipping was ok, product is decent enough.",2026-06-20
rev_neg_783,PROD_PHONE_275,1,Very disappointed. It looks nothing like the pictures.,2026-06-11
rev_neg_1084,PROD_BEAUTY_203,2,"No response from support, and return policy is a lie.",2026-06-16
rev_pos_100,PROD_CLOTH_196,5,"Very easy to use, setup was a breeze. Perfect!",2026-06-08
rev_pos_1603,PROD_PHONE_147,4,"Super light, compact, and extremely useful.",2026-06-05
rev_pos_1110,PROD_BEAUTY_117,4,"Outstanding performance, it exceeded my expectations.",2026-06-09
rev_neg_197,PROD_PHONE_216,1,"Extremely noisy, sounds like it's going to explode.",2026-06-13
rev_neu_978,PROD_LAPTOP_331,3,It's fine. It does the job.,2026-06-25
rev_neg_355,PROD_BEAUTY_274,1,Late delivery and the package arrived damaged.,2026-06-15
rev_neg_1062,PROD_CLOTH_255,2,Completely useless. Do not waste your hard-earned money.,2026-06-11
rev_neg_1918,PROD_CLOTH_271,1,Do not recommend this seller. Poor customer support.,2026-06-10
rev_pos_1253,PROD_PHONE_190,4,Very satisfied with my purchase. It works perfectly.,2026-06-02
rev_pos_1641,PROD_BEAUTY_112,5,Very satisfied with my purchase. It works perfectly.,2026-06-06
rev_pos_1515,PROD_LAPTOP_171,5,Highly functional and has zero flaws.,2026-06-08
rev_neg_1848,PROD_BEAUTY_256,1,Worst experience ever. The battery drains in two hours.,2026-06-17
rev_neg_1902,PROD_CLOTH_211,1,"The sizing is completely wrong, way too small.",2026-06-19
rev_pos_1046,PROD_BEAUTY_110,4,Great product! The quality is absolutely amazing.,2026-06-08
rev_neg_962,PROD_PHONE_207,1,Never again. This is absolute trash.,2026-06-11
rev_neg_858,PROD_CLOTH_294,1,Not durable. It tore apart after the first wash.,2026-06-10
rev_pos_818,PROD_LAPTOP_124,5,"This phone is gr8, battery life is awesome.",2026-06-02
rev_neg_995,PROD_BEAUTY_231,1,"Extremely slow performance, laggy and unusable.",2026-06-13
rev_pos_315,PROD_LAPTOP_117,5,"This phone is gr8, battery life is awesome.",2026-06-01
rev_neg_857,PROD_LAPTOP_211,1,The device keeps flickering and lags constantly. Terrible!,2026-06-14
rev_pos_1574,PROD_LAPTOP_171,4,"Not cheap, but totally worth every single penny.",2026-06-01
rev_neu_93,PROD_PHONE_371,3,"It works as expected, nothing more, nothing less.",2026-06-24
rev_neu_406,PROD_PHONE_348,3,"No quality issues, but design is quite boring.",2026-06-24
rev_pos_1588,PROD_LAPTOP_119,5,Beautiful design and great build quality.,2026-06-09
rev_neu_443,PROD_BEAUTY_349,3,"No major complaints, but it could be improved.",2026-06-24
rev_pos_1188,PROD_PHONE_158,5,No problems at all. Solid hardware and easy to setup.,2026-06-05
rev_neg_239,PROD_CLOTH_275,1,Late delivery and the package arrived damaged.,2026-06-11
rev_neg_692,PROD_BEAUTY_206,2,The camera quality is awful and blurry.,2026-06-18
rev_neu_114,PROD_CLOTH_344,3,"Neither great nor terrible, just in the middle.",2026-06-22
rev_neu_111,PROD_PHONE_398,3,"The shipping was ok, product is decent enough.",2026-06-23
rev_pos_1978,PROD_BEAUTY_123,4,Very bright display and the colors are vibrant.,2026-06-05
rev_neg_658,PROD_CLOTH_235,1,Doesn't work. The software crashes every time I open it.,2026-06-18
rev_neg_236,PROD_LAPTOP_259,2,Terrible product! A complete waste of money.,2026-06-12
rev_neg_1906,PROD_LAPTOP_213,2,"Extremely slow performance, laggy and unusable.",2026-06-18
rev_neg_153,PROD_CLOTH_290,1,Very slow shipping and the item is defect.,2026-06-18
rev_neg_1508,PROD_CLOTH_265,1,Very expensive for such cheap material. Disappointed.,2026-06-14
rev_pos_839,PROD_LAPTOP_181,5,"Works like a charm, would buy again without hesitation.",2026-06-06
rev_pos_527,PROD_PHONE_193,4,"Great customer service, they resolved my issue in minutes.",2026-06-08
rev_pos_578,PROD_CLOTH_158,5,"No complaints here, works exactly as described.",2026-06-08
rev_neg_155,PROD_CLOTH_222,1,Not recommended. The product has major design flaws.,2026-06-13
rev_neg_52,PROD_CLOTH_214,1,It has a terrible chemical smell. Returning immediately.,2026-06-12
rev_neg_1171,PROD_CLOTH_229,2,The camera quality is awful and blurry.,2026-06-14
rev_neg_102,PROD_PHONE_254,1,"Cannot recommend this product, it lacks standard features.",2026-06-15
rev_neg_1470,PROD_CLOTH_249,1,Doesn't charge at all. Broken charging port.,2026-06-16
rev_pos_263,PROD_PHONE_119,4,"No defects, clean packaging, and works like a dream.",2026-06-03
rev_neu_276,PROD_BEAUTY_341,3,"Decent build, but the software is a bit slow.",2026-06-24
rev_neg_851,PROD_CLOTH_267,1,Worst experience ever. The battery drains in two hours.,2026-06-19
rev_neg_1976,PROD_PHONE_250,1,Never buy this. Waste of time and money.,2026-06-17
rev_neg_1057,PROD_PHONE_276,2,Never again. This is absolute trash.,2026-06-15
rev_pos_1888,PROD_BEAUTY_189,4,"No defects, clean packaging, and works like a dream.",2026-06-08
rev_neg_929,PROD_PHONE_247,2,"No manual included, and setup is impossible.",2026-06-11
rev_pos_1628,PROD_CLOTH_182,5,"Highly recommend this shop, wonderful customer service.",2026-06-02
rev_pos_1396,PROD_LAPTOP_116,4,"Not cheap, but totally worth every single penny.",2026-06-02
rev_pos_661,PROD_CLOTH_172,5,"No regrets buying this, highly recommended.",2026-06-09
rev_neg_609,PROD_PHONE_295,2,"Fake item, a complete scam. Do not buy!",2026-06-19
rev_neg_1386,PROD_PHONE_255,2,Very expensive for such cheap material. Disappointed.,2026-06-13
rev_pos_707,PROD_BEAUTY_166,4,Extremely pleased with how fast this works.,2026-06-07
rev_pos_1229,PROD_PHONE_188,4,The user interface is so smooth and intuitive. Love it.,2026-06-05
rev_neu_468,PROD_BEAUTY_315,3,"Just an average device, nothing to write home about.",2026-06-25
rev_pos_1245,PROD_PHONE_112,5,Not a single issue so far. Very reliable.,2026-06-09
rev_neu_305,PROD_BEAUTY_365,3,"No major complaints, but it could be improved.",2026-06-25
rev_neg_175,PROD_PHONE_259,1,Never again. This is absolute trash.,2026-06-14
rev_neg_423,PROD_LAPTOP_203,2,The screen cracked easily without any drop. Fragile.,2026-06-14
rev_neg_1344,PROD_PHONE_236,2,The setup was extremely hard and frustrating.,2026-06-12
rev_pos_790,PROD_CLOTH_154,5,The user interface is so smooth and intuitive. Love it.,2026-06-02
rev_pos_563,PROD_LAPTOP_137,4,"No defects, clean packaging, and works like a dream.",2026-06-01
rev_pos_669,PROD_BEAUTY_169,4,"No defects, clean packaging, and works like a dream.",2026-06-05
rev_neg_1584,PROD_CLOTH_213,2,Never buy this. Waste of time and money.,2026-06-13
rev_neg_1036,PROD_LAPTOP_223,1,"Not worth the money, quality is very poor.",2026-06-15
rev_pos_1789,PROD_PHONE_128,4,The sound quality is fantastic and clear.,2026-06-02
rev_pos_1844,PROD_PHONE_195,4,"No quality issues, everything is in perfect condition.",2026-06-03
rev_neg_805,PROD_PHONE_241,2,Worst experience ever. The battery drains in two hours.,2026-06-13
rev_pos_747,PROD_PHONE_183,4,Highly functional and has zero flaws.,2026-06-08
rev_neu_843,PROD_BEAUTY_353,3,"It is a decent product, but has some limitations.",2026-06-22
rev_neg_1685,PROD_LAPTOP_299,2,Horrible experience. The item was missing parts.,2026-06-19
rev_neu_711,PROD_PHONE_303,3,"Okay for the price, but don't expect miracles.",2026-06-21
rev_neu_49,PROD_BEAUTY_344,3,It's fine. It does the job.,2026-06-20
rev_pos_1030,PROD_BEAUTY_193,5,Highly functional and has zero flaws.,2026-06-04
rev_neu_342,PROD_BEAUTY_381,3,It is alright for the price point.,2026-06-26
rev_pos_1390,PROD_LAPTOP_164,4,"This phone is gr8, battery life is awesome.",2026-06-04
rev_neu_817,PROD_BEAUTY_363,3,"Not bad, but it lacks some advanced features.",2026-06-25
rev_pos_1180,PROD_LAPTOP_169,4,Great product! The quality is absolutely amazing.,2026-06-06
rev_neu_740,PROD_LAPTOP_311,3,"Just an average device, nothing to write home about.",2026-06-25
rev_neu_55,PROD_CLOTH_334,3,"It is okay. Not the best, but not the worst.",2026-06-22
rev_neg_1588,PROD_LAPTOP_200,2,Never again. This is absolute trash.,2026-06-13
rev_neg_705,PROD_LAPTOP_298,1,"No manual included, and setup is impossible.",2026-06-12
rev_pos_305,PROD_BEAUTY_178,4,Simply the best one on the market right now.,2026-06-05
rev_neg_666,PROD_CLOTH_220,1,"Terrible sound, very tinny and muffled.",2026-06-13
rev_neg_1299,PROD_PHONE_257,1,Very slow shipping and the item is defect.,2026-06-13
rev_neg_185,PROD_PHONE_214,2,The device keeps flickering and lags constantly. Terrible!,2026-06-10
rev_neu_556,PROD_CLOTH_315,3,"Delivery was a bit slow, but the item arrived safe.",2026-06-20
rev_neg_399,PROD_LAPTOP_270,1,Very expensive for such cheap material. Disappointed.,2026-06-18
rev_neu_44,PROD_CLOTH_346,3,"It is a decent product, but has some limitations.",2026-06-20
rev_neg_943,PROD_BEAUTY_236,1,"The sizing is completely wrong, way too small.",2026-06-14
rev_neu_26,PROD_LAPTOP_364,3,"Delivery was a bit slow, but the item arrived safe.",2026-06-21
rev_neu_986,PROD_LAPTOP_350,3,"Not bad, but not particularly good either.",2026-06-24
rev_pos_535,PROD_PHONE_101,5,The sound quality is fantastic and clear.,2026-06-02
rev_pos_415,PROD_LAPTOP_106,4,I can't believe how good this is for the price.,2026-06-02
rev_pos_1560,PROD_BEAUTY_106,5,"Works like a charm, would buy again without hesitation.",2026-06-06
rev_pos_1053,PROD_LAPTOP_123,4,"Super light, compact, and extremely useful.",2026-06-09
rev_neu_69,PROD_LAPTOP_346,3,"Nothing special, just a standard item.",2026-06-23
rev_pos_911,PROD_LAPTOP_152,4,"No regrets buying this, highly recommended.",2026-06-03
rev_neg_1928,PROD_BEAUTY_244,1,"The sizing is completely wrong, way too small.",2026-06-12
rev_pos_539,PROD_CLOTH_139,4,"Not bad at all, in fact it is an awsm product.",2026-06-06
rev_pos_522,PROD_CLOTH_155,5,The sound quality is fantastic and clear.,2026-06-03
rev_pos_886,PROD_PHONE_174,4,Absolutely love this device. Best purchase of the year!,2026-06-07
rev_pos_1214,PROD_BEAUTY_119,5,Not a single issue so far. Very reliable.,2026-06-05
rev_neg_1726,PROD_BEAUTY_215,2,It has a terrible chemical smell. Returning immediately.,2026-06-14
rev_neu_812,PROD_CLOTH_363,3,"Just an average device, nothing to write home about.",2026-06-26
rev_pos_1707,PROD_LAPTOP_161,4,The software is incredibly fast and responsive.,2026-06-06
rev_neg_1373,PROD_PHONE_262,1,Completely useless. Do not waste your hard-earned money.,2026-06-13
rev_pos_585,PROD_CLOTH_120,4,"Works like a charm, would buy again without hesitation.",2026-06-05
rev_pos_850,PROD_CLOTH_146,5,The screen display is incredibly clear and beautiful.,2026-06-05
rev_neg_710,PROD_CLOTH_203,1,Never buy this. Waste of time and money.,2026-06-12
rev_neg_1278,PROD_BEAUTY_206,1,Not recommended. The product has major design flaws.,2026-06-11
rev_neg_876,PROD_PHONE_250,1,Doesn't work. The software crashes every time I open it.,2026-06-13
rev_neg_446,PROD_CLOTH_261,2,Never buy this. Waste of time and money.,2026-06-14
rev_pos_1155,PROD_LAPTOP_188,4,The screen display is incredibly clear and beautiful.,2026-06-05
rev_neg_1550,PROD_LAPTOP_201,2,"Extremely bad design, hard to hold and uncomfortable.",2026-06-15
rev_pos_58,PROD_PHONE_101,5,The software is incredibly fast and responsive.,2026-06-08
rev_pos_1284,PROD_CLOTH_115,5,The sound quality is fantastic and clear.,2026-06-09
rev_neg_1333,PROD_PHONE_293,1,Never buy this. Waste of time and money.,2026-06-11
rev_neg_1594,PROD_LAPTOP_213,2,It stopped working after just a few days of light usage.,2026-06-13
rev_neg_540,PROD_PHONE_223,2,"Not worth the money, quality is very poor.",2026-06-13
rev_neu_402,PROD_LAPTOP_377,3,"Not bad, but it lacks some advanced features.",2026-06-28
rev_neg_413,PROD_LAPTOP_200,1,Very slow shipping and the item is defect.,2026-06-16
rev_pos_140,PROD_BEAUTY_195,5,"No regrets buying this, highly recommended.",2026-06-09
rev_pos_1750,PROD_LAPTOP_119,4,"No defects, clean packaging, and works like a dream.",2026-06-06
rev_neg_72,PROD_PHONE_280,2,Very expensive for such cheap material. Disappointed.,2026-06-11
rev_neg_892,PROD_PHONE_272,2,Terrible product! A complete waste of money.,2026-06-10
rev_neg_452,PROD_LAPTOP_262,1,Worst experience ever. The battery drains in two hours.,2026-06-19
rev_neu_74,PROD_CLOTH_347,3,"Nothing special, just a standard item.",2026-06-20
rev_pos_316,PROD_LAPTOP_197,5,The user interface is so smooth and intuitive. Love it.,2026-06-08
rev_neg_1234,PROD_LAPTOP_262,2,Poor packaging and the item was broken inside.,2026-06-17
rev_neu_645,PROD_BEAUTY_365,3,"It is okay. Not the best, but not the worst.",2026-06-26
rev_neg_1449,PROD_PHONE_296,1,Late delivery and the package arrived damaged.,2026-06-19
rev_pos_1137,PROD_BEAUTY_152,5,"Great customer service, they resolved my issue in minutes.",2026-06-08
rev_neg_1648,PROD_BEAUTY_200,2,"Cannot recommend this product, it lacks standard features.",2026-06-12
rev_neg_218,PROD_LAPTOP_201,2,The worst packaging I have ever seen. Damaged box.,2026-06-17
rev_neg_1435,PROD_LAPTOP_237,2,"Extremely slow performance, laggy and unusable.",2026-06-13
rev_neg_352,PROD_BEAUTY_223,1,It stopped working after just a few days of light usage.,2026-06-14
rev_neg_1066,PROD_LAPTOP_288,1,"Terrible sound, very tinny and muffled.",2026-06-16
rev_neu_562,PROD_LAPTOP_375,3,"Shipping took longer than expected, but product is ok.",2026-06-25
rev_neg_1964,PROD_CLOTH_244,1,Poor packaging and the item was broken inside.,2026-06-12
rev_neg_337,PROD_PHONE_228,2,Very disappointed. It looks nothing like the pictures.,2026-06-13
rev_neu_852,PROD_BEAUTY_395,3,It's fine. It does the job.,2026-06-21
rev_neg_863,PROD_LAPTOP_263,1,It stopped working after just a few days of light usage.,2026-06-13
rev_neg_404,PROD_BEAUTY_263,2,Poor packaging and the item was broken inside.,2026-06-14
rev_pos_891,PROD_LAPTOP_196,4,Great product! The quality is absolutely amazing.,2026-06-09
rev_neg_141,PROD_LAPTOP_236,1,Poor packaging and the item was broken inside.,2026-06-14
rev_pos_427,PROD_PHONE_151,5,"Super light, compact, and extremely useful.",2026-06-02
rev_pos_855,PROD_PHONE_137,5,Fast connection and never disconnects.,2026-06-04
rev_neg_401,PROD_BEAUTY_203,1,Very slow shipping and the item is defect.,2026-06-15
rev_neu_749,PROD_CLOTH_364,3,"Shipping took longer than expected, but product is ok.",2026-06-28
rev_pos_1989,PROD_LAPTOP_176,4,I can't believe how good this is for the price.,2026-06-05
rev_neu_451,PROD_LAPTOP_384,3,"It is a decent product, but has some limitations.",2026-06-22
rev_pos_1290,PROD_PHONE_100,5,"Incredibly fast shipping, arrived much earlier than expected.",2026-06-01
rev_pos_1094,PROD_PHONE_131,4,The software is incredibly fast and responsive.,2026-06-09
rev_pos_1834,PROD_BEAUTY_190,5,No problems at all. Solid hardware and easy to setup.,2026-06-02
rev_neg_349,PROD_PHONE_259,2,Very disappointed with the hardware quality. It broke on day one.,2026-06-10
rev_pos_1158,PROD_PHONE_122,5,The sound quality is fantastic and clear.,2026-06-04
rev_neg_1973,PROD_CLOTH_205,2,It has a terrible chemical smell. Returning immediately.,2026-06-13
rev_neu_756,PROD_LAPTOP_331,3,"No issues so far, but it feels a bit basic.",2026-06-20
rev_pos_1686,PROD_PHONE_107,4,"Great customer service, they resolved my issue in minutes.",2026-06-01
rev_pos_1074,PROD_BEAUTY_133,4,"No defects, clean packaging, and works like a dream.",2026-06-02
rev_neg_1258,PROD_BEAUTY_224,1,"Extremely slow performance, laggy and unusable.",2026-06-15
rev_pos_1652,PROD_PHONE_161,4,The customer support staff was very helpful and responsive.,2026-06-05
rev_neg_1316,PROD_CLOTH_212,2,"Terrible sound, very tinny and muffled.",2026-06-16
rev_neg_1251,PROD_BEAUTY_230,2,Never again. This is absolute trash.,2026-06-14
rev_neg_1469,PROD_PHONE_224,1,The camera quality is awful and blurry.,2026-06-10
rev_neg_598,PROD_LAPTOP_220,2,Poor packaging and the item was broken inside.,2026-06-16
rev_pos_1461,PROD_CLOTH_136,5,The screen display is incredibly clear and beautiful.,2026-06-03
rev_neg_713,PROD_LAPTOP_298,1,Not recommended. The product has major design flaws.,2026-06-16
rev_neg_82,PROD_PHONE_272,1,It has a terrible chemical smell. Returning immediately.,2026-06-17
rev_neu_457,PROD_CLOTH_321,3,"It is okay. Not the best, but not the worst.",2026-06-22
rev_neu_293,PROD_PHONE_375,3,"It is average. Some days it is fast, some days it is slow.",2026-06-24
rev_neu_449,PROD_CLOTH_327,3,"Nothing special, just a standard item.",2026-06-21
rev_neg_894,PROD_PHONE_283,1,"Terrible sound, very tinny and muffled.",2026-06-17
rev_pos_1003,PROD_LAPTOP_152,5,Great product! The quality is absolutely amazing.,2026-06-09
rev_neg_1817,PROD_LAPTOP_297,2,Very expensive for such cheap material. Disappointed.,2026-06-17
rev_neg_1736,PROD_BEAUTY_273,2,The device keeps flickering and lags constantly. Terrible!,2026-06-14
rev_pos_56,PROD_CLOTH_126,5,Beautiful design and great build quality.,2026-06-06
rev_neu_173,PROD_PHONE_377,3,"The shipping was ok, product is decent enough.",2026-06-22
rev_neg_1401,PROD_CLOTH_258,1,Completely useless. Do not waste your hard-earned money.,2026-06-12
rev_neu_584,PROD_CLOTH_321,3,"It is average. Some days it is fast, some days it is slow.",2026-06-20
rev_neg_1448,PROD_LAPTOP_205,2,Not recommended. The product has major design flaws.,2026-06-16
rev_pos_9,PROD_CLOTH_173,5,Extremely pleased with how fast this works.,2026-06-04
rev_neg_331,PROD_CLOTH_294,1,This is a scam. It does not work at all.,2026-06-18
rev_pos_1520,PROD_PHONE_144,4,"Not bad at all, in fact it is an awsm product.",2026-06-02
rev_pos_564,PROD_CLOTH_121,4,"No delay in shipping, super happy with the delivery.",2026-06-08
rev_pos_1721,PROD_CLOTH_116,4,It is an awesome product. I will buy it again.,2026-06-09
rev_pos_1857,PROD_BEAUTY_165,5,Simply the best one on the market right now.,2026-06-07
rev_pos_1753,PROD_CLOTH_111,5,The sound quality is fantastic and clear.,2026-06-03
rev_pos_684,PROD_LAPTOP_188,4,"Never disappointed with this brand, always top tier.",2026-06-02
rev_neg_1686,PROD_PHONE_229,1,The screen cracked easily without any drop. Fragile.,2026-06-17
rev_neu_822,PROD_LAPTOP_393,3,"The price is fair, but usability is just okay.",2026-06-26
rev_neg_1107,PROD_BEAUTY_208,2,"Extremely slow performance, laggy and unusable.",2026-06-12
rev_neu_772,PROD_PHONE_326,3,"Just an average device, nothing to write home about.",2026-06-27
rev_pos_1938,PROD_CLOTH_131,5,Great product! The quality is absolutely amazing.,2026-06-09
rev_pos_1779,PROD_LAPTOP_160,5,It is an awesome product. I will buy it again.,2026-06-05
rev_neg_1815,PROD_LAPTOP_206,2,Horrible experience. The item was missing parts.,2026-06-10
rev_neg_654,PROD_PHONE_292,2,Not durable. It tore apart after the first wash.,2026-06-17
rev_neg_766,PROD_BEAUTY_250,1,Not recommended. The product has major design flaws.,2026-06-19
rev_pos_75,PROD_BEAUTY_185,5,"No quality issues, everything is in perfect condition.",2026-06-04
rev_pos_1106,PROD_CLOTH_152,4,Excellent value for money. Very durable material.,2026-06-07
rev_neu_488,PROD_PHONE_339,3,"Shipping took longer than expected, but product is ok.",2026-06-23
rev_pos_541,PROD_BEAUTY_140,5,"This phone is gr8, battery life is awesome.",2026-06-02
rev_neu_719,PROD_LAPTOP_381,3,"The quality is passable, nothing to complain about.",2026-06-24
rev_neg_1654,PROD_LAPTOP_204,1,The device keeps flickering and lags constantly. Terrible!,2026-06-10
rev_pos_1218,PROD_BEAUTY_165,4,"No lag, games run super smooth on it.",2026-06-07
rev_neu_299,PROD_CLOTH_319,3,"Okay packaging, shipping was standard.",2026-06-22
rev_neg_1240,PROD_BEAUTY_222,1,The device keeps flickering and lags constantly. Terrible!,2026-06-10
rev_neu_133,PROD_CLOTH_399,3,"It works, but nothing outstanding.",2026-06-26
rev_neg_1990,PROD_BEAUTY_242,2,Never again. This is absolute trash.,2026-06-19
rev_pos_153,PROD_BEAUTY_157,4,Very bright display and the colors are vibrant.,2026-06-08
rev_neg_1375,PROD_CLOTH_200,1,Not durable. It tore apart after the first wash.,2026-06-16
rev_neg_981,PROD_LAPTOP_253,2,Doesn't charge at all. Broken charging port.,2026-06-17
rev_pos_347,PROD_BEAUTY_197,5,Simply the best one on the market right now.,2026-06-02
rev_pos_1178,PROD_BEAUTY_185,5,"No delay in shipping, super happy with the delivery.",2026-06-02
rev_neu_70,PROD_CLOTH_372,3,"Not bad, but not particularly good either.",2026-06-27
rev_pos_554,PROD_PHONE_130,5,"Very easy to use, setup was a breeze. Perfect!",2026-06-05
rev_pos_1246,PROD_CLOTH_142,5,"Outstanding performance, it exceeded my expectations.",2026-06-05
rev_neu_497,PROD_CLOTH_321,3,"Average performance, nothing special about it.",2026-06-24
rev_neg_62,PROD_CLOTH_203,2,Do not recommend this seller. Poor customer support.,2026-06-13
rev_neg_555,PROD_BEAUTY_287,1,"Cannot recommend this product, it lacks standard features.",2026-06-18
rev_pos_694,PROD_PHONE_142,4,The customer support staff was very helpful and responsive.,2026-06-04
rev_pos_1282,PROD_PHONE_113,4,The software is incredibly fast and responsive.,2026-06-02
rev_neg_516,PROD_BEAUTY_228,2,"Terrible sound, very tinny and muffled.",2026-06-13
rev_pos_1372,PROD_BEAUTY_190,4,Beautiful design and great build quality.,2026-06-03
rev_pos_141,PROD_BEAUTY_134,5,The sound quality is fantastic and clear.,2026-06-05
rev_neg_1266,PROD_PHONE_280,1,"Poor battery life, won't even last half a day.",2026-06-15
rev_pos_1550,PROD_PHONE_150,4,"Super light, compact, and extremely useful.",2026-06-02
rev_pos_975,PROD_BEAUTY_112,4,Extremely pleased with how fast this works.,2026-06-03
rev_neu_14,PROD_LAPTOP_370,3,It is fine. Just an average smartphone.,2026-06-23
rev_pos_1480,PROD_CLOTH_111,5,"No complaints here, works exactly as described.",2026-06-04
rev_neg_287,PROD_LAPTOP_293,1,"Extremely bad design, hard to hold and uncomfortable.",2026-06-16
rev_pos_849,PROD_PHONE_144,5,"Wow, this is an absolute game changer!",2026-06-04
rev_pos_14,PROD_LAPTOP_159,4,"Wow, this is an absolute game changer!",2026-06-07
rev_pos_1814,PROD_CLOTH_121,5,"Super light, compact, and extremely useful.",2026-06-04
rev_neu_897,PROD_BEAUTY_392,3,Average quality for the price. Not bad but not great.,2026-06-20
rev_pos_115,PROD_LAPTOP_106,5,"Very easy to use, setup was a breeze. Perfect!",2026-06-05
rev_neu_315,PROD_BEAUTY_310,3,Average quality for the price. Not bad but not great.,2026-06-26
rev_neg_990,PROD_LAPTOP_262,1,"No response from support, and return policy is a lie.",2026-06-19
rev_pos_1223,PROD_PHONE_118,5,"Not bad at all, in fact it is an awsm product.",2026-06-09
rev_pos_1645,PROD_BEAUTY_108,5,Highly functional and has zero flaws.,2026-06-08
rev_pos_1631,PROD_LAPTOP_196,4,"No defects, clean packaging, and works like a dream.",2026-06-08
rev_pos_138,PROD_PHONE_111,5,Perfect fit and very comfortable to wear.,2026-06-05
rev_neg_866,PROD_LAPTOP_247,2,"Cannot recommend this product, it lacks standard features.",2026-06-16
rev_neu_597,PROD_CLOTH_310,3,"Some aspects are good, others are quite disappointed.",2026-06-27
rev_neg_1963,PROD_PHONE_226,2,The setup was extremely hard and frustrating.,2026-06-19
rev_neg_1631,PROD_CLOTH_233,2,"Very cheap plastic, feels like a toy.",2026-06-15
rev_pos_1696,PROD_LAPTOP_131,5,"No lag, games run super smooth on it.",2026-06-03
rev_pos_308,PROD_LAPTOP_125,5,Not a single issue so far. Very reliable.,2026-06-03
rev_pos_834,PROD_LAPTOP_107,5,The user interface is so smooth and intuitive. Love it.,2026-06-05
rev_pos_894,PROD_CLOTH_147,4,"Love the packaging, it was wrapped very nicely.",2026-06-04
rev_pos_1912,PROD_LAPTOP_177,4,"Not cheap, but totally worth every single penny.",2026-06-09
rev_pos_1914,PROD_CLOTH_148,5,Absolutely love this device. Best purchase of the year!,2026-06-03
rev_pos_1840,PROD_BEAUTY_167,4,"This phone is gr8, battery life is awesome.",2026-06-07
rev_neg_18,PROD_PHONE_225,2,Completely useless. Do not waste your hard-earned money.,2026-06-12
rev_pos_525,PROD_CLOTH_148,4,"No defects, clean packaging, and works like a dream.",2026-06-05
rev_neu_630,PROD_CLOTH_396,3,"Okay for basic usage, but not for heavy tasks.",2026-06-21
rev_neg_1191,PROD_BEAUTY_282,2,Not recommended. The product has major design flaws.,2026-06-18
rev_neg_968,PROD_LAPTOP_275,1,It stopped working after just a few days of light usage.,2026-06-12
rev_neg_561,PROD_CLOTH_214,2,"Very cheap plastic, feels like a toy.",2026-06-12
rev_neg_1840,PROD_LAPTOP_285,1,Not recommended. The product has major design flaws.,2026-06-14
rev_neu_910,PROD_PHONE_314,3,"It is average. Some days it is fast, some days it is slow.",2026-06-23
rev_neg_1168,PROD_BEAUTY_291,1,"Extremely bad design, hard to hold and uncomfortable.",2026-06-10
rev_pos_754,PROD_CLOTH_133,5,Beautiful design and great build quality.,2026-06-05
rev_pos_633,PROD_LAPTOP_153,4,"This phone is gr8, battery life is awesome.",2026-06-08
rev_neg_758,PROD_LAPTOP_247,1,Completely useless. Do not waste your hard-earned money.,2026-06-12
rev_pos_874,PROD_LAPTOP_185,4,"Works like a charm, would buy again without hesitation.",2026-06-01
rev_pos_1007,PROD_LAPTOP_108,5,"No delay in shipping, super happy with the delivery.",2026-06-03
rev_pos_1164,PROD_PHONE_143,5,Excellent value for money. Very durable material.,2026-06-07
rev_neg_1230,PROD_CLOTH_210,2,"Poor battery life, won't even last half a day.",2026-06-13
rev_neu_174,PROD_BEAUTY_383,3,"The package arrived on time, quality is decent.",2026-06-26
rev_neg_1409,PROD_CLOTH_262,2,Horrible experience. The item was missing parts.,2026-06-18
rev_neu_91,PROD_LAPTOP_318,3,"It is average. Some days it is fast, some days it is slow.",2026-06-21
rev_pos_15,PROD_CLOTH_198,4,"No delay in shipping, super happy with the delivery.",2026-06-01
rev_pos_120,PROD_LAPTOP_125,4,"Highly recommend this shop, wonderful customer service.",2026-06-01
rev_neu_51,PROD_LAPTOP_321,3,It is an average item. Neither good nor bad.,2026-06-26
rev_pos_905,PROD_BEAUTY_126,5,"No regrets buying this, highly recommended.",2026-06-03
rev_neu_632,PROD_BEAUTY_360,3,"No major complaints, but it could be improved.",2026-06-22
rev_pos_826,PROD_LAPTOP_117,5,The user interface is so smooth and intuitive. Love it.,2026-06-07
rev_pos_284,PROD_PHONE_160,5,Excellent value for money. Very durable material.,2026-06-08
rev_neg_549,PROD_CLOTH_243,2,"Extremely bad design, hard to hold and uncomfortable.",2026-06-18
rev_neu_798,PROD_PHONE_361,3,"Not bad, but it lacks some advanced features.",2026-06-20
rev_neg_825,PROD_LAPTOP_298,2,"Terrible sound, very tinny and muffled.",2026-06-18
rev_neu_442,PROD_PHONE_333,3,"It works as expected, nothing more, nothing less.",2026-06-27
rev_pos_1787,PROD_CLOTH_130,4,"Works like a charm, would buy again without hesitation.",2026-06-04
rev_pos_1325,PROD_BEAUTY_190,5,"No quality issues, everything is in perfect condition.",2026-06-01
rev_pos_1812,PROD_LAPTOP_116,4,Very satisfied with my purchase. It works perfectly.,2026-06-02
rev_pos_235,PROD_CLOTH_118,4,Very bright display and the colors are vibrant.,2026-06-03
rev_pos_1593,PROD_LAPTOP_173,4,"No complaints here, works exactly as described.",2026-06-01
rev_neg_1672,PROD_PHONE_215,1,This is a scam. It does not work at all.,2026-06-19
rev_pos_519,PROD_LAPTOP_192,5,Simply the best one on the market right now.,2026-06-08
rev_pos_1401,PROD_LAPTOP_175,4,"This phone is gr8, battery life is awesome.",2026-06-04
rev_neg_826,PROD_PHONE_278,2,Not durable. It tore apart after the first wash.,2026-06-10
rev_pos_1100,PROD_BEAUTY_130,4,I can't believe how good this is for the price.,2026-06-03
rev_neu_606,PROD_LAPTOP_399,3,It is fine. Just an average smartphone.,2026-06-20
rev_pos_1344,PROD_CLOTH_162,5,Beautiful design and great build quality.,2026-06-09
rev_neu_557,PROD_PHONE_317,3,It is an average item. Neither good nor bad.,2026-06-27
rev_neg_1530,PROD_PHONE_248,1,"Fake item, a complete scam. Do not buy!",2026-06-11
rev_pos_1315,PROD_BEAUTY_159,4,Perfect fit and very comfortable to wear.,2026-06-05
rev_neg_1358,PROD_CLOTH_292,1,"Cannot recommend this product, it lacks standard features.",2026-06-16
rev_pos_1357,PROD_BEAUTY_143,4,"No defects, clean packaging, and works like a dream.",2026-06-02
rev_pos_1979,PROD_CLOTH_138,5,Perfect fit and very comfortable to wear.,2026-06-02
rev_neg_755,PROD_BEAUTY_265,1,"No connectivity, bluetooth keeps dropping.",2026-06-13
rev_neg_1979,PROD_BEAUTY_227,1,Terrible product! A complete waste of money.,2026-06-16
rev_pos_37,PROD_PHONE_142,4,"Love the packaging, it was wrapped very nicely.",2026-06-02
rev_neg_490,PROD_CLOTH_222,2,Poor packaging and the item was broken inside.,2026-06-10
rev_neu_252,PROD_LAPTOP_320,3,It is fine. Just an average smartphone.,2026-06-28
rev_neu_19,PROD_PHONE_308,3,"The package arrived on time, quality is decent.",2026-06-26
rev_neg_151,PROD_CLOTH_217,1,The setup was extremely hard and frustrating.,2026-06-13
rev_neg_420,PROD_CLOTH_231,2,"Poor battery life, won't even last half a day.",2026-06-16
rev_neg_476,PROD_BEAUTY_232,2,"Not worth the money, quality is very poor.",2026-06-18
rev_pos_289,PROD_LAPTOP_141,5,"Highly recommend this shop, wonderful customer service.",2026-06-08
rev_neg_702,PROD_LAPTOP_241,1,Very disappointed with the hardware quality. It broke on day one.,2026-06-16
rev_neg_26,PROD_PHONE_236,1,Poor packaging and the item was broken inside.,2026-06-15
rev_pos_1216,PROD_BEAUTY_117,5,Excellent value for money. Very durable material.,2026-06-02
rev_pos_870,PROD_PHONE_105,4,Great product! The quality is absolutely amazing.,2026-06-01
rev_pos_566,PROD_PHONE_197,5,"No delay in shipping, super happy with the delivery.",2026-06-08
rev_neu_350,PROD_LAPTOP_314,3,"No quality issues, but design is quite boring.",2026-06-24
rev_pos_1142,PROD_LAPTOP_120,5,"This phone is gr8, battery life is awesome.",2026-06-05
rev_neg_114,PROD_BEAUTY_252,2,The screen cracked easily without any drop. Fragile.,2026-06-15
rev_pos_717,PROD_PHONE_172,4,"No defects, clean packaging, and works like a dream.",2026-06-02
rev_neg_1270,PROD_BEAUTY_298,1,"No response from support, and return policy is a lie.",2026-06-10
rev_neg_1117,PROD_LAPTOP_280,1,Do not recommend this seller. Poor customer support.,2026-06-16
rev_neu_686,PROD_CLOTH_352,3,"Not bad, it is just okay.",2026-06-26
rev_pos_773,PROD_PHONE_175,4,"Very easy to use, setup was a breeze. Perfect!",2026-06-09
rev_neg_526,PROD_CLOTH_289,1,Not durable. It tore apart after the first wash.,2026-06-11
rev_neg_1954,PROD_CLOTH_272,2,"Cannot recommend this product, it lacks standard features.",2026-06-15
rev_pos_267,PROD_CLOTH_105,5,The user interface is so smooth and intuitive. Love it.,2026-06-04
rev_neu_332,PROD_PHONE_391,3,"Average battery life, average display.",2026-06-25
rev_neg_821,PROD_PHONE_292,2,Do not recommend this seller. Poor customer support.,2026-06-14
rev_pos_1029,PROD_LAPTOP_162,4,Excellent value for money. Very durable material.,2026-06-04
rev_neu_221,PROD_CLOTH_338,3,"Decent build, but the software is a bit slow.",2026-06-28
rev_neg_356,PROD_PHONE_291,1,Late delivery and the package arrived damaged.,2026-06-14
rev_neu_952,PROD_BEAUTY_345,3,"Shipping took longer than expected, but product is ok.",2026-06-21
rev_pos_746,PROD_PHONE_176,4,I can't believe how good this is for the price.,2026-06-07
rev_neu_21,PROD_PHONE_316,3,"The package arrived on time, quality is decent.",2026-06-20
rev_pos_976,PROD_CLOTH_160,4,Very satisfied with my purchase. It works perfectly.,2026-06-02
rev_pos_559,PROD_CLOTH_157,4,"Very easy to use, setup was a breeze. Perfect!",2026-06-01
rev_pos_191,PROD_PHONE_156,5,Very robust and stands up to daily wear and tear.,2026-06-02
rev_pos_576,PROD_CLOTH_180,4,Perfect fit and very comfortable to wear.,2026-06-07
rev_neg_669,PROD_BEAUTY_238,2,Never buy this. Waste of time and money.,2026-06-15
rev_neu_797,PROD_CLOTH_318,3,"The quality is passable, nothing to complain about.",2026-06-26
rev_neu_477,PROD_PHONE_345,3,"Some aspects are good, others are quite disappointed.",2026-06-22
rev_neg_191,PROD_BEAUTY_228,2,"No customer support at all, they ignored my emails.",2026-06-11
rev_neg_952,PROD_PHONE_291,1,Never buy this. Waste of time and money.,2026-06-11
rev_pos_916,PROD_PHONE_168,5,"No quality issues, everything is in perfect condition.",2026-06-09
rev_pos_653,PROD_BEAUTY_106,4,"Not bad at all, in fact it is an awsm product.",2026-06-03
rev_neg_904,PROD_BEAUTY_259,2,It has a terrible chemical smell. Returning immediately.,2026-06-15
rev_neg_547,PROD_PHONE_244,2,Horrible experience. The item was missing parts.,2026-06-17
rev_pos_969,PROD_CLOTH_151,5,Beautiful design and great build quality.,2026-06-05
rev_neg_1761,PROD_CLOTH_286,2,"Cannot recommend this product, it lacks standard features.",2026-06-18
rev_neu_869,PROD_PHONE_347,3,"The shipping was ok, product is decent enough.",2026-06-22
rev_pos_1799,PROD_CLOTH_122,4,Not a single issue so far. Very reliable.,2026-06-06
rev_pos_677,PROD_CLOTH_122,5,"Super light, compact, and extremely useful.",2026-06-09
rev_pos_1057,PROD_CLOTH_146,5,The screen display is incredibly clear and beautiful.,2026-06-08
rev_pos_765,PROD_PHONE_141,5,"Works like a charm, would buy again without hesitation.",2026-06-09
rev_neg_673,PROD_CLOTH_282,2,The device keeps flickering and lags constantly. Terrible!,2026-06-12
rev_neu_421,PROD_CLOTH_301,3,"It works as expected, nothing more, nothing less.",2026-06-20
rev_neg_1520,PROD_LAPTOP_292,2,The device keeps flickering and lags constantly. Terrible!,2026-06-16
rev_neg_528,PROD_PHONE_223,2,The worst packaging I have ever seen. Damaged box.,2026-06-15
rev_pos_1540,PROD_BEAUTY_138,4,"Super light, compact, and extremely useful.",2026-06-03
rev_neu_281,PROD_PHONE_323,3,"Nothing special, just a standard item.",2026-06-22
rev_neg_1669,PROD_BEAUTY_252,1,The customer service was extremely rude and unhelpful.,2026-06-17
rev_neg_1292,PROD_LAPTOP_269,2,"Cannot recommend this product, it lacks standard features.",2026-06-14
rev_pos_1617,PROD_CLOTH_173,4,"Not bad at all, in fact it is an awsm product.",2026-06-05
rev_neu_518,PROD_PHONE_302,3,It's fine. It does the job.,2026-06-22
rev_neg_1844,PROD_PHONE_232,1,Very disappointed. It looks nothing like the pictures.,2026-06-15
rev_neu_704,PROD_BEAUTY_308,3,"Just an average device, nothing to write home about.",2026-06-22
rev_neu_610,PROD_PHONE_301,3,"No quality issues, but design is quite boring.",2026-06-25
rev_pos_1319,PROD_BEAUTY_161,5,"Highly recommend this shop, wonderful customer service.",2026-06-02
rev_pos_546,PROD_BEAUTY_103,5,"No quality issues, everything is in perfect condition.",2026-06-04
rev_neg_1985,PROD_BEAUTY_286,1,"Terrible sound, very tinny and muffled.",2026-06-10
rev_neg_296,PROD_PHONE_243,2,"Extremely slow performance, laggy and unusable.",2026-06-12
rev_neg_1557,PROD_CLOTH_230,1,"Extremely noisy, sounds like it's going to explode.",2026-06-16
rev_pos_762,PROD_BEAUTY_197,4,"No defects, clean packaging, and works like a dream.",2026-06-02
rev_pos_163,PROD_BEAUTY_188,4,Fast connection and never disconnects.,2026-06-05
rev_pos_1061,PROD_PHONE_104,4,"No delay in shipping, super happy with the delivery.",2026-06-08
rev_pos_1184,PROD_PHONE_113,5,"Incredibly fast shipping, arrived much earlier than expected.",2026-06-07
rev_pos_1658,PROD_LAPTOP_184,5,Fast connection and never disconnects.,2026-06-06
rev_neg_1525,PROD_PHONE_224,2,Completely useless. Do not waste your hard-earned money.,2026-06-13
rev_neg_316,PROD_BEAUTY_289,2,The device keeps flickering and lags constantly. Terrible!,2026-06-12
rev_pos_861,PROD_LAPTOP_133,4,"Never disappointed with this brand, always top tier.",2026-06-07
rev_pos_545,PROD_BEAUTY_180,4,The software is incredibly fast and responsive.,2026-06-03
rev_neg_795,PROD_CLOTH_239,1,Completely useless. Do not waste your hard-earned money.,2026-06-11
rev_neg_1220,PROD_BEAUTY_221,1,Do not recommend this seller. Poor customer support.,2026-06-17
rev_pos_871,PROD_PHONE_139,5,"No defects, clean packaging, and works like a dream.",2026-06-04
rev_pos_1962,PROD_PHONE_186,4,Great product! The quality is absolutely amazing.,2026-06-06
rev_neg_861,PROD_CLOTH_287,1,"No connectivity, bluetooth keeps dropping.",2026-06-10
rev_neg_472,PROD_BEAUTY_242,1,Very slow shipping and the item is defect.,2026-06-11
rev_neg_893,PROD_LAPTOP_297,1,Very disappointed. It looks nothing like the pictures.,2026-06-10
rev_neg_827,PROD_PHONE_278,1,"No manual included, and setup is impossible.",2026-06-11
rev_pos_588,PROD_PHONE_190,5,"Love the packaging, it was wrapped very nicely.",2026-06-02
rev_neg_1347,PROD_LAPTOP_288,2,Never buy this. Waste of time and money.,2026-06-14
rev_neg_1482,PROD_PHONE_277,2,"Extremely slow performance, laggy and unusable.",2026-06-10
rev_pos_776,PROD_PHONE_188,4,"This phone is gr8, battery life is awesome.",2026-06-02
rev_pos_888,PROD_LAPTOP_146,5,"Wow, this is an absolute game changer!",2026-06-07
rev_pos_990,PROD_PHONE_113,5,"Incredibly fast shipping, arrived much earlier than expected.",2026-06-05
rev_neg_2,PROD_BEAUTY_278,1,Doesn't work. The software crashes every time I open it.,2026-06-14
rev_pos_1771,PROD_LAPTOP_163,4,The user interface is so smooth and intuitive. Love it.,2026-06-07
rev_pos_1474,PROD_BEAUTY_168,4,"Never disappointed with this brand, always top tier.",2026-06-06
rev_neg_471,PROD_PHONE_239,1,"Very cheap plastic, feels like a toy.",2026-06-13
rev_neu_366,PROD_BEAUTY_320,3,"It is a decent product, but has some limitations.",2026-06-27
rev_pos_671,PROD_PHONE_167,4,"Love the packaging, it was wrapped very nicely.",2026-06-08
rev_neg_1864,PROD_BEAUTY_220,1,The screen cracked easily without any drop. Fragile.,2026-06-19
rev_neg_308,PROD_LAPTOP_226,1,The worst packaging I have ever seen. Damaged box.,2026-06-18
rev_pos_410,PROD_CLOTH_198,5,Not a single issue so far. Very reliable.,2026-06-03
rev_neu_916,PROD_LAPTOP_375,3,"It is a decent product, but has some limitations.",2026-06-26
rev_neg_1300,PROD_PHONE_285,2,Terrible product! A complete waste of money.,2026-06-15
rev_pos_24,PROD_CLOTH_114,5,"Wow, this is an absolute game changer!",2026-06-05
rev_neg_1504,PROD_PHONE_271,1,Do not recommend this seller. Poor customer support.,2026-06-17
rev_pos_1000,PROD_CLOTH_136,4,I can't believe how good this is for the price.,2026-06-08
rev_neu_177,PROD_CLOTH_330,3,"The quality is passable, nothing to complain about.",2026-06-23
rev_neu_688,PROD_CLOTH_336,3,It's fine. It does the job.,2026-06-24
rev_pos_363,PROD_LAPTOP_138,4,Very satisfied with my purchase. It works perfectly.,2026-06-03
rev_neg_994,PROD_CLOTH_291,1,Very disappointed. It looks nothing like the pictures.,2026-06-12
rev_neu_405,PROD_LAPTOP_351,3,"Nothing special, just a standard item.",2026-06-28
rev_pos_1941,PROD_PHONE_154,5,Very robust and stands up to daily wear and tear.,2026-06-08
rev_neg_1961,PROD_LAPTOP_285,1,"Extremely slow performance, laggy and unusable.",2026-06-11
rev_pos_1958,PROD_PHONE_153,5,"No regrets buying this, highly recommended.",2026-06-08
rev_neg_842,PROD_BEAUTY_290,1,"Terrible sound, very tinny and muffled.",2026-06-12
rev_neg_1055,PROD_BEAUTY_200,1,Very slow shipping and the item is defect.,2026-06-10
rev_neu_474,PROD_LAPTOP_330,3,"Not bad, but it lacks some advanced features.",2026-06-28
rev_pos_760,PROD_LAPTOP_140,5,Perfect fit and very comfortable to wear.,2026-06-01
rev_neg_1162,PROD_CLOTH_202,2,The camera quality is awful and blurry.,2026-06-17
rev_pos_201,PROD_LAPTOP_122,4,"No defects, clean packaging, and works like a dream.",2026-06-02
rev_pos_1919,PROD_PHONE_168,5,Absolutely love this device. Best purchase of the year!,2026-06-02
rev_neg_812,PROD_BEAUTY_295,2,Not durable. It tore apart after the first wash.,2026-06-14
rev_pos_1532,PROD_BEAUTY_199,4,The screen display is incredibly clear and beautiful.,2026-06-07
rev_pos_28,PROD_CLOTH_162,4,"Wow, this is an absolute game changer!",2026-06-01
rev_neg_240,PROD_CLOTH_200,2,The device keeps flickering and lags constantly. Terrible!,2026-06-16
rev_pos_1621,PROD_LAPTOP_194,4,The user interface is so smooth and intuitive. Love it.,2026-06-08
rev_pos_1884,PROD_BEAUTY_144,5,The sound quality is fantastic and clear.,2026-06-07
rev_neg_291,PROD_LAPTOP_281,2,It has a terrible chemical smell. Returning immediately.,2026-06-19
rev_neu_205,PROD_CLOTH_378,3,The color is slightly different but it works okay.,2026-06-26
rev_neg_569,PROD_PHONE_245,1,"Not worth the money, quality is very poor.",2026-06-10
rev_neu_564,PROD_PHONE_353,3,It's fine. It does the job.,2026-06-27
rev_neu_28,PROD_BEAUTY_325,3,"It works, but nothing outstanding.",2026-06-20
rev_neg_487,PROD_CLOTH_267,2,"No manual included, and setup is impossible.",2026-06-11
rev_neg_922,PROD_LAPTOP_253,1,The customer service was extremely rude and unhelpful.,2026-06-11
rev_pos_1320,PROD_LAPTOP_110,5,Fast connection and never disconnects.,2026-06-09
rev_neg_1609,PROD_LAPTOP_238,1,Never again. This is absolute trash.,2026-06-19
rev_pos_797,PROD_LAPTOP_178,5,"No defects, clean packaging, and works like a dream.",2026-06-07
rev_neu_217,PROD_CLOTH_312,3,It's fine. It does the job.,2026-06-23
rev_neg_268,PROD_LAPTOP_269,1,"Very cheap plastic, feels like a toy.",2026-06-14
rev_neg_1912,PROD_LAPTOP_217,1,"Extremely noisy, sounds like it's going to explode.",2026-06-14
rev_neg_1625,PROD_PHONE_280,1,Very slow shipping and the item is defect.,2026-06-14
rev_neu_909,PROD_LAPTOP_347,3,"Delivery was a bit slow, but the item arrived safe.",2026-06-25
rev_neu_30,PROD_BEAUTY_358,3,"It works as expected, nothing more, nothing less.",2026-06-25
rev_pos_1759,PROD_LAPTOP_168,4,The customer support staff was very helpful and responsive.,2026-06-07
rev_pos_879,PROD_CLOTH_178,5,Perfect fit and very comfortable to wear.,2026-06-05
rev_neu_383,PROD_PHONE_379,3,"Not bad, it is just okay.",2026-06-22
rev_pos_1657,PROD_CLOTH_181,5,"No lag, games run super smooth on it.",2026-06-05
rev_neu_45,PROD_CLOTH_399,3,"No major complaints, but it could be improved.",2026-06-24
rev_neg_1471,PROD_PHONE_249,1,Horrible experience. The item was missing parts.,2026-06-12
rev_neu_652,PROD_BEAUTY_338,3,"No issues so far, but it feels a bit basic.",2026-06-20
rev_neg_1836,PROD_BEAUTY_243,2,"Extremely slow performance, laggy and unusable.",2026-06-12
rev_neu_256,PROD_LAPTOP_379,3,The color is slightly different but it works okay.,2026-06-23
rev_pos_1780,PROD_PHONE_177,4,The customer support staff was very helpful and responsive.,2026-06-02
rev_pos_1629,PROD_CLOTH_171,4,The customer support staff was very helpful and responsive.,2026-06-02
rev_neg_177,PROD_PHONE_208,2,Late delivery and the package arrived damaged.,2026-06-17
rev_neg_357,PROD_CLOTH_269,1,Doesn't work. The software crashes every time I open it.,2026-06-10
rev_neg_610,PROD_LAPTOP_258,1,Very disappointed. It looks nothing like the pictures.,2026-06-15
rev_neu_739,PROD_BEAUTY_370,3,"The quality is passable, nothing to complain about.",2026-06-22
rev_neg_1819,PROD_PHONE_249,2,This is a scam. It does not work at all.,2026-06-10
rev_neg_633,PROD_CLOTH_218,1,Very disappointed with the hardware quality. It broke on day one.,2026-06-19
rev_neg_1106,PROD_LAPTOP_257,1,"Fake item, a complete scam. Do not buy!",2026-06-18
rev_pos_327,PROD_CLOTH_130,4,"Outstanding performance, it exceeded my expectations.",2026-06-02
rev_neg_1011,PROD_PHONE_265,2,Never again. This is absolute trash.,2026-06-10
rev_neg_1823,PROD_BEAUTY_275,1,Terrible product! A complete waste of money.,2026-06-18
rev_neg_345,PROD_CLOTH_243,1,"Fake item, a complete scam. Do not buy!",2026-06-19
rev_pos_504,PROD_CLOTH_157,4,Highly functional and has zero flaws.,2026-06-08
rev_pos_1885,PROD_CLOTH_136,4,"No complaints here, works exactly as described.",2026-06-04
rev_neg_960,PROD_LAPTOP_254,2,"No connectivity, bluetooth keeps dropping.",2026-06-14
rev_pos_1307,PROD_BEAUTY_106,5,Absolutely love this device. Best purchase of the year!,2026-06-07
rev_pos_222,PROD_CLOTH_178,4,"No regrets buying this, highly recommended.",2026-06-04
rev_neg_390,PROD_BEAUTY_248,2,Not durable. It tore apart after the first wash.,2026-06-15
rev_neu_878,PROD_PHONE_343,3,"It works as expected, nothing more, nothing less.",2026-06-20
rev_neg_1759,PROD_BEAUTY_214,1,Doesn't work. The software crashes every time I open it.,2026-06-15
rev_neg_1846,PROD_CLOTH_279,1,It stopped working after just a few days of light usage.,2026-06-13
rev_neg_844,PROD_CLOTH_237,1,Late delivery and the package arrived damaged.,2026-06-11
rev_pos_1310,PROD_LAPTOP_142,5,"Outstanding performance, it exceeded my expectations.",2026-06-03
rev_neu_6,PROD_LAPTOP_390,3,"Decent build, but the software is a bit slow.",2026-06-21
rev_neu_715,PROD_BEAUTY_394,3,"The product is okay, does the job but nothing special.",2026-06-26
rev_pos_397,PROD_CLOTH_183,5,"Incredibly fast shipping, arrived much earlier than expected.",2026-06-04
rev_pos_875,PROD_PHONE_137,5,Extremely pleased with how fast this works.,2026-06-02
rev_neu_415,PROD_PHONE_398,3,"It is average. Some days it is fast, some days it is slow.",2026-06-23
rev_neg_1052,PROD_PHONE_273,1,"Poor battery life, won't even last half a day.",2026-06-10
rev_neg_997,PROD_CLOTH_240,1,"The sizing is completely wrong, way too small.",2026-06-17
rev_neu_236,PROD_BEAUTY_349,3,It is alright for the price point.,2026-06-23
rev_pos_1537,PROD_BEAUTY_180,4,Simply the best one on the market right now.,2026-06-07
rev_neg_906,PROD_LAPTOP_291,1,The setup was extremely hard and frustrating.,2026-06-13
rev_pos_231,PROD_PHONE_158,4,"No delay in shipping, super happy with the delivery.",2026-06-02
rev_pos_1086,PROD_LAPTOP_169,4,The screen display is incredibly clear and beautiful.,2026-06-09
rev_neg_323,PROD_PHONE_240,2,"Cannot recommend this product, it lacks standard features.",2026-06-15
rev_pos_1811,PROD_BEAUTY_108,4,Great product! The quality is absolutely amazing.,2026-06-04
rev_pos_1259,PROD_CLOTH_122,5,Very satisfied with my purchase. It works perfectly.,2026-06-08
rev_pos_1336,PROD_CLOTH_157,5,"Not bad at all, in fact it is an awsm product.",2026-06-06
rev_neg_419,PROD_LAPTOP_214,1,Never again. This is absolute trash.,2026-06-14
rev_pos_1004,PROD_LAPTOP_120,5,"Super light, compact, and extremely useful.",2026-06-07
rev_pos_856,PROD_PHONE_121,4,Highly functional and has zero flaws.,2026-06-09
rev_pos_307,PROD_BEAUTY_159,5,"Works like a charm, would buy again without hesitation.",2026-06-05
rev_pos_1237,PROD_PHONE_143,4,Perfect fit and very comfortable to wear.,2026-06-02
rev_pos_1047,PROD_BEAUTY_147,5,Very satisfied with my purchase. It works perfectly.,2026-06-01
rev_pos_734,PROD_CLOTH_144,5,"No quality issues, everything is in perfect condition.",2026-06-03
rev_pos_528,PROD_CLOTH_188,5,The screen display is incredibly clear and beautiful.,2026-06-02
rev_neu_96,PROD_CLOTH_334,3,"Okay for the price, but don't expect miracles.",2026-06-27
rev_neu_411,PROD_LAPTOP_358,3,"It is a decent product, but has some limitations.",2026-06-20
rev_neg_343,PROD_LAPTOP_248,2,The camera quality is awful and blurry.,2026-06-17
rev_pos_1802,PROD_CLOTH_130,4,"No lag, games run super smooth on it.",2026-06-07
rev_neg_156,PROD_PHONE_274,2,"No customer support at all, they ignored my emails.",2026-06-19
rev_pos_1420,PROD_BEAUTY_192,4,"Not bad at all, in fact it is an awsm product.",2026-06-08
rev_neu_834,PROD_CLOTH_390,3,"No major complaints, but it could be improved.",2026-06-27
rev_neu_311,PROD_LAPTOP_376,3,"Okay for basic usage, but not for heavy tasks.",2026-06-25
rev_neu_958,PROD_LAPTOP_351,3,"Decent build, but the software is a bit slow.",2026-06-22
rev_neu_283,PROD_BEAUTY_397,3,"Neither great nor terrible, just in the middle.",2026-06-28
rev_neg_1313,PROD_CLOTH_215,2,Doesn't work. The software crashes every time I open it.,2026-06-12
rev_neg_35,PROD_LAPTOP_298,1,It stopped working after just a few days of light usage.,2026-06-16
rev_pos_1733,PROD_CLOTH_163,5,"Super light, compact, and extremely useful.",2026-06-06
rev_pos_369,PROD_LAPTOP_198,5,"No defects, clean packaging, and works like a dream.",2026-06-07
rev_neg_1895,PROD_BEAUTY_280,2,The camera quality is awful and blurry.,2026-06-18
rev_neg_600,PROD_CLOTH_298,2,"Poor battery life, won't even last half a day.",2026-06-15
rev_neg_973,PROD_PHONE_255,2,Not recommended. The product has major design flaws.,2026-06-12
rev_neg_782,PROD_BEAUTY_277,2,Worst experience ever. The battery drains in two hours.,2026-06-18
rev_pos_943,PROD_BEAUTY_151,4,"Love the packaging, it was wrapped very nicely.",2026-06-01
rev_pos_1807,PROD_CLOTH_196,5,I can't believe how good this is for the price.,2026-06-01
rev_pos_277,PROD_BEAUTY_175,4,"This phone is gr8, battery life is awesome.",2026-06-07
rev_neu_627,PROD_LAPTOP_323,3,"Average performance, nothing special about it.",2026-06-25
rev_neg_788,PROD_PHONE_280,1,The setup was extremely hard and frustrating.,2026-06-15
rev_pos_815,PROD_LAPTOP_100,4,"Not bad at all, in fact it is an awsm product.",2026-06-06
rev_neu_485,PROD_LAPTOP_337,3,"Decent build, but the software is a bit slow.",2026-06-24
rev_pos_1533,PROD_PHONE_138,4,The user interface is so smooth and intuitive. Love it.,2026-06-08
rev_pos_290,PROD_PHONE_157,4,Very robust and stands up to daily wear and tear.,2026-06-02
rev_neu_151,PROD_BEAUTY_384,3,"Some aspects are good, others are quite disappointed.",2026-06-20
rev_pos_1495,PROD_CLOTH_119,5,"No lag, games run super smooth on it.",2026-06-02
rev_neg_64,PROD_CLOTH_224,1,Horrible experience. The item was missing parts.,2026-06-18
rev_neu_823,PROD_LAPTOP_337,3,Average quality for the price. Not bad but not great.,2026-06-24
rev_neu_658,PROD_PHONE_328,3,"The price is fair, but usability is just okay.",2026-06-28
rev_neu_484,PROD_PHONE_345,3,It's fine. It does the job.,2026-06-26
rev_pos_1447,PROD_BEAUTY_112,4,Highly functional and has zero flaws.,2026-06-04
rev_pos_805,PROD_BEAUTY_121,5,Very robust and stands up to daily wear and tear.,2026-06-02
rev_pos_536,PROD_LAPTOP_157,4,"Never disappointed with this brand, always top tier.",2026-06-06
rev_neu_120,PROD_LAPTOP_389,3,"It works as expected, nothing more, nothing less.",2026-06-23
rev_neu_27,PROD_CLOTH_306,3,"The quality is passable, nothing to complain about.",2026-06-26
rev_neg_1774,PROD_BEAUTY_202,1,It has a terrible chemical smell. Returning immediately.,2026-06-19
rev_neg_1693,PROD_BEAUTY_292,1,The customer service was extremely rude and unhelpful.,2026-06-11
rev_pos_1726,PROD_CLOTH_174,5,Perfect fit and very comfortable to wear.,2026-06-07
rev_neg_1103,PROD_PHONE_208,2,The camera quality is awful and blurry.,2026-06-11
rev_pos_631,PROD_CLOTH_181,4,"Incredibly fast shipping, arrived much earlier than expected.",2026-06-01
rev_neg_622,PROD_CLOTH_252,1,Poor packaging and the item was broken inside.,2026-06-15
rev_neg_1537,PROD_BEAUTY_235,1,Late delivery and the package arrived damaged.,2026-06-14
rev_pos_1838,PROD_LAPTOP_195,5,Excellent value for money. Very durable material.,2026-06-07
rev_pos_1213,PROD_LAPTOP_124,5,"No quality issues, everything is in perfect condition.",2026-06-09
rev_neu_321,PROD_BEAUTY_331,3,"The shipping was ok, product is decent enough.",2026-06-27
rev_pos_1833,PROD_LAPTOP_101,4,"Never disappointed with this brand, always top tier.",2026-06-02
rev_pos_124,PROD_PHONE_139,4,"Not cheap, but totally worth every single penny.",2026-06-07
rev_pos_1732,PROD_BEAUTY_157,5,The software is incredibly fast and responsive.,2026-06-08
rev_neu_941,PROD_CLOTH_326,3,"The battery is okay, screen is average.",2026-06-22
rev_pos_1268,PROD_CLOTH_142,4,"No regrets buying this, highly recommended.",2026-06-05
rev_neu_768,PROD_LAPTOP_397,3,"Neither great nor terrible, just in the middle.",2026-06-25
rev_neg_1442,PROD_LAPTOP_297,1,The setup was extremely hard and frustrating.,2026-06-15
rev_neu_343,PROD_BEAUTY_395,3,"Average performance, nothing special about it.",2026-06-24
rev_neg_1321,PROD_LAPTOP_210,1,Doesn't work. The software crashes every time I open it.,2026-06-15
rev_pos_420,PROD_LAPTOP_104,5,"No quality issues, everything is in perfect condition.",2026-06-07
rev_neu_436,PROD_PHONE_348,3,"No major complaints, but it could be improved.",2026-06-22
rev_neg_1324,PROD_PHONE_287,2,"Extremely bad design, hard to hold and uncomfortable.",2026-06-18
rev_neg_1971,PROD_PHONE_250,1,The screen cracked easily without any drop. Fragile.,2026-06-19
rev_pos_961,PROD_LAPTOP_196,5,"No delay in shipping, super happy with the delivery.",2026-06-03
rev_neu_743,PROD_BEAUTY_384,3,Average quality for the price. Not bad but not great.,2026-06-24
rev_pos_1556,PROD_LAPTOP_111,5,It is an awesome product. I will buy it again.,2026-06-05
rev_neu_657,PROD_BEAUTY_305,3,"The design is simple, functionality is average.",2026-06-28
rev_neu_357,PROD_PHONE_307,3,"The price is fair, but usability is just okay.",2026-06-20
rev_neu_247,PROD_PHONE_319,3,"Neither great nor terrible, just in the middle.",2026-06-21
rev_pos_214,PROD_CLOTH_141,4,"Very easy to use, setup was a breeze. Perfect!",2026-06-07
rev_neg_27,PROD_PHONE_246,2,Do not recommend this seller. Poor customer support.,2026-06-11
rev_neu_558,PROD_PHONE_333,3,"Okay for basic usage, but not for heavy tasks.",2026-06-22
rev_neg_20,PROD_LAPTOP_207,1,"Very cheap plastic, feels like a toy.",2026-06-18
rev_pos_505,PROD_BEAUTY_155,5,"Love the packaging, it was wrapped very nicely.",2026-06-03
rev_pos_611,PROD_LAPTOP_111,4,It is an awesome product. I will buy it again.,2026-06-07
rev_pos_1519,PROD_BEAUTY_158,5,Fast connection and never disconnects.,2026-06-08
rev_neu_201,PROD_CLOTH_344,3,"Some aspects are good, others are quite disappointed.",2026-06-21
rev_neg_1253,PROD_PHONE_207,1,Very expensive for such cheap material. Disappointed.,2026-06-19
rev_neg_445,PROD_CLOTH_254,2,"Very cheap plastic, feels like a toy.",2026-06-11
rev_pos_687,PROD_BEAUTY_148,5,The customer support staff was very helpful and responsive.,2026-06-06
rev_neg_1551,PROD_LAPTOP_210,2,Terrible product! A complete waste of money.,2026-06-12
rev_neu_307,PROD_PHONE_347,3,"The price is fair, but usability is just okay.",2026-06-26
rev_pos_1663,PROD_BEAUTY_186,4,"Wow, this is an absolute game changer!",2026-06-02
rev_neu_363,PROD_PHONE_345,3,"It is okay. Not the best, but not the worst.",2026-06-28
rev_pos_1630,PROD_LAPTOP_179,4,Extremely pleased with how fast this works.,2026-06-09
rev_pos_1352,PROD_PHONE_185,4,"No quality issues, everything is in perfect condition.",2026-06-06
rev_neg_1121,PROD_LAPTOP_261,1,Horrible experience. The item was missing parts.,2026-06-19
rev_pos_1159,PROD_BEAUTY_160,5,The sound quality is fantastic and clear.,2026-06-01
rev_neg_1462,PROD_LAPTOP_292,1,"Poor battery life, won't even last half a day.",2026-06-12
rev_neg_1436,PROD_BEAUTY_248,1,Very disappointed with the hardware quality. It broke on day one.,2026-06-14
rev_neg_1630,PROD_LAPTOP_223,2,"Fake item, a complete scam. Do not buy!",2026-06-15
rev_pos_1160,PROD_LAPTOP_180,5,"Very easy to use, setup was a breeze. Perfect!",2026-06-08
rev_pos_865,PROD_CLOTH_187,4,"Outstanding performance, it exceeded my expectations.",2026-06-05
rev_neg_168,PROD_BEAUTY_236,1,Never buy this. Waste of time and money.,2026-06-19
rev_neu_607,PROD_CLOTH_399,3,"Delivery was a bit slow, but the item arrived safe.",2026-06-23
rev_neg_577,PROD_PHONE_224,2,"Fake item, a complete scam. Do not buy!",2026-06-19
rev_neu_647,PROD_PHONE_364,3,It is fine. Just an average smartphone.,2026-06-28
rev_neu_605,PROD_BEAUTY_388,3,"It is a decent product, but has some limitations.",2026-06-22
rev_neg_438,PROD_CLOTH_295,1,"Extremely bad design, hard to hold and uncomfortable.",2026-06-11
rev_neg_244,PROD_PHONE_260,1,Never again. This is absolute trash.,2026-06-15
rev_neg_942,PROD_LAPTOP_244,2,"Poor battery life, won't even last half a day.",2026-06-14
rev_pos_494,PROD_PHONE_181,5,Extremely pleased with how fast this works.,2026-06-01
rev_neu_603,PROD_BEAUTY_327,3,"The battery is okay, screen is average.",2026-06-20
rev_neg_583,PROD_CLOTH_234,1,"Poor battery life, won't even last half a day.",2026-06-17
rev_pos_66,PROD_PHONE_181,4,"Never disappointed with this brand, always top tier.",2026-06-07
rev_neu_254,PROD_LAPTOP_357,3,"Nothing special, just a standard item.",2026-06-25
rev_pos_509,PROD_PHONE_139,4,"This phone is gr8, battery life is awesome.",2026-06-08
rev_pos_370,PROD_BEAUTY_180,4,"No lag, games run super smooth on it.",2026-06-09
rev_neg_104,PROD_LAPTOP_289,2,"Very cheap plastic, feels like a toy.",2026-06-16
rev_pos_922,PROD_CLOTH_124,5,Very bright display and the colors are vibrant.,2026-06-01
rev_pos_1349,PROD_LAPTOP_122,5,"Wow, this is an absolute game changer!",2026-06-03
rev_neg_1791,PROD_LAPTOP_289,2,Doesn't work. The software crashes every time I open it.,2026-06-19
rev_neu_588,PROD_CLOTH_397,3,"The product is okay, does the job but nothing special.",2026-06-24
rev_neg_840,PROD_LAPTOP_268,2,Very slow shipping and the item is defect.,2026-06-13
rev_pos_1153,PROD_LAPTOP_178,4,The software is incredibly fast and responsive.,2026-06-07
rev_neu_727,PROD_BEAUTY_300,3,"It is a decent product, but has some limitations.",2026-06-28
rev_neg_1942,PROD_CLOTH_290,2,It has a terrible chemical smell. Returning immediately.,2026-06-10
rev_neu_546,PROD_BEAUTY_386,3,"Not bad, it is just okay.",2026-06-20
rev_neg_1060,PROD_BEAUTY_247,1,"Poor battery life, won't even last half a day.",2026-06-17
rev_pos_1170,PROD_BEAUTY_164,4,Very robust and stands up to daily wear and tear.,2026-06-03
rev_pos_1306,PROD_LAPTOP_148,5,It is an awesome product. I will buy it again.,2026-06-04
rev_neu_789,PROD_BEAUTY_323,3,"Okay for basic usage, but not for heavy tasks.",2026-06-22
rev_pos_561,PROD_BEAUTY_187,5,Not a single issue so far. Very reliable.,2026-06-08
rev_neg_1898,PROD_CLOTH_265,2,"Extremely noisy, sounds like it's going to explode.",2026-06-15
rev_neu_192,PROD_CLOTH_304,3,"It works, but nothing outstanding.",2026-06-20
rev_neg_581,PROD_LAPTOP_286,2,Horrible experience. The item was missing parts.,2026-06-14
rev_neu_378,PROD_PHONE_367,3,"Okay for the price, but don't expect miracles.",2026-06-27
rev_pos_1119,PROD_BEAUTY_194,4,"Highly recommend this shop, wonderful customer service.",2026-06-01
rev_neg_1323,PROD_LAPTOP_221,1,"Very cheap plastic, feels like a toy.",2026-06-18
rev_neu_501,PROD_CLOTH_399,3,"It is okay. Not the best, but not the worst.",2026-06-27
rev_pos_1317,PROD_LAPTOP_173,4,"Super light, compact, and extremely useful.",2026-06-01
rev_neg_709,PROD_LAPTOP_254,2,Very slow shipping and the item is defect.,2026-06-14
rev_pos_1209,PROD_PHONE_190,4,Simply the best one on the market right now.,2026-06-09
rev_neg_1827,PROD_CLOTH_221,2,This is a scam. It does not work at all.,2026-06-16
rev_neg_19,PROD_LAPTOP_239,2,"Very cheap plastic, feels like a toy.",2026-06-15
rev_neu_396,PROD_LAPTOP_397,3,"Decent build, but the software is a bit slow.",2026-06-26
rev_neu_159,PROD_BEAUTY_334,3,"Nothing special, just a standard item.",2026-06-20
rev_neu_578,PROD_BEAUTY_336,3,"Okay for basic usage, but not for heavy tasks.",2026-06-27
rev_neu_921,PROD_BEAUTY_340,3,"Decent packaging, product performs averagely.",2026-06-22
rev_pos_1898,PROD_LAPTOP_102,5,"Not bad at all, in fact it is an awsm product.",2026-06-08
rev_neg_1960,PROD_PHONE_245,2,This is a scam. It does not work at all.,2026-06-19
rev_neg_1535,PROD_LAPTOP_274,1,Not durable. It tore apart after the first wash.,2026-06-15
rev_neu_453,PROD_LAPTOP_381,3,"Not bad, it is just okay.",2026-06-27
rev_pos_176,PROD_CLOTH_170,4,Very satisfied with my purchase. It works perfectly.,2026-06-03
rev_pos_1762,PROD_LAPTOP_164,5,The customer support staff was very helpful and responsive.,2026-06-08
rev_neu_969,PROD_PHONE_336,3,"The design is simple, functionality is average.",2026-06-22
rev_neg_935,PROD_LAPTOP_289,1,The customer service was extremely rude and unhelpful.,2026-06-14
rev_neg_552,PROD_PHONE_243,2,"Not worth the money, quality is very poor.",2026-06-16
rev_pos_202,PROD_LAPTOP_163,5,"No lag, games run super smooth on it.",2026-06-03
rev_pos_170,PROD_CLOTH_141,5,"Outstanding performance, it exceeded my expectations.",2026-06-02
rev_neu_288,PROD_BEAUTY_365,3,"Just an average device, nothing to write home about.",2026-06-20
rev_pos_1529,PROD_CLOTH_141,4,The screen display is incredibly clear and beautiful.,2026-06-01
rev_pos_918,PROD_BEAUTY_166,4,Very bright display and the colors are vibrant.,2026-06-07
rev_pos_1894,PROD_PHONE_130,4,It is an awesome product. I will buy it again.,2026-06-07
rev_neg_1003,PROD_BEAUTY_299,2,"Fake item, a complete scam. Do not buy!",2026-06-12
rev_neg_1829,PROD_LAPTOP_294,2,The setup was extremely hard and frustrating.,2026-06-17
rev_neg_1039,PROD_LAPTOP_209,2,"The sizing is completely wrong, way too small.",2026-06-19
rev_neg_1768,PROD_CLOTH_213,1,Terrible product! A complete waste of money.,2026-06-16
rev_pos_1638,PROD_CLOTH_118,4,"This phone is gr8, battery life is awesome.",2026-06-03
rev_pos_1294,PROD_LAPTOP_191,4,"No lag, games run super smooth on it.",2026-06-08
rev_neu_167,PROD_CLOTH_309,3,"It works fine, but I expected more from this brand.",2026-06-23
rev_neg_148,PROD_LAPTOP_266,1,"Very cheap plastic, feels like a toy.",2026-06-14
rev_pos_190,PROD_BEAUTY_104,4,Not a single issue so far. Very reliable.,2026-06-03
rev_pos_1108,PROD_LAPTOP_103,4,"This phone is gr8, battery life is awesome.",2026-06-05
rev_neg_988,PROD_CLOTH_289,2,"No customer support at all, they ignored my emails.",2026-06-13
rev_pos_1172,PROD_LAPTOP_198,5,"Not cheap, but totally worth every single penny.",2026-06-02
rev_pos_236,PROD_LAPTOP_114,5,"Wow, this is an absolute game changer!",2026-06-01
rev_pos_1943,PROD_CLOTH_138,4,It is an awesome product. I will buy it again.,2026-06-08
rev_neu_782,PROD_PHONE_368,3,"Standard product, does exactly what is advertised.",2026-06-23
rev_pos_1350,PROD_PHONE_105,4,The customer support staff was very helpful and responsive.,2026-06-06
rev_neu_438,PROD_BEAUTY_361,3,"It's decent, fits the description but nothing exciting.",2026-06-22
rev_pos_358,PROD_PHONE_139,4,"No lag, games run super smooth on it.",2026-06-07
rev_pos_1772,PROD_CLOTH_109,4,Extremely pleased with how fast this works.,2026-06-02
rev_neu_973,PROD_CLOTH_343,3,"The product is okay, does the job but nothing special.",2026-06-20
rev_pos_988,PROD_LAPTOP_150,4,No problems at all. Solid hardware and easy to setup.,2026-06-02
rev_pos_65,PROD_CLOTH_164,4,The sound quality is fantastic and clear.,2026-06-08
rev_neg_178,PROD_CLOTH_235,2,Worst experience ever. The battery drains in two hours.,2026-06-15
rev_neg_1513,PROD_PHONE_206,2,"No response from support, and return policy is a lie.",2026-06-11
rev_pos_718,PROD_BEAUTY_133,5,The user interface is so smooth and intuitive. Love it.,2026-06-07
rev_pos_1058,PROD_PHONE_192,5,Fast connection and never disconnects.,2026-06-01
rev_pos_360,PROD_PHONE_157,5,"Very easy to use, setup was a breeze. Perfect!",2026-06-08
rev_neg_1038,PROD_LAPTOP_262,2,"Extremely noisy, sounds like it's going to explode.",2026-06-17
rev_pos_68,PROD_BEAUTY_170,4,"Never disappointed with this brand, always top tier.",2026-06-07
rev_neg_1555,PROD_PHONE_266,1,Not recommended. The product has major design flaws.,2026-06-12
rev_pos_1955,PROD_LAPTOP_114,5,Great product! The quality is absolutely amazing.,2026-06-04
rev_neg_1242,PROD_PHONE_221,1,"Terrible sound, very tinny and muffled.",2026-06-14
rev_neu_890,PROD_LAPTOP_373,3,"No issues so far, but it feels a bit basic.",2026-06-21
rev_pos_340,PROD_BEAUTY_121,5,"Not cheap, but totally worth every single penny.",2026-06-08
rev_pos_1937,PROD_BEAUTY_101,4,"Wow, this is an absolute game changer!",2026-06-04
rev_neg_1222,PROD_CLOTH_273,2,"Extremely slow performance, laggy and unusable.",2026-06-18
rev_neu_365,PROD_PHONE_307,3,It's fine. It does the job.,2026-06-27
rev_neg_708,PROD_CLOTH_229,2,Do not recommend this seller. Poor customer support.,2026-06-13
rev_pos_396,PROD_PHONE_153,5,Simply the best one on the market right now.,2026-06-05
rev_neg_1287,PROD_PHONE_209,2,Never again. This is absolute trash.,2026-06-12
rev_neg_1180,PROD_LAPTOP_230,2,"Very cheap plastic, feels like a toy.",2026-06-10
rev_pos_1770,PROD_CLOTH_180,4,It is an awesome product. I will buy it again.,2026-06-09
rev_neu_593,PROD_CLOTH_312,3,"It's decent, fits the description but nothing exciting.",2026-06-22
rev_neg_1673,PROD_LAPTOP_292,2,Late delivery and the package arrived damaged.,2026-06-15
rev_neg_1982,PROD_LAPTOP_284,1,"Cannot recommend this product, it lacks standard features.",2026-06-19
rev_neu_585,PROD_PHONE_383,3,"It works, but nothing outstanding.",2026-06-22
rev_pos_1062,PROD_LAPTOP_133,4,"Outstanding performance, it exceeded my expectations.",2026-06-06
rev_pos_134,PROD_LAPTOP_162,5,Perfect fit and very comfortable to wear.,2026-06-04
rev_neg_467,PROD_LAPTOP_278,2,Very expensive for such cheap material. Disappointed.,2026-06-15
rev_neu_573,PROD_PHONE_396,3,"Just an average device, nothing to write home about.",2026-06-26
rev_neg_1148,PROD_PHONE_284,1,The camera quality is awful and blurry.,2026-06-19
rev_pos_1129,PROD_BEAUTY_193,4,Simply the best one on the market right now.,2026-06-09
rev_pos_111,PROD_BEAUTY_128,4,Very bright display and the colors are vibrant.,2026-06-05
rev_neu_714,PROD_CLOTH_368,3,Average quality for the price. Not bad but not great.,2026-06-25
rev_neu_180,PROD_CLOTH_324,3,"Nothing special, just a standard item.",2026-06-20
rev_neu_896,PROD_BEAUTY_333,3,"Shipping took longer than expected, but product is ok.",2026-06-25
rev_neg_1079,PROD_BEAUTY_247,2,"Not worth the money, quality is very poor.",2026-06-13
rev_neg_676,PROD_BEAUTY_241,2,It stopped working after just a few days of light usage.,2026-06-18
rev_neg_33,PROD_BEAUTY_208,2,Very disappointed. It looks nothing like the pictures.,2026-06-11
rev_pos_1472,PROD_LAPTOP_118,5,It is an awesome product. I will buy it again.,2026-06-02
rev_neg_1337,PROD_LAPTOP_292,1,It has a terrible chemical smell. Returning immediately.,2026-06-11
rev_pos_1083,PROD_LAPTOP_179,4,"Not bad at all, in fact it is an awsm product.",2026-06-03
rev_neu_494,PROD_LAPTOP_387,3,"No quality issues, but design is quite boring.",2026-06-25
rev_neg_1174,PROD_PHONE_290,1,The device keeps flickering and lags constantly. Terrible!,2026-06-12
rev_neg_1980,PROD_LAPTOP_250,2,It stopped working after just a few days of light usage.,2026-06-12
rev_neg_1450,PROD_CLOTH_249,2,"No connectivity, bluetooth keeps dropping.",2026-06-11
rev_neg_230,PROD_LAPTOP_295,2,The camera quality is awful and blurry.,2026-06-11
rev_pos_1997,PROD_LAPTOP_128,4,Extremely pleased with how fast this works.,2026-06-01
rev_neu_636,PROD_BEAUTY_377,3,"No issues so far, but it feels a bit basic.",2026-06-24
rev_neu_300,PROD_BEAUTY_322,3,"Just an average device, nothing to write home about.",2026-06-26
rev_neg_1198,PROD_BEAUTY_231,2,This is a scam. It does not work at all.,2026-06-12
rev_neg_369,PROD_BEAUTY_284,1,Doesn't charge at all. Broken charging port.,2026-06-18
rev_neu_716,PROD_CLOTH_328,3,"Not bad, but not particularly good either.",2026-06-24
rev_neg_1635,PROD_BEAUTY_206,1,"Extremely bad design, hard to hold and uncomfortable.",2026-06-18
rev_pos_654,PROD_BEAUTY_163,5,"No defects, clean packaging, and works like a dream.",2026-06-01
rev_pos_1611,PROD_LAPTOP_157,5,"Very easy to use, setup was a breeze. Perfect!",2026-06-02
rev_pos_1127,PROD_CLOTH_141,4,The software is incredibly fast and responsive.,2026-06-03
rev_pos_464,PROD_PHONE_171,5,Excellent value for money. Very durable material.,2026-06-07
rev_neu_385,PROD_PHONE_345,3,"Okay for the price, but don't expect miracles.",2026-06-26
rev_neg_427,PROD_LAPTOP_243,2,"No customer support at all, they ignored my emails.",2026-06-10
rev_neu_918,PROD_LAPTOP_315,3,"It is average. Some days it is fast, some days it is slow.",2026-06-22
rev_neu_848,PROD_PHONE_388,3,"Some aspects are good, others are quite disappointed.",2026-06-25
rev_neg_233,PROD_BEAUTY_235,2,The worst packaging I have ever seen. Damaged box.,2026-06-14
rev_neg_1910,PROD_PHONE_208,1,"Terrible sound, very tinny and muffled.",2026-06-16
rev_neu_670,PROD_PHONE_349,3,"Shipping took longer than expected, but product is ok.",2026-06-22
rev_pos_57,PROD_BEAUTY_116,5,It is an awesome product. I will buy it again.,2026-06-05
rev_neu_320,PROD_CLOTH_340,3,"It works fine, but I expected more from this brand.",2026-06-26
rev_pos_1850,PROD_PHONE_127,4,"Great customer service, they resolved my issue in minutes.",2026-06-09
rev_neg_568,PROD_PHONE_257,2,"No manual included, and setup is impossible.",2026-06-15
rev_pos_148,PROD_CLOTH_160,4,"This phone is gr8, battery life is awesome.",2026-06-08
rev_neu_447,PROD_LAPTOP_340,3,"No quality issues, but design is quite boring.",2026-06-20
rev_pos_1301,PROD_BEAUTY_105,5,"Never disappointed with this brand, always top tier.",2026-06-02
rev_neg_1725,PROD_PHONE_214,1,Not durable. It tore apart after the first wash.,2026-06-10
rev_neu_589,PROD_PHONE_307,3,"Not bad, but it lacks some advanced features.",2026-06-27
rev_pos_264,PROD_PHONE_134,4,"No lag, games run super smooth on it.",2026-06-08
rev_neu_521,PROD_BEAUTY_374,3,"Not bad, but not particularly good either.",2026-06-23
rev_pos_912,PROD_CLOTH_121,4,"Great customer service, they resolved my issue in minutes.",2026-06-06
rev_pos_977,PROD_CLOTH_146,5,Fast connection and never disconnects.,2026-06-06
rev_pos_1527,PROD_PHONE_142,5,The software is incredibly fast and responsive.,2026-06-01
rev_pos_1974,PROD_PHONE_134,5,Very satisfied with my purchase. It works perfectly.,2026-06-06
rev_neu_871,PROD_LAPTOP_323,3,"Okay for basic usage, but not for heavy tasks.",2026-06-20
rev_pos_1335,PROD_BEAUTY_164,5,"Outstanding performance, it exceeded my expectations.",2026-06-09
rev_neg_809,PROD_CLOTH_231,1,Very expensive for such cheap material. Disappointed.,2026-06-10
rev_pos_385,PROD_BEAUTY_146,5,"Never disappointed with this brand, always top tier.",2026-06-01
rev_neg_773,PROD_PHONE_248,2,The worst packaging I have ever seen. Damaged box.,2026-06-14
rev_neg_258,PROD_PHONE_207,1,"Extremely noisy, sounds like it's going to explode.",2026-06-14
rev_neu_960,PROD_LAPTOP_346,3,"The package arrived on time, quality is decent.",2026-06-24
rev_pos_788,PROD_BEAUTY_137,4,"Never disappointed with this brand, always top tier.",2026-06-05
rev_pos_821,PROD_LAPTOP_163,5,Fast connection and never disconnects.,2026-06-01
rev_neg_1101,PROD_CLOTH_281,1,The camera quality is awful and blurry.,2026-06-18
rev_neg_1193,PROD_LAPTOP_204,2,The customer service was extremely rude and unhelpful.,2026-06-13
rev_pos_1189,PROD_LAPTOP_128,5,The software is incredibly fast and responsive.,2026-06-03
rev_pos_1635,PROD_BEAUTY_102,4,"No complaints here, works exactly as described.",2026-06-06
rev_pos_752,PROD_LAPTOP_187,5,"Very easy to use, setup was a breeze. Perfect!",2026-06-06
rev_pos_646,PROD_CLOTH_150,4,No problems at all. Solid hardware and easy to setup.,2026-06-09
rev_neu_554,PROD_BEAUTY_341,3,"It's decent, fits the description but nothing exciting.",2026-06-23
rev_neg_311,PROD_BEAUTY_216,1,Horrible experience. The item was missing parts.,2026-06-14
rev_pos_759,PROD_LAPTOP_199,5,Excellent value for money. Very durable material.,2026-06-02
rev_pos_962,PROD_BEAUTY_169,5,Very satisfied with my purchase. It works perfectly.,2026-06-01
rev_pos_336,PROD_CLOTH_123,5,Fast connection and never disconnects.,2026-06-08
rev_pos_1377,PROD_BEAUTY_122,5,"Not bad at all, in fact it is an awsm product.",2026-06-08
rev_neu_223,PROD_CLOTH_360,3,"Okay packaging, shipping was standard.",2026-06-22
rev_neg_1956,PROD_PHONE_243,2,"Fake item, a complete scam. Do not buy!",2026-06-13
rev_neu_141,PROD_LAPTOP_379,3,"Neither great nor terrible, just in the middle.",2026-06-25
rev_neu_665,PROD_BEAUTY_331,3,"It is okay. Not the best, but not the worst.",2026-06-24
rev_neg_1992,PROD_BEAUTY_239,1,"Fake item, a complete scam. Do not buy!",2026-06-12
rev_neg_1538,PROD_BEAUTY_226,1,The device keeps flickering and lags constantly. Terrible!,2026-06-14
rev_pos_437,PROD_CLOTH_109,5,I can't believe how good this is for the price.,2026-06-02
rev_neu_155,PROD_PHONE_346,3,"Decent build, but the software is a bit slow.",2026-06-25
rev_neu_121,PROD_LAPTOP_300,3,The color is slightly different but it works okay.,2026-06-24
rev_pos_169,PROD_BEAUTY_111,5,"Great customer service, they resolved my issue in minutes.",2026-06-08
rev_neg_159,PROD_BEAUTY_254,1,It stopped working after just a few days of light usage.,2026-06-13
rev_neg_457,PROD_PHONE_234,2,Horrible experience. The item was missing parts.,2026-06-13
rev_neg_1837,PROD_PHONE_217,1,Very slow shipping and the item is defect.,2026-06-13
rev_neu_340,PROD_BEAUTY_381,3,"Standard product, does exactly what is advertised.",2026-06-28
rev_pos_454,PROD_PHONE_112,4,It is an awesome product. I will buy it again.,2026-06-01
rev_neu_463,PROD_CLOTH_339,3,It is fine. Just an average smartphone.,2026-06-21
rev_pos_1082,PROD_CLOTH_119,4,"Love the packaging, it was wrapped very nicely.",2026-06-02
rev_neg_1420,PROD_LAPTOP_230,2,The device keeps flickering and lags constantly. Terrible!,2026-06-16
rev_neg_806,PROD_LAPTOP_270,1,It has a terrible chemical smell. Returning immediately.,2026-06-12
rev_pos_1939,PROD_BEAUTY_121,4,Very bright display and the colors are vibrant.,2026-06-09
rev_pos_1668,PROD_BEAUTY_146,4,"Love the packaging, it was wrapped very nicely.",2026-06-01
rev_pos_1692,PROD_CLOTH_183,4,"Super light, compact, and extremely useful.",2026-06-01
rev_neg_1582,PROD_LAPTOP_243,2,The worst packaging I have ever seen. Damaged box.,2026-06-16
rev_neg_314,PROD_PHONE_203,1,Never buy this. Waste of time and money.,2026-06-13
rev_neg_1130,PROD_CLOTH_280,1,"No response from support, and return policy is a lie.",2026-06-14
rev_pos_741,PROD_BEAUTY_138,4,"Never disappointed with this brand, always top tier.",2026-06-09
rev_neg_768,PROD_BEAUTY_215,1,"No customer support at all, they ignored my emails.",2026-06-19
rev_pos_1289,PROD_BEAUTY_199,4,"Very easy to use, setup was a breeze. Perfect!",2026-06-03
rev_neg_635,PROD_BEAUTY_279,2,Doesn't charge at all. Broken charging port.,2026-06-12
rev_neg_1209,PROD_PHONE_257,2,Doesn't charge at all. Broken charging port.,2026-06-16
rev_pos_1241,PROD_LAPTOP_159,4,"Not bad at all, in fact it is an awsm product.",2026-06-07
rev_neu_476,PROD_BEAUTY_364,3,"Average battery life, average display.",2026-06-28
rev_neg_1643,PROD_LAPTOP_240,1,"Extremely slow performance, laggy and unusable.",2026-06-18
rev_pos_172,PROD_PHONE_158,5,The user interface is so smooth and intuitive. Love it.,2026-06-02
rev_neg_283,PROD_LAPTOP_289,2,Doesn't charge at all. Broken charging port.,2026-06-15
rev_neg_1271,PROD_BEAUTY_205,2,"Extremely noisy, sounds like it's going to explode.",2026-06-14
rev_neg_1045,PROD_PHONE_238,1,"Not worth the money, quality is very poor.",2026-06-12
rev_neu_208,PROD_LAPTOP_339,3,"Average performance, nothing special about it.",2026-06-24
rev_pos_1954,PROD_CLOTH_195,4,The customer support staff was very helpful and responsive.,2026-06-07
rev_pos_326,PROD_CLOTH_195,5,Not a single issue so far. Very reliable.,2026-06-01
rev_pos_1313,PROD_LAPTOP_181,5,"Love the packaging, it was wrapped very nicely.",2026-06-03
rev_neg_1224,PROD_LAPTOP_228,2,Not durable. It tore apart after the first wash.,2026-06-10
rev_neg_1134,PROD_LAPTOP_298,1,The camera quality is awful and blurry.,2026-06-14
rev_pos_1712,PROD_LAPTOP_128,5,"Works like a charm, would buy again without hesitation.",2026-06-05
rev_neu_792,PROD_CLOTH_350,3,"Okay for the price, but don't expect miracles.",2026-06-27
rev_pos_667,PROD_LAPTOP_130,4,"Outstanding performance, it exceeded my expectations.",2026-06-06
rev_pos_1459,PROD_LAPTOP_130,5,Simply the best one on the market right now.,2026-06-03
rev_pos_1225,PROD_PHONE_187,5,It is an awesome product. I will buy it again.,2026-06-09
rev_neu_576,PROD_BEAUTY_356,3,"Okay for basic usage, but not for heavy tasks.",2026-06-25
rev_pos_150,PROD_PHONE_151,4,"No regrets buying this, highly recommended.",2026-06-08
rev_neg_263,PROD_PHONE_262,2,"Not worth the money, quality is very poor.",2026-06-19
rev_pos_960,PROD_BEAUTY_123,5,Perfect fit and very comfortable to wear.,2026-06-09
rev_neg_553,PROD_LAPTOP_236,2,"Cannot recommend this product, it lacks standard features.",2026-06-14
rev_neg_612,PROD_CLOTH_208,1,It stopped working after just a few days of light usage.,2026-06-10
rev_neg_551,PROD_LAPTOP_205,2,This is a scam. It does not work at all.,2026-06-13
rev_pos_103,PROD_LAPTOP_135,5,I can't believe how good this is for the price.,2026-06-08
rev_neg_13,PROD_BEAUTY_282,1,The camera quality is awful and blurry.,2026-06-16
rev_pos_92,PROD_LAPTOP_184,5,Very robust and stands up to daily wear and tear.,2026-06-02
rev_neg_335,PROD_CLOTH_210,2,"No customer support at all, they ignored my emails.",2026-06-10
rev_pos_414,PROD_LAPTOP_131,4,"Very easy to use, setup was a breeze. Perfect!",2026-06-01
rev_neu_393,PROD_CLOTH_385,3,"The shipping was ok, product is decent enough.",2026-06-26
rev_neg_1873,PROD_CLOTH_283,2,"Extremely bad design, hard to hold and uncomfortable.",2026-06-13
rev_neu_29,PROD_CLOTH_391,3,It is fine. Just an average smartphone.,2026-06-23
rev_pos_384,PROD_PHONE_155,4,The user interface is so smooth and intuitive. Love it.,2026-06-03
rev_neg_1263,PROD_BEAUTY_242,1,"Poor battery life, won't even last half a day.",2026-06-12
rev_pos_958,PROD_BEAUTY_178,4,"Not bad at all, in fact it is an awsm product.",2026-06-01
rev_neg_38,PROD_BEAUTY_268,2,Very disappointed. It looks nothing like the pictures.,2026-06-18
rev_neg_996,PROD_CLOTH_279,2,Terrible product! A complete waste of money.,2026-06-17
rev_neg_1214,PROD_LAPTOP_218,2,It has a terrible chemical smell. Returning immediately.,2026-06-13
rev_neg_222,PROD_PHONE_272,1,Poor packaging and the item was broken inside.,2026-06-14
rev_neg_134,PROD_BEAUTY_201,1,"Fake item, a complete scam. Do not buy!",2026-06-19
rev_neg_1701,PROD_CLOTH_254,2,"No manual included, and setup is impossible.",2026-06-12
rev_neg_629,PROD_CLOTH_291,2,"Extremely slow performance, laggy and unusable.",2026-06-12
rev_pos_781,PROD_CLOTH_114,4,"No lag, games run super smooth on it.",2026-06-02
rev_pos_647,PROD_CLOTH_122,5,Very satisfied with my purchase. It works perfectly.,2026-06-01
rev_neg_837,PROD_CLOTH_212,1,"The sizing is completely wrong, way too small.",2026-06-12
rev_neg_820,PROD_CLOTH_261,1,It has a terrible chemical smell. Returning immediately.,2026-06-12
rev_pos_11,PROD_PHONE_148,4,No problems at all. Solid hardware and easy to setup.,2026-06-05
rev_neu_168,PROD_LAPTOP_396,3,It's fine. It does the job.,2026-06-26
rev_neg_900,PROD_LAPTOP_247,2,Very disappointed. It looks nothing like the pictures.,2026-06-10
rev_pos_601,PROD_BEAUTY_137,4,The screen display is incredibly clear and beautiful.,2026-06-01
rev_pos_303,PROD_BEAUTY_119,4,"No lag, games run super smooth on it.",2026-06-03
rev_neu_552,PROD_CLOTH_332,3,"Neither great nor terrible, just in the middle.",2026-06-21
rev_pos_1577,PROD_PHONE_171,4,"Not bad at all, in fact it is an awsm product.",2026-06-04
rev_neg_1141,PROD_PHONE_208,2,"The sizing is completely wrong, way too small.",2026-06-13
rev_neg_880,PROD_BEAUTY_278,1,Do not recommend this seller. Poor customer support.,2026-06-15
rev_neg_195,PROD_LAPTOP_262,2,"Extremely noisy, sounds like it's going to explode.",2026-06-11
rev_pos_642,PROD_PHONE_168,5,Highly functional and has zero flaws.,2026-06-06
rev_neg_843,PROD_BEAUTY_203,1,"No connectivity, bluetooth keeps dropping.",2026-06-19
rev_pos_1363,PROD_LAPTOP_162,5,No problems at all. Solid hardware and easy to setup.,2026-06-06
rev_pos_1957,PROD_LAPTOP_185,4,The sound quality is fantastic and clear.,2026-06-04
rev_neg_1959,PROD_BEAUTY_290,1,The screen cracked easily without any drop. Fragile.,2026-06-13
rev_pos_735,PROD_CLOTH_103,4,"Never disappointed with this brand, always top tier.",2026-06-07
rev_neg_926,PROD_BEAUTY_221,2,"Very cheap plastic, feels like a toy.",2026-06-10
rev_pos_279,PROD_LAPTOP_109,5,"Love the packaging, it was wrapped very nicely.",2026-06-09
rev_neg_1860,PROD_BEAUTY_290,1,Late delivery and the package arrived damaged.,2026-06-14
rev_pos_584,PROD_BEAUTY_100,5,The customer support staff was very helpful and responsive.,2026-06-07
rev_pos_624,PROD_CLOTH_109,5,Beautiful design and great build quality.,2026-06-06
rev_neu_433,PROD_CLOTH_316,3,"No major complaints, but it could be improved.",2026-06-20
rev_neg_1387,PROD_CLOTH_257,2,The customer service was extremely rude and unhelpful.,2026-06-12
rev_neg_1853,PROD_BEAUTY_290,1,"No response from support, and return policy is a lie.",2026-06-18
rev_pos_42,PROD_BEAUTY_193,4,"This phone is gr8, battery life is awesome.",2026-06-06
rev_pos_538,PROD_CLOTH_153,4,"No regrets buying this, highly recommended.",2026-06-02
rev_neg_582,PROD_BEAUTY_226,1,"No customer support at all, they ignored my emails.",2026-06-10
rev_neu_742,PROD_CLOTH_332,3,"The price is fair, but usability is just okay.",2026-06-22
rev_pos_1054,PROD_LAPTOP_168,5,"No complaints here, works exactly as described.",2026-06-08
rev_neg_1407,PROD_CLOTH_296,1,Very disappointed. It looks nothing like the pictures.,2026-06-14
rev_neg_1636,PROD_PHONE_282,2,"Cannot recommend this product, it lacks standard features.",2026-06-17
rev_pos_210,PROD_CLOTH_199,5,Very bright display and the colors are vibrant.,2026-06-04
rev_neg_1532,PROD_BEAUTY_269,2,This is a scam. It does not work at all.,2026-06-19
rev_neu_41,PROD_CLOTH_353,3,"It is okay. Not the best, but not the worst.",2026-06-26
rev_neg_219,PROD_PHONE_222,2,The camera quality is awful and blurry.,2026-06-14
rev_pos_0,PROD_CLOTH_131,4,"Not bad at all, in fact it is an awsm product.",2026-06-04
rev_neg_347,PROD_PHONE_239,1,Doesn't work. The software crashes every time I open it.,2026-06-19
rev_neu_392,PROD_LAPTOP_343,3,"No major complaints, but it could be improved.",2026-06-25
rev_neg_253,PROD_PHONE_271,2,"Poor battery life, won't even last half a day.",2026-06-10
rev_neg_543,PROD_BEAUTY_270,1,"No manual included, and setup is impossible.",2026-06-16
rev_neg_407,PROD_CLOTH_235,1,It stopped working after just a few days of light usage.,2026-06-17
rev_neu_598,PROD_LAPTOP_323,3,"No major complaints, but it could be improved.",2026-06-24
rev_neu_587,PROD_BEAUTY_359,3,"It is average. Some days it is fast, some days it is slow.",2026-06-22
rev_neu_712,PROD_LAPTOP_316,3,"Some aspects are good, others are quite disappointed.",2026-06-26
rev_pos_330,PROD_LAPTOP_108,4,"No regrets buying this, highly recommended.",2026-06-08
rev_neg_1765,PROD_BEAUTY_269,2,Never again. This is absolute trash.,2026-06-13
rev_pos_1720,PROD_CLOTH_119,4,"Highly recommend this shop, wonderful customer service.",2026-06-06
rev_pos_1584,PROD_PHONE_119,5,Fast connection and never disconnects.,2026-06-06
rev_neg_1967,PROD_LAPTOP_283,1,"Not worth the money, quality is very poor.",2026-06-15
rev_neu_935,PROD_BEAUTY_315,3,"It's decent, fits the description but nothing exciting.",2026-06-27
rev_pos_1624,PROD_BEAUTY_192,5,The sound quality is fantastic and clear.,2026-06-03
rev_pos_581,PROD_CLOTH_141,5,The screen display is incredibly clear and beautiful.,2026-06-05
rev_neg_732,PROD_LAPTOP_212,1,Very disappointed. It looks nothing like the pictures.,2026-06-10
rev_neu_699,PROD_BEAUTY_339,3,It is an average item. Neither good nor bad.,2026-06-22
rev_neu_995,PROD_CLOTH_335,3,"Neither great nor terrible, just in the middle.",2026-06-24
rev_pos_1469,PROD_LAPTOP_130,5,No problems at all. Solid hardware and easy to setup.,2026-06-02
rev_pos_705,PROD_LAPTOP_196,4,"No defects, clean packaging, and works like a dream.",2026-06-02
rev_neu_629,PROD_LAPTOP_343,3,"The product is okay, does the job but nothing special.",2026-06-22
rev_pos_1849,PROD_CLOTH_196,4,Great product! The quality is absolutely amazing.,2026-06-01
rev_pos_508,PROD_BEAUTY_140,4,Not a single issue so far. Very reliable.,2026-06-06
rev_neg_864,PROD_PHONE_248,1,"Terrible sound, very tinny and muffled.",2026-06-13
rev_neu_65,PROD_BEAUTY_351,3,"Okay packaging, shipping was standard.",2026-06-20
rev_pos_600,PROD_PHONE_184,5,It is an awesome product. I will buy it again.,2026-06-05
rev_pos_1389,PROD_BEAUTY_143,5,Simply the best one on the market right now.,2026-06-03
rev_pos_1609,PROD_LAPTOP_191,4,The software is incredibly fast and responsive.,2026-06-07
rev_neu_62,PROD_CLOTH_368,3,It is fine. Just an average smartphone.,2026-06-23
rev_neu_15,PROD_CLOTH_368,3,"It's decent, fits the description but nothing exciting.",2026-06-22
rev_neu_966,PROD_LAPTOP_370,3,"It works as expected, nothing more, nothing less.",2026-06-26
rev_neu_683,PROD_CLOTH_319,3,"It works fine, but I expected more from this brand.",2026-06-20
rev_pos_104,PROD_LAPTOP_134,5,Absolutely love this device. Best purchase of the year!,2026-06-06
rev_pos_794,PROD_BEAUTY_134,5,"No complaints here, works exactly as described.",2026-06-07
rev_neg_1315,PROD_PHONE_291,2,"No customer support at all, they ignored my emails.",2026-06-18
rev_neg_586,PROD_BEAUTY_281,2,Never again. This is absolute trash.,2026-06-19
rev_neg_1949,PROD_PHONE_276,2,"Extremely noisy, sounds like it's going to explode.",2026-06-10
rev_pos_1590,PROD_CLOTH_103,5,Beautiful design and great build quality.,2026-06-08
rev_pos_594,PROD_LAPTOP_182,5,"Very easy to use, setup was a breeze. Perfect!",2026-06-03
rev_pos_1847,PROD_PHONE_143,5,"Not bad at all, in fact it is an awsm product.",2026-06-01
rev_neg_604,PROD_LAPTOP_287,2,The worst packaging I have ever seen. Damaged box.,2026-06-11
rev_pos_1338,PROD_CLOTH_109,4,"No complaints here, works exactly as described.",2026-06-02
rev_pos_987,PROD_LAPTOP_184,4,"Incredibly fast shipping, arrived much earlier than expected.",2026-06-05
rev_neg_110,PROD_PHONE_227,1,Not durable. It tore apart after the first wash.,2026-06-13
rev_neu_20,PROD_LAPTOP_389,3,"Okay packaging, shipping was standard.",2026-06-20
rev_neg_517,PROD_LAPTOP_237,1,"No customer support at all, they ignored my emails.",2026-06-14
rev_neg_30,PROD_CLOTH_213,2,"No response from support, and return policy is a lie.",2026-06-14
rev_neg_536,PROD_LAPTOP_272,2,The customer service was extremely rude and unhelpful.,2026-06-12
rev_pos_55,PROD_PHONE_179,4,"No defects, clean packaging, and works like a dream.",2026-06-02
rev_neg_378,PROD_PHONE_252,1,It stopped working after just a few days of light usage.,2026-06-16
rev_pos_1252,PROD_PHONE_103,4,"Never disappointed with this brand, always top tier.",2026-06-02
rev_neg_1934,PROD_CLOTH_227,2,Do not recommend this seller. Poor customer support.,2026-06-15
rev_neg_729,PROD_CLOTH_279,2,Not recommended. The product has major design flaws.,2026-06-15
rev_neg_1527,PROD_LAPTOP_225,2,It stopped working after just a few days of light usage.,2026-06-15
rev_neu_310,PROD_LAPTOP_350,3,"It's decent, fits the description but nothing exciting.",2026-06-26
rev_pos_823,PROD_LAPTOP_193,4,Very robust and stands up to daily wear and tear.,2026-06-03
rev_neg_1350,PROD_LAPTOP_270,2,The screen cracked easily without any drop. Fragile.,2026-06-18
rev_neg_1346,PROD_BEAUTY_244,1,"Very cheap plastic, feels like a toy.",2026-06-14
rev_neg_1674,PROD_LAPTOP_225,2,Doesn't charge at all. Broken charging port.,2026-06-19
rev_pos_22,PROD_BEAUTY_148,4,"Super light, compact, and extremely useful.",2026-06-08
rev_neg_15,PROD_PHONE_214,2,Very disappointed. It looks nothing like the pictures.,2026-06-10
rev_neg_985,PROD_BEAUTY_208,2,This is a scam. It does not work at all.,2026-06-10
rev_neg_1881,PROD_PHONE_209,2,The camera quality is awful and blurry.,2026-06-10
rev_pos_697,PROD_LAPTOP_106,5,"No defects, clean packaging, and works like a dream.",2026-06-06
rev_pos_35,PROD_PHONE_175,5,Absolutely love this device. Best purchase of the year!,2026-06-09
rev_pos_1078,PROD_PHONE_114,5,"Super light, compact, and extremely useful.",2026-06-07
rev_neu_374,PROD_PHONE_324,3,"The product is okay, does the job but nothing special.",2026-06-22
rev_neg_1295,PROD_BEAUTY_296,2,Very disappointed with the hardware quality. It broke on day one.,2026-06-16
rev_neg_1031,PROD_LAPTOP_223,2,It has a terrible chemical smell. Returning immediately.,2026-06-11
rev_pos_278,PROD_BEAUTY_139,4,I can't believe how good this is for the price.,2026-06-06
rev_pos_1024,PROD_BEAUTY_141,4,"Not bad at all, in fact it is an awsm product.",2026-06-01
rev_neg_1282,PROD_LAPTOP_269,2,"The sizing is completely wrong, way too small.",2026-06-13
rev_neg_138,PROD_BEAUTY_298,1,Completely useless. Do not waste your hard-earned money.,2026-06-14
rev_pos_838,PROD_PHONE_195,4,Highly functional and has zero flaws.,2026-06-05
rev_neg_1507,PROD_CLOTH_251,1,Doesn't work. The software crashes every time I open it.,2026-06-18
rev_neg_1494,PROD_LAPTOP_250,2,"The sizing is completely wrong, way too small.",2026-06-11
rev_neg_1968,PROD_CLOTH_244,1,"No response from support, and return policy is a lie.",2026-06-13
rev_pos_253,PROD_BEAUTY_192,5,Beautiful design and great build quality.,2026-06-01
rev_pos_1901,PROD_BEAUTY_189,4,Absolutely love this device. Best purchase of the year!,2026-06-01
rev_neg_759,PROD_LAPTOP_296,1,Worst experience ever. The battery drains in two hours.,2026-06-12
rev_pos_1913,PROD_CLOTH_116,5,The screen display is incredibly clear and beautiful.,2026-06-07
rev_neu_574,PROD_PHONE_325,3,"The design is simple, functionality is average.",2026-06-24
rev_neu_248,PROD_BEAUTY_336,3,"Standard product, does exactly what is advertised.",2026-06-21
rev_pos_455,PROD_LAPTOP_194,4,Fast connection and never disconnects.,2026-06-01
rev_pos_1239,PROD_BEAUTY_192,4,Not a single issue so far. Very reliable.,2026-06-03
rev_neu_806,PROD_PHONE_318,3,"The shipping was ok, product is decent enough.",2026-06-21
rev_pos_93,PROD_PHONE_196,5,The user interface is so smooth and intuitive. Love it.,2026-06-04
rev_neg_431,PROD_CLOTH_245,1,Very disappointed. It looks nothing like the pictures.,2026-06-18
rev_pos_1109,PROD_LAPTOP_129,4,Very bright display and the colors are vibrant.,2026-06-01
rev_neu_755,PROD_LAPTOP_384,3,"No major complaints, but it could be improved.",2026-06-24
rev_neg_434,PROD_CLOTH_242,1,Never again. This is absolute trash.,2026-06-16
rev_neg_1143,PROD_LAPTOP_234,2,"No customer support at all, they ignored my emails.",2026-06-10
rev_neg_680,PROD_BEAUTY_288,1,"Very cheap plastic, feels like a toy.",2026-06-17
rev_neg_1561,PROD_CLOTH_294,2,This is a scam. It does not work at all.,2026-06-19
rev_neu_424,PROD_PHONE_345,3,"Okay for basic usage, but not for heavy tasks.",2026-06-26
rev_neu_615,PROD_LAPTOP_396,3,"No issues so far, but it feels a bit basic.",2026-06-20
rev_neu_618,PROD_PHONE_395,3,It's fine. It does the job.,2026-06-28
rev_neg_1850,PROD_CLOTH_232,2,"Cannot recommend this product, it lacks standard features.",2026-06-15
rev_neu_528,PROD_BEAUTY_339,3,It's fine. It does the job.,2026-06-22
rev_neg_632,PROD_CLOTH_281,2,Never again. This is absolute trash.,2026-06-13
rev_neu_60,PROD_CLOTH_330,3,It is an average item. Neither good nor bad.,2026-06-22
rev_neu_231,PROD_BEAUTY_324,3,"It is average. Some days it is fast, some days it is slow.",2026-06-25
rev_pos_1672,PROD_PHONE_116,4,Absolutely love this device. Best purchase of the year!,2026-06-05
rev_pos_136,PROD_LAPTOP_110,4,Extremely pleased with how fast this works.,2026-06-04
rev_pos_968,PROD_BEAUTY_154,4,Simply the best one on the market right now.,2026-06-04
rev_neg_461,PROD_PHONE_220,1,Very disappointed. It looks nothing like the pictures.,2026-06-18
rev_pos_1783,PROD_CLOTH_122,5,Excellent value for money. Very durable material.,2026-06-04
rev_pos_579,PROD_PHONE_193,4,Highly functional and has zero flaws.,2026-06-08
rev_neg_328,PROD_CLOTH_240,1,Never again. This is absolute trash.,2026-06-18
rev_pos_276,PROD_CLOTH_111,5,The customer support staff was very helpful and responsive.,2026-06-07
rev_pos_1858,PROD_CLOTH_102,4,"Works like a charm, would buy again without hesitation.",2026-06-06
rev_neg_498,PROD_BEAUTY_222,2,"Very cheap plastic, feels like a toy.",2026-06-17
rev_pos_551,PROD_BEAUTY_178,5,I can't believe how good this is for the price.,2026-06-07
rev_pos_1202,PROD_PHONE_187,4,"No complaints here, works exactly as described.",2026-06-07
rev_neg_1267,PROD_CLOTH_200,2,The worst packaging I have ever seen. Damaged box.,2026-06-11
rev_neg_1820,PROD_LAPTOP_235,1,Worst experience ever. The battery drains in two hours.,2026-06-11
rev_pos_406,PROD_LAPTOP_131,5,"No lag, games run super smooth on it.",2026-06-05
rev_neg_437,PROD_CLOTH_203,2,The customer service was extremely rude and unhelpful.,2026-06-13
rev_neg_372,PROD_BEAUTY_240,1,"Extremely slow performance, laggy and unusable.",2026-06-11
rev_pos_544,PROD_CLOTH_171,4,Extremely pleased with how fast this works.,2026-06-07
rev_pos_36,PROD_PHONE_109,4,"Love the packaging, it was wrapped very nicely.",2026-06-01
rev_pos_240,PROD_BEAUTY_164,4,Simply the best one on the market right now.,2026-06-04
rev_pos_80,PROD_CLOTH_103,5,"Outstanding performance, it exceeded my expectations.",2026-06-02
rev_neg_1296,PROD_LAPTOP_221,2,Worst experience ever. The battery drains in two hours.,2026-06-13
rev_pos_1032,PROD_BEAUTY_190,4,"Never disappointed with this brand, always top tier.",2026-06-08
rev_pos_1267,PROD_LAPTOP_100,4,"No complaints here, works exactly as described.",2026-06-07
rev_pos_693,PROD_LAPTOP_177,5,"Incredibly fast shipping, arrived much earlier than expected.",2026-06-07
rev_pos_1553,PROD_PHONE_116,5,"No complaints here, works exactly as described.",2026-06-03
rev_neu_324,PROD_CLOTH_384,3,"Not bad, but it lacks some advanced features.",2026-06-24
rev_pos_1639,PROD_LAPTOP_139,4,"Never disappointed with this brand, always top tier.",2026-06-07
rev_neg_681,PROD_BEAUTY_207,2,"Extremely bad design, hard to hold and uncomfortable.",2026-06-11
rev_pos_783,PROD_CLOTH_190,4,I can't believe how good this is for the price.,2026-06-07
rev_neu_473,PROD_LAPTOP_353,3,"Just an average device, nothing to write home about.",2026-06-21
rev_neg_60,PROD_LAPTOP_206,2,Not recommended. The product has major design flaws.,2026-06-15
rev_neu_286,PROD_PHONE_323,3,"It works as expected, nothing more, nothing less.",2026-06-21
rev_pos_400,PROD_BEAUTY_140,4,"Works like a charm, would buy again without hesitation.",2026-06-07
rev_pos_1414,PROD_CLOTH_154,5,"Love the packaging, it was wrapped very nicely.",2026-06-04
rev_neu_302,PROD_LAPTOP_394,3,It is an average item. Neither good nor bad.,2026-06-20
rev_neg_87,PROD_LAPTOP_289,1,"No response from support, and return policy is a lie.",2026-06-18
rev_neg_23,PROD_LAPTOP_203,1,Very expensive for such cheap material. Disappointed.,2026-06-13
rev_pos_994,PROD_CLOTH_141,4,"Incredibly fast shipping, arrived much earlier than expected.",2026-06-08
rev_neg_466,PROD_CLOTH_272,2,Doesn't charge at all. Broken charging port.,2026-06-12
rev_pos_101,PROD_BEAUTY_120,5,"No lag, games run super smooth on it.",2026-06-08
rev_neg_1553,PROD_CLOTH_201,2,"Fake item, a complete scam. Do not buy!",2026-06-15
rev_neg_1048,PROD_CLOTH_234,2,"Extremely bad design, hard to hold and uncomfortable.",2026-06-10
rev_pos_1534,PROD_LAPTOP_145,5,"Super light, compact, and extremely useful.",2026-06-02
rev_neg_1694,PROD_PHONE_252,2,The camera quality is awful and blurry.,2026-06-13
rev_neu_58,PROD_LAPTOP_392,3,"It works fine, but I expected more from this brand.",2026-06-24
rev_neg_1801,PROD_CLOTH_247,2,Not durable. It tore apart after the first wash.,2026-06-19
rev_neu_216,PROD_BEAUTY_392,3,"The package arrived on time, quality is decent.",2026-06-23
rev_neu_793,PROD_BEAUTY_356,3,Average quality for the price. Not bad but not great.,2026-06-25
rev_neg_1911,PROD_BEAUTY_235,2,Never buy this. Waste of time and money.,2026-06-10
rev_neg_626,PROD_CLOTH_272,2,The worst packaging I have ever seen. Damaged box.,2026-06-14
rev_pos_1764,PROD_LAPTOP_167,5,Absolutely love this device. Best purchase of the year!,2026-06-06
rev_neu_841,PROD_LAPTOP_361,3,"Okay for basic usage, but not for heavy tasks.",2026-06-21
rev_pos_1264,PROD_BEAUTY_119,4,Fast connection and never disconnects.,2026-06-01
rev_neg_1088,PROD_CLOTH_239,1,"Very cheap plastic, feels like a toy.",2026-06-18
rev_neg_824,PROD_CLOTH_242,2,It has a terrible chemical smell. Returning immediately.,2026-06-13
rev_pos_1549,PROD_CLOTH_186,4,"No quality issues, everything is in perfect condition.",2026-06-02
rev_pos_1449,PROD_LAPTOP_163,5,Simply the best one on the market right now.,2026-06-02
rev_neg_1343,PROD_BEAUTY_267,1,The device keeps flickering and lags constantly. Terrible!,2026-06-14
rev_neg_1716,PROD_BEAUTY_223,1,Very disappointed with the hardware quality. It broke on day one.,2026-06-15
rev_pos_595,PROD_LAPTOP_156,4,Absolutely love this device. Best purchase of the year!,2026-06-06
rev_neg_1261,PROD_LAPTOP_241,2,It stopped working after just a few days of light usage.,2026-06-16
rev_neg_1415,PROD_CLOTH_267,2,"Fake item, a complete scam. Do not buy!",2026-06-12
rev_neg_1144,PROD_PHONE_260,2,The camera quality is awful and blurry.,2026-06-16
rev_neu_859,PROD_LAPTOP_323,3,"It works, but nothing outstanding.",2026-06-27
rev_pos_1055,PROD_CLOTH_147,5,"Outstanding performance, it exceeded my expectations.",2026-06-07
rev_neg_1364,PROD_PHONE_213,1,"The sizing is completely wrong, way too small.",2026-06-19
rev_pos_1358,PROD_LAPTOP_186,4,"No regrets buying this, highly recommended.",2026-06-09
rev_pos_1511,PROD_BEAUTY_118,5,No problems at all. Solid hardware and easy to setup.,2026-06-05
rev_neg_1169,PROD_CLOTH_248,2,Very disappointed. It looks nothing like the pictures.,2026-06-10
rev_neu_296,PROD_LAPTOP_363,3,"Some aspects are good, others are quite disappointed.",2026-06-26
rev_pos_1523,PROD_LAPTOP_198,4,Beautiful design and great build quality.,2026-06-08
rev_neg_101,PROD_LAPTOP_285,2,It has a terrible chemical smell. Returning immediately.,2026-06-14
rev_pos_413,PROD_CLOTH_171,4,The screen display is incredibly clear and beautiful.,2026-06-05
rev_pos_1105,PROD_PHONE_123,4,Highly functional and has zero flaws.,2026-06-06
rev_pos_1426,PROD_BEAUTY_177,4,"Incredibly fast shipping, arrived much earlier than expected.",2026-06-06
rev_neu_594,PROD_CLOTH_369,3,"It works fine, but I expected more from this brand.",2026-06-27
rev_neg_542,PROD_PHONE_261,2,Very expensive for such cheap material. Disappointed.,2026-06-12
rev_neg_1054,PROD_PHONE_285,2,Very slow shipping and the item is defect.,2026-06-14
rev_pos_1059,PROD_LAPTOP_138,4,The user interface is so smooth and intuitive. Love it.,2026-06-01
rev_pos_603,PROD_PHONE_146,4,Perfect fit and very comfortable to wear.,2026-06-06
rev_neg_324,PROD_CLOTH_216,1,Horrible experience. The item was missing parts.,2026-06-19
rev_neu_583,PROD_LAPTOP_350,3,"No quality issues, but design is quite boring.",2026-06-22
rev_neu_333,PROD_LAPTOP_355,3,"No quality issues, but design is quite boring.",2026-06-28
rev_neg_1797,PROD_CLOTH_214,1,Very disappointed. It looks nothing like the pictures.,2026-06-11
rev_neg_1303,PROD_LAPTOP_260,1,"The sizing is completely wrong, way too small.",2026-06-17
rev_neg_1122,PROD_LAPTOP_230,2,"No connectivity, bluetooth keeps dropping.",2026-06-19
rev_pos_314,PROD_LAPTOP_103,5,No problems at all. Solid hardware and easy to setup.,2026-06-06
rev_neg_1505,PROD_LAPTOP_298,1,The camera quality is awful and blurry.,2026-06-13
rev_pos_1890,PROD_PHONE_186,5,Great product! The quality is absolutely amazing.,2026-06-03
rev_pos_1041,PROD_PHONE_166,4,Highly functional and has zero flaws.,2026-06-02
rev_pos_1618,PROD_PHONE_147,4,"Highly recommend this shop, wonderful customer service.",2026-06-05
rev_pos_1247,PROD_CLOTH_183,4,"No delay in shipping, super happy with the delivery.",2026-06-07
rev_neg_1367,PROD_LAPTOP_294,1,It has a terrible chemical smell. Returning immediately.,2026-06-13
rev_neu_543,PROD_BEAUTY_330,3,"Neither great nor terrible, just in the middle.",2026-06-27
rev_neg_264,PROD_PHONE_200,1,Very slow shipping and the item is defect.,2026-06-12
rev_neg_1026,PROD_BEAUTY_227,1,"No connectivity, bluetooth keeps dropping.",2026-06-12
rev_neu_241,PROD_CLOTH_358,3,It is an average item. Neither good nor bad.,2026-06-24
rev_neg_37,PROD_LAPTOP_283,2,"Poor battery life, won't even last half a day.",2026-06-13
rev_neu_82,PROD_CLOTH_399,3,"Not bad, it is just okay.",2026-06-21
rev_neg_1700,PROD_CLOTH_256,1,"No response from support, and return policy is a lie.",2026-06-19
rev_neg_885,PROD_LAPTOP_237,2,Not recommended. The product has major design flaws.,2026-06-18
rev_pos_973,PROD_LAPTOP_153,4,"No regrets buying this, highly recommended.",2026-06-08
rev_pos_1203,PROD_PHONE_111,5,Highly functional and has zero flaws.,2026-06-04
rev_neu_479,PROD_BEAUTY_323,3,"Average performance, nothing special about it.",2026-06-25
rev_neu_178,PROD_CLOTH_325,3,It's fine. It does the job.,2026-06-21
rev_neg_228,PROD_BEAUTY_228,1,Very disappointed with the hardware quality. It broke on day one.,2026-06-12
rev_neg_1277,PROD_LAPTOP_257,1,Never buy this. Waste of time and money.,2026-06-13
rev_pos_1991,PROD_BEAUTY_187,5,"Works like a charm, would buy again without hesitation.",2026-06-09
rev_pos_133,PROD_BEAUTY_143,5,It is an awesome product. I will buy it again.,2026-06-01
rev_neg_280,PROD_BEAUTY_291,2,"No manual included, and setup is impossible.",2026-06-12
rev_neg_1008,PROD_CLOTH_218,2,It stopped working after just a few days of light usage.,2026-06-15
rev_neg_1601,PROD_BEAUTY_200,1,Horrible experience. The item was missing parts.,2026-06-14
rev_neu_364,PROD_BEAUTY_378,3,"The price is fair, but usability is just okay.",2026-06-22
rev_pos_648,PROD_LAPTOP_112,5,"No complaints here, works exactly as described.",2026-06-08
rev_neu_106,PROD_PHONE_304,3,It is alright for the price point.,2026-06-20
rev_neg_95,PROD_LAPTOP_260,1,"Extremely noisy, sounds like it's going to explode.",2026-06-12
rev_neu_838,PROD_CLOTH_305,3,"Some aspects are good, others are quite disappointed.",2026-06-27
rev_pos_1821,PROD_LAPTOP_132,4,Very bright display and the colors are vibrant.,2026-06-07
rev_neg_907,PROD_CLOTH_259,1,"Terrible sound, very tinny and muffled.",2026-06-18
rev_neg_883,PROD_LAPTOP_243,1,Late delivery and the package arrived damaged.,2026-06-14
rev_pos_344,PROD_BEAUTY_104,4,"Incredibly fast shipping, arrived much earlier than expected.",2026-06-03
rev_neg_525,PROD_CLOTH_272,2,"Extremely noisy, sounds like it's going to explode.",2026-06-16
rev_pos_1089,PROD_CLOTH_106,4,The user interface is so smooth and intuitive. Love it.,2026-06-08
rev_neg_607,PROD_BEAUTY_202,1,"No connectivity, bluetooth keeps dropping.",2026-06-15
rev_neg_1075,PROD_LAPTOP_203,1,Completely useless. Do not waste your hard-earned money.,2026-06-10
rev_pos_1984,PROD_PHONE_109,5,"Works like a charm, would buy again without hesitation.",2026-06-09
rev_neu_900,PROD_LAPTOP_305,3,Average quality for the price. Not bad but not great.,2026-06-28
rev_pos_1080,PROD_CLOTH_121,4,"Outstanding performance, it exceeded my expectations.",2026-06-06
rev_pos_6,PROD_CLOTH_113,4,Excellent value for money. Very durable material.,2026-06-02
rev_neg_1677,PROD_BEAUTY_283,1,Terrible product! A complete waste of money.,2026-06-14
rev_neg_1086,PROD_PHONE_231,1,Completely useless. Do not waste your hard-earned money.,2026-06-11
rev_neg_47,PROD_BEAUTY_276,1,Worst experience ever. The battery drains in two hours.,2026-06-12
rev_pos_481,PROD_BEAUTY_123,4,The customer support staff was very helpful and responsive.,2026-06-09
rev_neg_1318,PROD_LAPTOP_208,1,"No customer support at all, they ignored my emails.",2026-06-11
rev_neu_886,PROD_CLOTH_307,3,It is alright for the price point.,2026-06-22
rev_neg_181,PROD_CLOTH_279,1,The screen cracked easily without any drop. Fragile.,2026-06-11
rev_neu_516,PROD_LAPTOP_378,3,It's fine. It does the job.,2026-06-27
rev_pos_1496,PROD_PHONE_101,4,Simply the best one on the market right now.,2026-06-09
rev_pos_73,PROD_BEAUTY_179,5,"This phone is gr8, battery life is awesome.",2026-06-03
rev_neg_36,PROD_BEAUTY_254,2,"No manual included, and setup is impossible.",2026-06-17
rev_neg_983,PROD_PHONE_276,2,"No response from support, and return policy is a lie.",2026-06-12
rev_neg_1756,PROD_BEAUTY_292,1,The camera quality is awful and blurry.,2026-06-16
rev_pos_1825,PROD_BEAUTY_151,5,Great product! The quality is absolutely amazing.,2026-06-07
rev_pos_1279,PROD_LAPTOP_162,4,Absolutely love this device. Best purchase of the year!,2026-06-01
rev_pos_737,PROD_BEAUTY_165,5,The screen display is incredibly clear and beautiful.,2026-06-01
rev_pos_152,PROD_PHONE_171,4,No problems at all. Solid hardware and easy to setup.,2026-06-07
rev_neg_1340,PROD_CLOTH_224,2,The setup was extremely hard and frustrating.,2026-06-13
rev_pos_1760,PROD_BEAUTY_126,4,"No regrets buying this, highly recommended.",2026-06-03
rev_neg_1063,PROD_LAPTOP_242,2,Horrible experience. The item was missing parts.,2026-06-15
rev_pos_1329,PROD_PHONE_114,5,Very satisfied with my purchase. It works perfectly.,2026-06-07
rev_neg_443,PROD_CLOTH_235,1,"No connectivity, bluetooth keeps dropping.",2026-06-17
rev_pos_1168,PROD_CLOTH_122,4,"Not cheap, but totally worth every single penny.",2026-06-02
rev_neg_418,PROD_CLOTH_269,2,The screen cracked easily without any drop. Fragile.,2026-06-17
rev_pos_89,PROD_BEAUTY_170,5,"No quality issues, everything is in perfect condition.",2026-06-01
rev_pos_1463,PROD_PHONE_131,4,Excellent value for money. Very durable material.,2026-06-05
rev_neu_816,PROD_PHONE_317,3,It is alright for the price point.,2026-06-28
rev_pos_48,PROD_LAPTOP_148,4,"No complaints here, works exactly as described.",2026-06-01
rev_neg_1969,PROD_LAPTOP_205,2,"Extremely slow performance, laggy and unusable.",2026-06-15
rev_neu_275,PROD_BEAUTY_393,3,"It works, but nothing outstanding.",2026-06-21
rev_neg_736,PROD_LAPTOP_241,2,"Very cheap plastic, feels like a toy.",2026-06-18
rev_neg_73,PROD_LAPTOP_298,1,Never buy this. Waste of time and money.,2026-06-12
rev_neu_634,PROD_CLOTH_340,3,"The quality is passable, nothing to complain about.",2026-06-21
rev_neg_1125,PROD_PHONE_247,1,"Fake item, a complete scam. Do not buy!",2026-06-14
rev_neg_671,PROD_CLOTH_254,2,It stopped working after just a few days of light usage.,2026-06-19
rev_pos_1788,PROD_BEAUTY_103,4,No problems at all. Solid hardware and easy to setup.,2026-06-01
rev_neg_206,PROD_CLOTH_247,2,The device keeps flickering and lags constantly. Terrible!,2026-06-11
rev_neg_298,PROD_CLOTH_279,2,"Very cheap plastic, feels like a toy.",2026-06-18
rev_neg_167,PROD_BEAUTY_272,1,The worst packaging I have ever seen. Damaged box.,2026-06-15
rev_pos_1594,PROD_BEAUTY_151,5,I can't believe how good this is for the price.,2026-06-09
rev_neg_1451,PROD_PHONE_201,2,"Extremely noisy, sounds like it's going to explode.",2026-06-12
rev_pos_1435,PROD_BEAUTY_160,5,"No defects, clean packaging, and works like a dream.",2026-06-09
rev_pos_465,PROD_BEAUTY_131,4,Beautiful design and great build quality.,2026-06-05
rev_neg_1737,PROD_LAPTOP_297,1,"Extremely bad design, hard to hold and uncomfortable.",2026-06-15
rev_neu_761,PROD_PHONE_389,3,"The price is fair, but usability is just okay.",2026-06-23
rev_pos_1966,PROD_LAPTOP_185,5,"Not bad at all, in fact it is an awsm product.",2026-06-07
rev_pos_137,PROD_LAPTOP_188,5,Beautiful design and great build quality.,2026-06-08
rev_pos_1093,PROD_LAPTOP_125,4,Very bright display and the colors are vibrant.,2026-06-09
rev_neu_344,PROD_BEAUTY_392,3,"Just an average device, nothing to write home about.",2026-06-22
rev_pos_271,PROD_BEAUTY_168,4,"No quality issues, everything is in perfect condition.",2026-06-04
rev_neu_566,PROD_LAPTOP_322,3,It's fine. It does the job.,2026-06-28
rev_pos_127,PROD_CLOTH_108,5,"Outstanding performance, it exceeded my expectations.",2026-06-09
rev_pos_1084,PROD_CLOTH_188,4,The user interface is so smooth and intuitive. Love it.,2026-06-02
rev_neg_1210,PROD_CLOTH_279,2,The worst packaging I have ever seen. Damaged box.,2026-06-15
rev_neg_1327,PROD_CLOTH_217,2,Very slow shipping and the item is defect.,2026-06-16
rev_neg_1868,PROD_PHONE_208,1,"Cannot recommend this product, it lacks standard features.",2026-06-18
rev_pos_1404,PROD_PHONE_112,4,"No lag, games run super smooth on it.",2026-06-01
rev_pos_902,PROD_CLOTH_127,4,"Love the packaging, it was wrapped very nicely.",2026-06-03
rev_neg_1152,PROD_LAPTOP_221,2,Very disappointed with the hardware quality. It broke on day one.,2026-06-16
rev_pos_920,PROD_PHONE_154,5,Not a single issue so far. Very reliable.,2026-06-03
rev_neg_1465,PROD_PHONE_289,2,"Fake item, a complete scam. Do not buy!",2026-06-14
rev_pos_17,PROD_CLOTH_127,4,Absolutely love this device. Best purchase of the year!,2026-06-08
rev_neu_422,PROD_LAPTOP_305,3,"The product is okay, does the job but nothing special.",2026-06-25
rev_neg_1432,PROD_BEAUTY_205,1,Doesn't work. The software crashes every time I open it.,2026-06-16
rev_pos_616,PROD_CLOTH_154,4,"Not bad at all, in fact it is an awsm product.",2026-06-05
rev_pos_727,PROD_PHONE_165,5,I can't believe how good this is for the price.,2026-06-03
rev_neg_257,PROD_PHONE_259,2,This is a scam. It does not work at all.,2026-06-18
rev_neg_1825,PROD_LAPTOP_273,1,Very slow shipping and the item is defect.,2026-06-19
rev_pos_1506,PROD_CLOTH_130,4,Very satisfied with my purchase. It works perfectly.,2026-06-08
rev_neu_628,PROD_PHONE_382,3,"It works fine, but I expected more from this brand.",2026-06-26
rev_neu_928,PROD_PHONE_375,3,"It's decent, fits the description but nothing exciting.",2026-06-22
rev_neu_158,PROD_PHONE_372,3,"Not bad, but it lacks some advanced features.",2026-06-25
rev_neu_229,PROD_LAPTOP_399,3,"The battery is okay, screen is average.",2026-06-21
rev_pos_1206,PROD_CLOTH_138,4,"Works like a charm, would buy again without hesitation.",2026-06-05
rev_neg_1749,PROD_LAPTOP_273,2,It has a terrible chemical smell. Returning immediately.,2026-06-17
rev_neu_726,PROD_LAPTOP_358,3,"The battery is okay, screen is average.",2026-06-22
rev_neu_734,PROD_CLOTH_301,3,"Okay for basic usage, but not for heavy tasks.",2026-06-20
rev_neg_672,PROD_PHONE_297,2,Not recommended. The product has major design flaws.,2026-06-16
rev_neu_313,PROD_BEAUTY_360,3,"It works as expected, nothing more, nothing less.",2026-06-25
rev_neg_450,PROD_BEAUTY_272,2,It has a terrible chemical smell. Returning immediately.,2026-06-11
rev_neg_424,PROD_BEAUTY_207,1,"No customer support at all, they ignored my emails.",2026-06-18
rev_pos_1424,PROD_LAPTOP_180,5,Perfect fit and very comfortable to wear.,2026-06-03
rev_neu_507,PROD_LAPTOP_381,3,The color is slightly different but it works okay.,2026-06-27
rev_neg_1396,PROD_LAPTOP_268,1,Completely useless. Do not waste your hard-earned money.,2026-06-18
rev_pos_1356,PROD_CLOTH_160,5,Great product! The quality is absolutely amazing.,2026-06-05
rev_neu_331,PROD_CLOTH_395,3,"Not bad, but it lacks some advanced features.",2026-06-24
rev_pos_1230,PROD_PHONE_180,5,"No defects, clean packaging, and works like a dream.",2026-06-08
rev_neu_767,PROD_PHONE_399,3,"The quality is passable, nothing to complain about.",2026-06-21
rev_pos_1305,PROD_CLOTH_129,4,"Love the packaging, it was wrapped very nicely.",2026-06-02
rev_neg_1721,PROD_BEAUTY_219,2,The camera quality is awful and blurry.,2026-06-11
rev_pos_537,PROD_LAPTOP_144,5,"No complaints here, works exactly as described.",2026-06-01
rev_neu_240,PROD_LAPTOP_304,3,"The price is fair, but usability is just okay.",2026-06-23
rev_pos_257,PROD_BEAUTY_171,4,"No defects, clean packaging, and works like a dream.",2026-06-09
rev_neu_418,PROD_LAPTOP_379,3,"It is okay. Not the best, but not the worst.",2026-06-27
rev_neu_203,PROD_BEAUTY_338,3,"Okay for basic usage, but not for heavy tasks.",2026-06-23
rev_pos_254,PROD_CLOTH_113,5,The user interface is so smooth and intuitive. Love it.,2026-06-09
rev_pos_1667,PROD_LAPTOP_111,5,"No delay in shipping, super happy with the delivery.",2026-06-05
rev_pos_392,PROD_LAPTOP_177,5,"No regrets buying this, highly recommended.",2026-06-09
rev_neg_1655,PROD_BEAUTY_266,2,Doesn't work. The software crashes every time I open it.,2026-06-18
rev_pos_348,PROD_CLOTH_150,4,"No defects, clean packaging, and works like a dream.",2026-06-06
rev_neg_444,PROD_CLOTH_283,1,Very slow shipping and the item is defect.,2026-06-19
rev_neg_1377,PROD_PHONE_285,1,Very disappointed with the hardware quality. It broke on day one.,2026-06-14
rev_pos_1278,PROD_LAPTOP_194,5,The screen display is incredibly clear and beautiful.,2026-06-04
rev_pos_445,PROD_PHONE_160,4,Absolutely love this device. Best purchase of the year!,2026-06-01
rev_neg_1899,PROD_BEAUTY_258,2,Poor packaging and the item was broken inside.,2026-06-14
rev_pos_937,PROD_PHONE_176,4,The user interface is so smooth and intuitive. Love it.,2026-06-09
rev_pos_379,PROD_CLOTH_173,4,It is an awesome product. I will buy it again.,2026-06-06
rev_neg_1676,PROD_CLOTH_226,2,The camera quality is awful and blurry.,2026-06-18
rev_pos_1636,PROD_BEAUTY_103,4,"Super light, compact, and extremely useful.",2026-06-09
rev_pos_12,PROD_LAPTOP_147,5,The software is incredibly fast and responsive.,2026-06-06
rev_neg_691,PROD_LAPTOP_215,1,Doesn't work. The software crashes every time I open it.,2026-06-16
rev_pos_763,PROD_BEAUTY_151,5,"Very easy to use, setup was a breeze. Perfect!",2026-06-07
rev_neu_186,PROD_PHONE_300,3,"The product is okay, does the job but nothing special.",2026-06-22
rev_pos_1162,PROD_CLOTH_171,5,I can't believe how good this is for the price.,2026-06-09
rev_neg_69,PROD_PHONE_242,1,"No manual included, and setup is impossible.",2026-06-16
rev_neg_1109,PROD_LAPTOP_238,1,Never buy this. Waste of time and money.,2026-06-12
rev_pos_843,PROD_LAPTOP_120,5,Extremely pleased with how fast this works.,2026-06-05
rev_pos_424,PROD_PHONE_142,4,"No delay in shipping, super happy with the delivery.",2026-06-03
rev_neu_322,PROD_BEAUTY_322,3,"It works fine, but I expected more from this brand.",2026-06-24
rev_neg_815,PROD_LAPTOP_212,1,It stopped working after just a few days of light usage.,2026-06-18
rev_pos_933,PROD_CLOTH_128,4,No problems at all. Solid hardware and easy to setup.,2026-06-06
rev_pos_1816,PROD_BEAUTY_181,5,"Not cheap, but totally worth every single penny.",2026-06-04
rev_neg_220,PROD_PHONE_276,1,Do not recommend this seller. Poor customer support.,2026-06-15
rev_neg_1087,PROD_CLOTH_230,2,"Extremely noisy, sounds like it's going to explode.",2026-06-19
rev_neg_1165,PROD_LAPTOP_227,2,The customer service was extremely rude and unhelpful.,2026-06-15
rev_pos_45,PROD_PHONE_156,4,The software is incredibly fast and responsive.,2026-06-09
rev_neu_112,PROD_PHONE_363,3,"It is a decent product, but has some limitations.",2026-06-22
rev_neg_1862,PROD_LAPTOP_266,2,Never buy this. Waste of time and money.,2026-06-13
rev_neg_1393,PROD_BEAUTY_283,2,Poor packaging and the item was broken inside.,2026-06-19
rev_pos_914,PROD_PHONE_125,4,"Very easy to use, setup was a breeze. Perfect!",2026-06-09
rev_neu_413,PROD_PHONE_302,3,"Decent packaging, product performs averagely.",2026-06-28
rev_neg_1816,PROD_LAPTOP_215,1,The camera quality is awful and blurry.,2026-06-12
rev_pos_617,PROD_CLOTH_191,4,I can't believe how good this is for the price.,2026-06-02
rev_pos_1201,PROD_BEAUTY_122,4,Highly functional and has zero flaws.,2026-06-05
rev_pos_444,PROD_PHONE_154,4,"Great customer service, they resolved my issue in minutes.",2026-06-06
rev_neg_9,PROD_LAPTOP_258,2,"Fake item, a complete scam. Do not buy!",2026-06-12
rev_neg_276,PROD_PHONE_245,2,Late delivery and the package arrived damaged.,2026-06-12
rev_neu_199,PROD_PHONE_388,3,"Okay for basic usage, but not for heavy tasks.",2026-06-25
rev_neu_599,PROD_CLOTH_388,3,"The product is okay, does the job but nothing special.",2026-06-23
rev_pos_1900,PROD_LAPTOP_112,5,"Super light, compact, and extremely useful.",2026-06-06
rev_neg_224,PROD_CLOTH_257,2,Worst experience ever. The battery drains in two hours.,2026-06-17
rev_pos_1330,PROD_PHONE_146,5,Simply the best one on the market right now.,2026-06-06
rev_neu_345,PROD_CLOTH_384,3,"Okay for basic usage, but not for heavy tasks.",2026-06-22
rev_neg_117,PROD_BEAUTY_248,1,Horrible experience. The item was missing parts.,2026-06-14
rev_neg_1013,PROD_LAPTOP_291,1,Very expensive for such cheap material. Disappointed.,2026-06-13
rev_pos_16,PROD_CLOTH_151,4,"Love the packaging, it was wrapped very nicely.",2026-06-05
rev_pos_1555,PROD_BEAUTY_183,4,"Incredibly fast shipping, arrived much earlier than expected.",2026-06-03
rev_neg_1597,PROD_PHONE_279,1,It stopped working after just a few days of light usage.,2026-06-14
rev_neu_412,PROD_BEAUTY_337,3,"It is a decent product, but has some limitations.",2026-06-28
rev_neg_785,PROD_BEAUTY_291,2,"Extremely slow performance, laggy and unusable.",2026-06-10
rev_pos_520,PROD_BEAUTY_113,4,Very bright display and the colors are vibrant.,2026-06-03
rev_pos_1471,PROD_CLOTH_142,4,It is an awesome product. I will buy it again.,2026-06-07
rev_neg_1116,PROD_PHONE_261,1,"No connectivity, bluetooth keeps dropping.",2026-06-18
rev_pos_219,PROD_PHONE_133,5,No problems at all. Solid hardware and easy to setup.,2026-06-09
rev_neg_1683,PROD_CLOTH_292,2,Very slow shipping and the item is defect.,2026-06-16
rev_neg_1428,PROD_CLOTH_292,2,Very expensive for such cheap material. Disappointed.,2026-06-12
rev_neu_633,PROD_PHONE_326,3,"Neither great nor terrible, just in the middle.",2026-06-22
rev_neg_939,PROD_BEAUTY_225,2,Very disappointed with the hardware quality. It broke on day one.,2026-06-17
rev_neg_312,PROD_PHONE_263,1,Late delivery and the package arrived damaged.,2026-06-18
rev_pos_925,PROD_CLOTH_168,5,"Super light, compact, and extremely useful.",2026-06-07
rev_pos_157,PROD_LAPTOP_100,4,Extremely pleased with how fast this works.,2026-06-07
rev_neg_477,PROD_PHONE_275,1,Completely useless. Do not waste your hard-earned money.,2026-06-12
rev_neg_677,PROD_LAPTOP_279,1,"The sizing is completely wrong, way too small.",2026-06-18
rev_pos_1944,PROD_LAPTOP_100,5,The user interface is so smooth and intuitive. Love it.,2026-06-07
rev_neu_872,PROD_BEAUTY_372,3,"Some aspects are good, others are quite disappointed.",2026-06-28
rev_neu_917,PROD_PHONE_368,3,"The package arrived on time, quality is decent.",2026-06-20
rev_neu_387,PROD_BEAUTY_322,3,"It is average. Some days it is fast, some days it is slow.",2026-06-20
rev_pos_1689,PROD_PHONE_171,4,Absolutely love this device. Best purchase of the year!,2026-06-01
rev_pos_247,PROD_BEAUTY_157,4,Extremely pleased with how fast this works.,2026-06-04
rev_pos_1292,PROD_LAPTOP_181,4,"Very easy to use, setup was a breeze. Perfect!",2026-06-05
rev_neg_391,PROD_CLOTH_298,1,It has a terrible chemical smell. Returning immediately.,2026-06-11
rev_neg_1319,PROD_PHONE_261,1,Not durable. It tore apart after the first wash.,2026-06-10
rev_pos_1405,PROD_LAPTOP_136,4,I can't believe how good this is for the price.,2026-06-03
rev_neu_781,PROD_BEAUTY_332,3,It is an average item. Neither good nor bad.,2026-06-27
rev_neg_522,PROD_CLOTH_211,2,The setup was extremely hard and frustrating.,2026-06-18
rev_neg_1464,PROD_CLOTH_253,2,"No customer support at all, they ignored my emails.",2026-06-11
rev_neu_373,PROD_CLOTH_399,3,"It is okay. Not the best, but not the worst.",2026-06-21
rev_pos_49,PROD_BEAUTY_136,5,Not a single issue so far. Very reliable.,2026-06-07
rev_neg_1748,PROD_LAPTOP_297,1,Completely useless. Do not waste your hard-earned money.,2026-06-11
rev_pos_740,PROD_BEAUTY_144,5,"No delay in shipping, super happy with the delivery.",2026-06-08
rev_neg_1798,PROD_BEAUTY_287,1,"Very cheap plastic, feels like a toy.",2026-06-10
rev_pos_1911,PROD_PHONE_124,4,"Highly recommend this shop, wonderful customer service.",2026-06-03
rev_pos_1671,PROD_LAPTOP_184,4,Perfect fit and very comfortable to wear.,2026-06-03
rev_neg_644,PROD_PHONE_257,1,"No customer support at all, they ignored my emails.",2026-06-19
rev_neg_1429,PROD_BEAUTY_238,2,Doesn't charge at all. Broken charging port.,2026-06-12
rev_pos_1260,PROD_LAPTOP_178,5,Absolutely love this device. Best purchase of the year!,2026-06-07
rev_neu_602,PROD_BEAUTY_367,3,"No major complaints, but it could be improved.",2026-06-26
rev_pos_983,PROD_PHONE_110,5,Beautiful design and great build quality.,2026-06-03
rev_neu_18,PROD_BEAUTY_335,3,"The design is simple, functionality is average.",2026-06-23
rev_pos_1308,PROD_BEAUTY_122,4,Excellent value for money. Very durable material.,2026-06-07
rev_neu_395,PROD_PHONE_356,3,"The package arrived on time, quality is decent.",2026-06-24
rev_neu_641,PROD_PHONE_340,3,It's fine. It does the job.,2026-06-28
rev_pos_656,PROD_CLOTH_157,5,"No quality issues, everything is in perfect condition.",2026-06-03
rev_neu_169,PROD_BEAUTY_359,3,"It's decent, fits the description but nothing exciting.",2026-06-28
rev_pos_1452,PROD_CLOTH_134,4,"Great customer service, they resolved my issue in minutes.",2026-06-02
rev_neu_753,PROD_PHONE_312,3,"It is average. Some days it is fast, some days it is slow.",2026-06-20
rev_pos_1570,PROD_BEAUTY_153,5,"Very easy to use, setup was a breeze. Perfect!",2026-06-06
rev_neg_1887,PROD_CLOTH_270,1,"The sizing is completely wrong, way too small.",2026-06-12
rev_pos_121,PROD_LAPTOP_116,4,"No lag, games run super smooth on it.",2026-06-08
rev_neu_733,PROD_LAPTOP_374,3,"No issues so far, but it feels a bit basic.",2026-06-20
rev_pos_1334,PROD_PHONE_108,5,"Super light, compact, and extremely useful.",2026-06-06
rev_neg_1294,PROD_LAPTOP_261,1,The worst packaging I have ever seen. Damaged box.,2026-06-15
rev_pos_571,PROD_PHONE_172,4,The screen display is incredibly clear and beautiful.,2026-06-06
rev_pos_501,PROD_LAPTOP_188,5,The sound quality is fantastic and clear.,2026-06-02
rev_pos_1530,PROD_PHONE_151,5,Absolutely love this device. Best purchase of the year!,2026-06-05
rev_pos_1687,PROD_PHONE_116,5,Not a single issue so far. Very reliable.,2026-06-01
rev_neu_919,PROD_CLOTH_311,3,"The design is simple, functionality is average.",2026-06-22
rev_neg_1335,PROD_LAPTOP_291,1,"Terrible sound, very tinny and muffled.",2026-06-11
rev_pos_243,PROD_PHONE_110,5,Perfect fit and very comfortable to wear.,2026-06-06
rev_neg_1627,PROD_BEAUTY_233,1,"Fake item, a complete scam. Do not buy!",2026-06-17
rev_neg_1288,PROD_LAPTOP_208,1,Poor packaging and the item was broken inside.,2026-06-14
rev_neu_465,PROD_BEAUTY_329,3,"The design is simple, functionality is average.",2026-06-25
rev_neu_908,PROD_LAPTOP_345,3,"The price is fair, but usability is just okay.",2026-06-21
rev_neg_1461,PROD_PHONE_275,2,"Very cheap plastic, feels like a toy.",2026-06-12
rev_neu_595,PROD_BEAUTY_319,3,Average quality for the price. Not bad but not great.,2026-06-26
rev_neg_149,PROD_PHONE_268,1,Poor packaging and the item was broken inside.,2026-06-10
rev_pos_480,PROD_LAPTOP_193,5,Perfect fit and very comfortable to wear.,2026-06-06
rev_neg_1730,PROD_PHONE_275,2,Late delivery and the package arrived damaged.,2026-06-14
rev_pos_966,PROD_CLOTH_123,5,Highly functional and has zero flaws.,2026-06-09
rev_pos_1138,PROD_LAPTOP_170,4,No problems at all. Solid hardware and easy to setup.,2026-06-05
rev_pos_1130,PROD_BEAUTY_170,4,"No lag, games run super smooth on it.",2026-06-07
rev_neu_677,PROD_PHONE_302,3,"Delivery was a bit slow, but the item arrived safe.",2026-06-28
rev_neg_479,PROD_LAPTOP_266,1,"Terrible sound, very tinny and muffled.",2026-06-19
rev_pos_179,PROD_PHONE_128,5,Great product! The quality is absolutely amazing.,2026-06-02
rev_neg_643,PROD_CLOTH_264,1,Not recommended. The product has major design flaws.,2026-06-11
rev_neg_579,PROD_LAPTOP_297,2,"Extremely slow performance, laggy and unusable.",2026-06-16
rev_pos_197,PROD_BEAUTY_112,4,"Love the packaging, it was wrapped very nicely.",2026-06-02
rev_neg_1275,PROD_LAPTOP_285,1,"Not worth the money, quality is very poor.",2026-06-19
rev_neg_1945,PROD_PHONE_276,1,The setup was extremely hard and frustrating.,2026-06-10
rev_neu_126,PROD_PHONE_370,3,"No issues so far, but it feels a bit basic.",2026-06-27
rev_neu_219,PROD_PHONE_388,3,"The package arrived on time, quality is decent.",2026-06-22
rev_pos_1385,PROD_LAPTOP_198,4,The user interface is so smooth and intuitive. Love it.,2026-06-03
rev_neg_495,PROD_PHONE_277,2,"Extremely slow performance, laggy and unusable.",2026-06-14
rev_pos_1674,PROD_BEAUTY_100,5,"Wow, this is an absolute game changer!",2026-06-07
rev_neg_1397,PROD_PHONE_233,2,"Fake item, a complete scam. Do not buy!",2026-06-14
rev_neu_691,PROD_CLOTH_382,3,"The package arrived on time, quality is decent.",2026-06-20
rev_pos_1681,PROD_CLOTH_108,5,The customer support staff was very helpful and responsive.,2026-06-02
rev_neg_1856,PROD_BEAUTY_275,2,Doesn't work. The software crashes every time I open it.,2026-06-18
rev_neg_1172,PROD_BEAUTY_220,2,"Extremely slow performance, laggy and unusable.",2026-06-12
rev_pos_382,PROD_LAPTOP_127,5,"No complaints here, works exactly as described.",2026-06-06
rev_neg_699,PROD_LAPTOP_282,1,The worst packaging I have ever seen. Damaged box.,2026-06-19
rev_neu_115,PROD_BEAUTY_322,3,The color is slightly different but it works okay.,2026-06-20
rev_pos_1786,PROD_PHONE_106,4,Fast connection and never disconnects.,2026-06-07
rev_neg_695,PROD_PHONE_272,1,The worst packaging I have ever seen. Damaged box.,2026-06-11
rev_neg_1529,PROD_LAPTOP_221,1,"Extremely noisy, sounds like it's going to explode.",2026-06-11
rev_neu_153,PROD_BEAUTY_384,3,"The shipping was ok, product is decent enough.",2026-06-25
rev_neu_162,PROD_BEAUTY_345,3,"It works as expected, nothing more, nothing less.",2026-06-22
rev_neg_1703,PROD_BEAUTY_200,2,Doesn't work. The software crashes every time I open it.,2026-06-11
rev_neu_193,PROD_LAPTOP_345,3,"The quality is passable, nothing to complain about.",2026-06-25
rev_pos_132,PROD_PHONE_135,4,Highly functional and has zero flaws.,2026-06-08
rev_pos_665,PROD_LAPTOP_184,4,The customer support staff was very helpful and responsive.,2026-06-04
rev_neg_303,PROD_CLOTH_208,2,Doesn't work. The software crashes every time I open it.,2026-06-12
rev_neu_707,PROD_BEAUTY_377,3,It is fine. Just an average smartphone.,2026-06-22
rev_neu_863,PROD_PHONE_313,3,"Decent build, but the software is a bit slow.",2026-06-21
rev_neg_1361,PROD_LAPTOP_241,1,"No response from support, and return policy is a lie.",2026-06-10
rev_neg_1445,PROD_BEAUTY_292,2,Worst experience ever. The battery drains in two hours.,2026-06-11
rev_pos_1502,PROD_LAPTOP_147,5,"No lag, games run super smooth on it.",2026-06-08
rev_pos_1499,PROD_BEAUTY_126,4,Not a single issue so far. Very reliable.,2026-06-04
rev_pos_1111,PROD_CLOTH_123,5,Very bright display and the colors are vibrant.,2026-06-07
rev_neu_489,PROD_BEAUTY_317,3,"Okay for basic usage, but not for heavy tasks.",2026-06-24
rev_pos_985,PROD_CLOTH_156,5,"No delay in shipping, super happy with the delivery.",2026-06-06
rev_neg_1858,PROD_BEAUTY_213,1,"Very cheap plastic, feels like a toy.",2026-06-14
rev_neg_1314,PROD_PHONE_229,1,"Terrible sound, very tinny and muffled.",2026-06-10
rev_pos_182,PROD_LAPTOP_149,5,It is an awesome product. I will buy it again.,2026-06-04
rev_pos_1728,PROD_BEAUTY_127,4,Fast connection and never disconnects.,2026-06-05
rev_neg_1604,PROD_BEAUTY_207,2,The worst packaging I have ever seen. Damaged box.,2026-06-15
rev_neg_1957,PROD_CLOTH_256,2,"Cannot recommend this product, it lacks standard features.",2026-06-19
rev_neg_1246,PROD_CLOTH_217,1,"No response from support, and return policy is a lie.",2026-06-11
rev_pos_221,PROD_CLOTH_113,5,"Great customer service, they resolved my issue in minutes.",2026-06-04
rev_pos_1730,PROD_LAPTOP_196,4,Extremely pleased with how fast this works.,2026-06-02
rev_neg_12,PROD_PHONE_218,1,Not recommended. The product has major design flaws.,2026-06-11
rev_neu_171,PROD_BEAUTY_327,3,It's fine. It does the job.,2026-06-21
rev_neg_1480,PROD_BEAUTY_205,1,Doesn't charge at all. Broken charging port.,2026-06-13
rev_neg_187,PROD_LAPTOP_217,2,Very disappointed. It looks nothing like the pictures.,2026-06-19
rev_neg_1638,PROD_LAPTOP_272,2,Very slow shipping and the item is defect.,2026-06-19
rev_neg_31,PROD_CLOTH_291,2,The screen cracked easily without any drop. Fragile.,2026-06-11
rev_pos_1866,PROD_BEAUTY_198,5,The customer support staff was very helpful and responsive.,2026-06-05
rev_pos_299,PROD_CLOTH_102,5,No problems at all. Solid hardware and easy to setup.,2026-06-06
rev_neg_764,PROD_PHONE_207,1,"Not worth the money, quality is very poor.",2026-06-16
rev_pos_272,PROD_PHONE_150,5,Very robust and stands up to daily wear and tear.,2026-06-01
rev_neu_961,PROD_CLOTH_394,3,"Okay for basic usage, but not for heavy tasks.",2026-06-25
rev_neg_1374,PROD_PHONE_211,2,"Poor battery life, won't even last half a day.",2026-06-18
rev_neg_976,PROD_BEAUTY_250,1,Very slow shipping and the item is defect.,2026-06-12
rev_pos_1934,PROD_PHONE_121,4,Absolutely love this device. Best purchase of the year!,2026-06-01
rev_neg_376,PROD_LAPTOP_299,1,"Terrible sound, very tinny and muffled.",2026-06-16
rev_pos_167,PROD_CLOTH_173,4,"No defects, clean packaging, and works like a dream.",2026-06-01
rev_neg_1154,PROD_BEAUTY_215,2,"No response from support, and return policy is a lie.",2026-06-11
rev_neu_604,PROD_PHONE_319,3,"Decent build, but the software is a bit slow.",2026-06-28
rev_neg_1722,PROD_LAPTOP_217,1,"No manual included, and setup is impossible.",2026-06-17
rev_pos_335,PROD_CLOTH_155,4,"No delay in shipping, super happy with the delivery.",2026-06-07
rev_neg_740,PROD_PHONE_231,2,Not recommended. The product has major design flaws.,2026-06-13
rev_neg_523,PROD_LAPTOP_259,2,The setup was extremely hard and frustrating.,2026-06-14
rev_neu_235,PROD_CLOTH_324,3,"It is okay. Not the best, but not the worst.",2026-06-24
rev_pos_90,PROD_LAPTOP_155,5,"Not cheap, but totally worth every single penny.",2026-06-06
rev_pos_901,PROD_LAPTOP_156,4,"No regrets buying this, highly recommended.",2026-06-03
rev_neu_725,PROD_LAPTOP_320,3,"The quality is passable, nothing to complain about.",2026-06-25
rev_pos_1367,PROD_LAPTOP_193,4,Extremely pleased with how fast this works.,2026-06-08
rev_neg_1894,PROD_PHONE_211,1,"Extremely bad design, hard to hold and uncomfortable.",2026-06-12
rev_neg_1709,PROD_PHONE_218,2,"Extremely slow performance, laggy and unusable.",2026-06-19
rev_pos_1221,PROD_BEAUTY_169,5,It is an awesome product. I will buy it again.,2026-06-06
rev_pos_489,PROD_PHONE_167,4,"No quality issues, everything is in perfect condition.",2026-06-03
rev_pos_274,PROD_BEAUTY_190,5,"No defects, clean packaging, and works like a dream.",2026-06-07
rev_neu_679,PROD_PHONE_392,3,"Just an average device, nothing to write home about.",2026-06-23
rev_neu_239,PROD_LAPTOP_324,3,"Average performance, nothing special about it.",2026-06-26
rev_neg_1053,PROD_CLOTH_292,2,Do not recommend this seller. Poor customer support.,2026-06-17
rev_neu_255,PROD_LAPTOP_325,3,"The price is fair, but usability is just okay.",2026-06-22
rev_pos_713,PROD_CLOTH_140,4,"Works like a charm, would buy again without hesitation.",2026-06-02
rev_neg_432,PROD_LAPTOP_246,1,Do not recommend this seller. Poor customer support.,2026-06-18
rev_neg_1012,PROD_PHONE_208,2,This is a scam. It does not work at all.,2026-06-12
rev_pos_550,PROD_CLOTH_185,4,The software is incredibly fast and responsive.,2026-06-08
rev_neu_533,PROD_PHONE_317,3,It is alright for the price point.,2026-06-24
rev_neg_1310,PROD_PHONE_236,1,"Poor battery life, won't even last half a day.",2026-06-15
rev_pos_1915,PROD_PHONE_132,5,"No complaints here, works exactly as described.",2026-06-07
rev_neg_1176,PROD_LAPTOP_237,2,Doesn't work. The software crashes every time I open it.,2026-06-12
rev_pos_1076,PROD_BEAUTY_150,4,"No regrets buying this, highly recommended.",2026-06-04
rev_neg_1828,PROD_PHONE_221,1,Do not recommend this seller. Poor customer support.,2026-06-10
rev_neg_1392,PROD_PHONE_229,1,Poor packaging and the item was broken inside.,2026-06-18
rev_neg_100,PROD_BEAUTY_210,2,Do not recommend this seller. Poor customer support.,2026-06-14
rev_neg_1404,PROD_PHONE_288,1,The customer service was extremely rude and unhelpful.,2026-06-13
rev_neg_878,PROD_BEAUTY_213,2,Late delivery and the package arrived damaged.,2026-06-11
rev_neg_1697,PROD_PHONE_231,2,Never buy this. Waste of time and money.,2026-06-10
rev_neu_441,PROD_LAPTOP_327,3,"Nothing special, just a standard item.",2026-06-24
rev_pos_674,PROD_PHONE_167,4,"Great customer service, they resolved my issue in minutes.",2026-06-06
rev_neg_1073,PROD_BEAUTY_218,1,Terrible product! A complete waste of money.,2026-06-11
rev_neg_1245,PROD_CLOTH_275,1,The screen cracked easily without any drop. Fragile.,2026-06-14
rev_pos_419,PROD_LAPTOP_168,4,Very satisfied with my purchase. It works perfectly.,2026-06-01
rev_neg_1744,PROD_PHONE_230,1,Doesn't work. The software crashes every time I open it.,2026-06-15
rev_pos_1738,PROD_LAPTOP_186,5,"Works like a charm, would buy again without hesitation.",2026-06-06
rev_neg_259,PROD_PHONE_237,2,Worst experience ever. The battery drains in two hours.,2026-06-19
rev_neu_907,PROD_LAPTOP_322,3,"Not bad, it is just okay.",2026-06-20
rev_neu_280,PROD_BEAUTY_380,3,"It works fine, but I expected more from this brand.",2026-06-22
rev_neu_138,PROD_CLOTH_332,3,"Decent packaging, product performs averagely.",2026-06-22
rev_neg_1732,PROD_PHONE_225,1,The screen cracked easily without any drop. Fragile.,2026-06-17
rev_pos_1819,PROD_LAPTOP_161,5,Very robust and stands up to daily wear and tear.,2026-06-01
rev_neg_405,PROD_CLOTH_293,1,"Fake item, a complete scam. Do not buy!",2026-06-11
rev_pos_768,PROD_LAPTOP_108,5,Not a single issue so far. Very reliable.,2026-06-01
rev_neg_1363,PROD_BEAUTY_229,2,Completely useless. Do not waste your hard-earned money.,2026-06-16
rev_neu_3,PROD_BEAUTY_327,3,"Average battery life, average display.",2026-06-28
rev_neg_496,PROD_BEAUTY_250,2,Late delivery and the package arrived damaged.,2026-06-10
rev_pos_408,PROD_CLOTH_161,5,The screen display is incredibly clear and beautiful.,2026-06-06
rev_neg_1500,PROD_BEAUTY_243,1,Poor packaging and the item was broken inside.,2026-06-10
rev_neg_145,PROD_BEAUTY_240,2,The setup was extremely hard and frustrating.,2026-06-17
rev_pos_636,PROD_LAPTOP_181,4,"Great customer service, they resolved my issue in minutes.",2026-06-07
rev_neu_371,PROD_BEAUTY_322,3,"No quality issues, but design is quite boring.",2026-06-26
rev_neg_1907,PROD_CLOTH_262,2,"No manual included, and setup is impossible.",2026-06-10
rev_pos_1805,PROD_LAPTOP_192,4,The screen display is incredibly clear and beautiful.,2026-06-08
rev_neu_764,PROD_LAPTOP_338,3,"The product is okay, does the job but nothing special.",2026-06-27
rev_pos_266,PROD_CLOTH_155,4,The screen display is incredibly clear and beautiful.,2026-06-02
rev_pos_131,PROD_BEAUTY_193,5,"No regrets buying this, highly recommended.",2026-06-05
rev_neu_833,PROD_BEAUTY_337,3,"Some aspects are good, others are quite disappointed.",2026-06-21
rev_neg_631,PROD_LAPTOP_218,1,Never again. This is absolute trash.,2026-06-19
rev_pos_1920,PROD_PHONE_142,5,Extremely pleased with how fast this works.,2026-06-02
rev_neg_281,PROD_BEAUTY_208,2,"No customer support at all, they ignored my emails.",2026-06-17
rev_neg_1201,PROD_BEAUTY_206,1,"Extremely noisy, sounds like it's going to explode.",2026-06-13
rev_pos_748,PROD_BEAUTY_151,5,The user interface is so smooth and intuitive. Love it.,2026-06-07
rev_pos_1428,PROD_BEAUTY_125,5,I can't believe how good this is for the price.,2026-06-05
rev_neg_194,PROD_PHONE_285,1,The device keeps flickering and lags constantly. Terrible!,2026-06-13
rev_neg_1946,PROD_CLOTH_213,2,Completely useless. Do not waste your hard-earned money.,2026-06-10
rev_neg_563,PROD_LAPTOP_265,2,The worst packaging I have ever seen. Damaged box.,2026-06-19
rev_neg_762,PROD_CLOTH_217,2,"Very cheap plastic, feels like a toy.",2026-06-14
rev_neu_103,PROD_PHONE_335,3,"The product is okay, does the job but nothing special.",2026-06-20
rev_pos_1860,PROD_CLOTH_154,4,"No complaints here, works exactly as described.",2026-06-08
rev_neg_776,PROD_LAPTOP_285,2,"Fake item, a complete scam. Do not buy!",2026-06-17
rev_neu_879,PROD_CLOTH_374,3,"Delivery was a bit slow, but the item arrived safe.",2026-06-23
rev_pos_26,PROD_PHONE_180,4,Very robust and stands up to daily wear and tear.,2026-06-05
rev_pos_99,PROD_LAPTOP_115,4,The software is incredibly fast and responsive.,2026-06-08
rev_pos_517,PROD_PHONE_121,4,Perfect fit and very comfortable to wear.,2026-06-07
rev_neg_180,PROD_BEAUTY_238,1,The screen cracked easily without any drop. Fragile.,2026-06-17
rev_neg_1554,PROD_PHONE_287,2,Completely useless. Do not waste your hard-earned money.,2026-06-14
rev_neu_224,PROD_PHONE_331,3,"The package arrived on time, quality is decent.",2026-06-20
rev_pos_1620,PROD_BEAUTY_106,4,Excellent value for money. Very durable material.,2026-06-05
rev_pos_1416,PROD_BEAUTY_156,4,Perfect fit and very comfortable to wear.,2026-06-09
rev_neg_1830,PROD_BEAUTY_244,1,The worst packaging I have ever seen. Damaged box.,2026-06-19
rev_neg_300,PROD_LAPTOP_266,1,Do not recommend this seller. Poor customer support.,2026-06-14
rev_pos_339,PROD_PHONE_141,4,Highly functional and has zero flaws.,2026-06-05
rev_neu_651,PROD_CLOTH_379,3,"Standard product, does exactly what is advertised.",2026-06-22
rev_neu_582,PROD_BEAUTY_302,3,"Average battery life, average display.",2026-06-22
rev_neg_1424,PROD_PHONE_233,1,Doesn't charge at all. Broken charging port.,2026-06-14
rev_pos_1120,PROD_PHONE_124,5,Extremely pleased with how fast this works.,2026-06-05
rev_neg_1100,PROD_BEAUTY_263,1,Horrible experience. The item was missing parts.,2026-06-15
rev_pos_1846,PROD_CLOTH_110,4,The customer support staff was very helpful and responsive.,2026-06-07
rev_neg_1028,PROD_LAPTOP_225,2,"Extremely slow performance, laggy and unusable.",2026-06-19
rev_neu_391,PROD_CLOTH_357,3,"The package arrived on time, quality is decent.",2026-06-23
rev_neg_403,PROD_BEAUTY_237,1,Doesn't charge at all. Broken charging port.,2026-06-11
rev_neg_940,PROD_PHONE_288,2,Very disappointed. It looks nothing like the pictures.,2026-06-14
rev_pos_1355,PROD_BEAUTY_140,4,Perfect fit and very comfortable to wear.,2026-06-03
rev_pos_88,PROD_LAPTOP_153,4,The user interface is so smooth and intuitive. Love it.,2026-06-07
rev_neu_671,PROD_LAPTOP_387,3,"Not bad, it is just okay.",2026-06-27
rev_neg_1675,PROD_CLOTH_273,1,The setup was extremely hard and frustrating.,2026-06-13
rev_neg_93,PROD_CLOTH_243,1,The worst packaging I have ever seen. Damaged box.,2026-06-19
rev_neu_690,PROD_PHONE_307,3,It is fine. Just an average smartphone.,2026-06-28
rev_neg_1184,PROD_PHONE_241,1,"Cannot recommend this product, it lacks standard features.",2026-06-12
rev_neu_104,PROD_CLOTH_319,3,"Delivery was a bit slow, but the item arrived safe.",2026-06-27
rev_pos_1608,PROD_LAPTOP_199,5,"This phone is gr8, battery life is awesome.",2026-06-06
rev_neg_746,PROD_BEAUTY_244,2,Terrible product! A complete waste of money.,2026-06-13
rev_neg_1509,PROD_LAPTOP_261,1,Late delivery and the package arrived damaged.,2026-06-13
rev_neg_829,PROD_LAPTOP_203,1,"Extremely bad design, hard to hold and uncomfortable.",2026-06-17
rev_neg_200,PROD_CLOTH_273,1,The camera quality is awful and blurry.,2026-06-11
rev_pos_1794,PROD_BEAUTY_183,4,"No quality issues, everything is in perfect condition.",2026-06-06
rev_pos_1378,PROD_PHONE_197,4,It is an awesome product. I will buy it again.,2026-06-05
rev_neu_64,PROD_LAPTOP_309,3,"Delivery was a bit slow, but the item arrived safe.",2026-06-21
rev_pos_637,PROD_BEAUTY_184,4,Absolutely love this device. Best purchase of the year!,2026-06-03
rev_neg_189,PROD_BEAUTY_285,2,Not durable. It tore apart after the first wash.,2026-06-11
rev_neg_184,PROD_CLOTH_268,1,"Fake item, a complete scam. Do not buy!",2026-06-10
rev_neg_520,PROD_PHONE_274,1,It has a terrible chemical smell. Returning immediately.,2026-06-16
rev_neg_1647,PROD_BEAUTY_278,2,Doesn't work. The software crashes every time I open it.,2026-06-11
rev_pos_1795,PROD_LAPTOP_158,5,Great product! The quality is absolutely amazing.,2026-06-04
rev_neu_590,PROD_CLOTH_312,3,"Shipping took longer than expected, but product is ok.",2026-06-23
rev_neg_351,PROD_CLOTH_278,1,Not durable. It tore apart after the first wash.,2026-06-18
rev_pos_1381,PROD_PHONE_133,5,"Not bad at all, in fact it is an awsm product.",2026-06-03
rev_pos_337,PROD_CLOTH_110,5,Perfect fit and very comfortable to wear.,2026-06-07
rev_pos_1497,PROD_BEAUTY_115,5,"Super light, compact, and extremely useful.",2026-06-04
rev_neg_455,PROD_CLOTH_294,2,Doesn't work. The software crashes every time I open it.,2026-06-15
rev_pos_1412,PROD_BEAUTY_114,5,No problems at all. Solid hardware and easy to setup.,2026-06-07
rev_pos_1546,PROD_BEAUTY_105,4,"No quality issues, everything is in perfect condition.",2026-06-02
rev_neu_625,PROD_LAPTOP_352,3,"No major complaints, but it could be improved.",2026-06-20
rev_neu_50,PROD_BEAUTY_321,3,"No major complaints, but it could be improved.",2026-06-27
rev_pos_708,PROD_LAPTOP_160,5,"Wow, this is an absolute game changer!",2026-06-05
rev_pos_161,PROD_CLOTH_118,4,"Love the packaging, it was wrapped very nicely.",2026-06-02
rev_neg_1615,PROD_BEAUTY_204,2,It stopped working after just a few days of light usage.,2026-06-18
rev_neu_509,PROD_CLOTH_333,3,"Shipping took longer than expected, but product is ok.",2026-06-25
rev_neu_191,PROD_CLOTH_354,3,"Neither great nor terrible, just in the middle.",2026-06-20
rev_pos_819,PROD_BEAUTY_124,4,"No complaints here, works exactly as described.",2026-06-06
rev_neg_786,PROD_BEAUTY_273,2,"No manual included, and setup is impossible.",2026-06-18
rev_neg_685,PROD_LAPTOP_271,2,Not durable. It tore apart after the first wash.,2026-06-11
rev_neg_1877,PROD_BEAUTY_296,1,Very slow shipping and the item is defect.,2026-06-16
rev_pos_569,PROD_PHONE_199,5,No problems at all. Solid hardware and easy to setup.,2026-06-04
rev_neg_1510,PROD_BEAUTY_276,1,Terrible product! A complete waste of money.,2026-06-16
rev_neg_272,PROD_BEAUTY_247,1,Never again. This is absolute trash.,2026-06-14
rev_pos_368,PROD_PHONE_110,4,"No defects, clean packaging, and works like a dream.",2026-06-01
rev_pos_1475,PROD_BEAUTY_160,5,"Not bad at all, in fact it is an awsm product.",2026-06-04
rev_neg_394,PROD_LAPTOP_205,1,It stopped working after just a few days of light usage.,2026-06-13
rev_neu_951,PROD_LAPTOP_396,3,"Okay for basic usage, but not for heavy tasks.",2026-06-22
rev_neg_56,PROD_CLOTH_211,1,The camera quality is awful and blurry.,2026-06-18
